"","x","y","t","date_time"
"1",667269.468413769,5869012.30805746,1364457010,2013-03-28 03:50:10
"2",663577.664815216,5866646.64915796,1364467075,2013-03-28 06:37:55
"3",663580.923923758,5866653.12835615,1364487208,2013-03-28 12:13:28
"4",667810.884875925,5869004.38976176,1364513476,2013-03-28 19:31:16
"5",667810.749641707,5869014.65120821,1364521040,2013-03-28 21:37:20
"6",667838.354855631,5869018.08410117,1364524691,2013-03-28 22:38:11
"7",667793.726053344,5868989.52901399,1364532115,2013-03-29 00:41:55
"8",667813.152711054,5869011.50580739,1364535807,2013-03-29 01:43:27
"9",667818.329571785,5869010.21624077,1364539450,2013-03-29 02:44:10
"10",667816.905238654,5869016.54681774,1364543129,2013-03-29 03:45:29
"11",667806.450911609,5868991.48623935,1364546765,2013-03-29 04:46:05
"12",667804.846102651,5869000.68327835,1364550398,2013-03-29 05:46:38
"13",667815.842488793,5869002.6360393,1364554054,2013-03-29 06:47:34
"14",667803.236399787,5869000.93901852,1364557672,2013-03-29 07:47:52
"15",663583.824274566,5866643.59571491,1364568668,2013-03-29 10:51:08
"16",663581.164987177,5866643.43874343,1364572288,2013-03-29 11:51:28
"17",663587.546310934,5866650.31329595,1364575891,2013-03-29 12:51:31
"18",663183.759277615,5866315.66694131,1367072106,2013-04-27 10:15:06
"19",663182.287699478,5866330.72604765,1367075713,2013-04-27 11:15:13
"20",663144.904737963,5866360.24747243,1367079339,2013-04-27 12:15:39
"21",663150.315218949,5866368.0015548,1367082969,2013-04-27 13:16:09
"22",663111.276803141,5866375.64455909,1367086736,2013-04-27 14:18:56
"23",663156.408488964,5866388.99482116,1367090482,2013-04-27 15:21:22
"24",663158.975272198,5866322.04365244,1367094099,2013-04-27 16:21:39
"25",663159.877227625,5866321.43951288,1367101521,2013-04-27 18:25:21
"26",663156.360500051,5866323.94822457,1367105148,2013-04-27 19:25:48
"27",663209.334460859,5866275.35832398,1367108763,2013-04-27 20:26:03
"28",663165.249765193,5866362.9506936,1367112517,2013-04-27 21:28:37
"29",663198.569677345,5866506.47071739,1367116174,2013-04-27 22:29:34
"30",663145.90637164,5866389.73083411,1367119774,2013-04-27 23:29:34
"31",663174.917358615,5866294.16872803,1367123403,2013-04-28 00:30:03
"32",663187.684569224,5866314.60835614,1367127067,2013-04-28 01:31:07
"33",663190.451272689,5866312.98728933,1367130670,2013-04-28 02:31:10
"34",663185.388943535,5866326.17690931,1367134277,2013-04-28 03:31:17
"35",663178.869509026,5866317.98445875,1367137914,2013-04-28 04:31:54
"36",663188.239439275,5866305.56402376,1367141516,2013-04-28 05:31:56
"37",663155.8670586,5866323.01854907,1367145127,2013-04-28 06:32:07
"38",663155.889317671,5866329.9223968,1367148754,2013-04-28 07:32:34
"39",663156.468006426,5866320.96794136,1367152389,2013-04-28 08:33:09
"40",663185.051800562,5866292.17332107,1367155127,2013-04-28 09:18:47
"41",663175.710788747,5866324.73065687,1367156481,2013-04-28 09:41:21
"42",663157.990125085,5866306.60085005,1367157943,2013-04-28 10:05:43
"43",663164.827311834,5866297.93596786,1367159287,2013-04-28 10:28:07
"44",663664.097592197,5866308.78826455,1367161222,2013-04-28 11:00:22
"45",663662.724456606,5866305.91665496,1367162242.5,2013-04-28 11:17:22
"46",663658.025318797,5866307.76951081,1367163432,2013-04-28 11:37:12
"47",663168.109693614,5866297.18407868,1367165238,2013-04-28 12:07:18
"48",663172.369704872,5866301.05247184,1367166632,2013-04-28 12:30:32
"49",663156.411770923,5866319.54645187,1367168005.5,2013-04-28 12:53:25
"50",663158.342024482,5866319.37790832,1367169797.5,2013-04-28 13:23:17
"51",663157.537433145,5866321.18224813,1367171141,2013-04-28 13:45:41
"52",663154.940254441,5866315.00411789,1367172487.5,2013-04-28 14:08:07
"53",663127.50508162,5866391.83649832,1367174739,2013-04-28 14:45:39
"54",663122.622589778,5866387.37369434,1367175829,2013-04-28 15:03:49
"55",663121.747579357,5866386.9822582,1367177208.5,2013-04-28 15:26:48
"56",663169.018956016,5866361.83115805,1367179028,2013-04-28 15:57:08
"57",663166.909454371,5866385.30827476,1367180378,2013-04-28 16:19:38
"58",663147.880564315,5866272.03859539,1367183557.5,2013-04-28 17:12:37
"59",663131.848963561,5866271.71366459,1367184901,2013-04-28 17:35:01
"60",663132.467136449,5866262.98322457,1367187669,2013-04-28 18:21:09
"61",663129.512890191,5866270.54912426,1367189017,2013-04-28 18:43:37
"62",663121.44923298,5866267.82145353,1367190382,2013-04-28 19:06:22
"63",663160.349348466,5866372.54951969,1367192188,2013-04-28 19:36:28
"64",663156.986730736,5866356.87044365,1367193583.5,2013-04-28 19:59:43
"65",663158.556872134,5866321.18331834,1367195393,2013-04-28 20:29:53
"66",663160.092429645,5866316.26946857,1367196738,2013-04-28 20:52:18
"67",663160.258255849,5866310.6690947,1367198096,2013-04-28 21:14:56
"68",663157.505347798,5866315.56404797,1367199891,2013-04-28 21:44:51
"69",663159.875209944,5866320.50418659,1367201239,2013-04-28 22:07:19
"70",663157.90782137,5866321.37291716,1367202607,2013-04-28 22:30:07
"71",663157.740458666,5866323.23777391,1367204409,2013-04-28 23:00:09
"72",663156.308603359,5866325.48296505,1367205760,2013-04-28 23:22:40
"73",663160.139904339,5866316.0595275,1367207112.5,2013-04-28 23:45:12
"74",663160.180322289,5866310.98377904,1367208913.5,2013-04-29 00:15:13
"75",663154.898575253,5866312.85383855,1367210292,2013-04-29 00:38:12
"76",663159.045448432,5866322.15736582,1367211633.5,2013-04-29 01:00:33
"77",663159.268485098,5866320.93459803,1367213433,2013-04-29 01:30:33
"78",663159.64056552,5866321.07522129,1367214783,2013-04-29 01:53:03
"79",663157.578202085,5866323.26012228,1367216165,2013-04-29 02:16:05
"80",663158.006954618,5866320.63028971,1367217973,2013-04-29 02:46:13
"81",663157.866787785,5866321.19338522,1367219327,2013-04-29 03:08:47
"82",663142.27268169,5866397.5910665,1367222478.5,2013-04-29 04:01:18
"83",663123.595441655,5866399.79875116,1367223822,2013-04-29 04:23:42
"84",663113.220094919,5866404.74777937,1367224726,2013-04-29 04:38:46
"85",663156.426113312,5866325.19188697,1367226974,2013-04-29 05:16:14
"86",663158.665377747,5866321.85502893,1367228334,2013-04-29 05:38:54
"87",663103.273018612,5866418.12862515,1367230141,2013-04-29 06:09:01
"88",663155.370094164,5866321.19803257,1367231933,2013-04-29 06:38:53
"89",663153.426679397,5866321.7558229,1367232829,2013-04-29 06:53:49
"90",663158.431801692,5866319.50898606,1367234181,2013-04-29 07:16:21
"91",663156.112236967,5866320.54395229,1367235986,2013-04-29 07:46:26
"92",663157.055321135,5866319.71852245,1367237372,2013-04-29 08:09:32
"93",663157.639484694,5866319.15930657,1367238717,2013-04-29 08:31:57
"94",663186.48051306,5866304.44680493,1367240523.5,2013-04-29 09:02:03
"95",663183.565614134,5866316.61791794,1367241868,2013-04-29 09:24:28
"96",663155.097117762,5866313.35044918,1367243267,2013-04-29 09:47:47
"97",663093.653230376,5866389.67891079,1367245987.5,2013-04-29 10:33:07
"98",663085.995288088,5866384.40975256,1367247343,2013-04-29 10:55:43
"99",663152.005291027,5866390.05953618,1367251963,2013-04-29 12:12:43
"100",663131.190029077,5866403.45696431,1367256954,2013-04-29 13:35:54
"101",663124.593204655,5866393.37475159,1367258347,2013-04-29 13:59:07
"102",663127.136513557,5866382.23764429,1367259263,2013-04-29 14:14:23
"103",663156.716360581,5866377.30337108,1367261078,2013-04-29 14:44:38
"104",663154.220674828,5866372.40351428,1367262474.5,2013-04-29 15:07:54
"105",663141.63647611,5866385.36109933,1367264345,2013-04-29 15:39:05
"106",663140.427967782,5866405.67879551,1367265764,2013-04-29 16:02:44
"107",663167.668662383,5866371.1157987,1367267113,2013-04-29 16:25:13
"108",663159.044652219,5866374.01962792,1367268904.5,2013-04-29 16:55:04
"109",663166.650521237,5866368.88796301,1367270411,2013-04-29 17:20:11
"110",663165.698025817,5866364.61925531,1367271785,2013-04-29 17:43:05
"111",663165.333723388,5866369.42240207,1367273129,2013-04-29 18:05:29
"112",663164.954466569,5866367.30524581,1367276287.5,2013-04-29 18:58:07
"113",663168.508740574,5866362.29265533,1367277640,2013-04-29 19:20:40
"114",663162.25576808,5866373.58264782,1367278982.5,2013-04-29 19:43:02
"115",663164.514010963,5866369.68416719,1367280788.5,2013-04-29 20:13:08
"116",663156.286261057,5866358.18283994,1367282137,2013-04-29 20:35:37
"117",663157.641135836,5866356.92040734,1367283505,2013-04-29 20:58:25
"118",663157.604464577,5866370.54164761,1367285318,2013-04-29 21:28:38
"119",663158.992699968,5866382.02323546,1367286674,2013-04-29 21:51:14
"120",663172.546847403,5866375.60633928,1367288022.5,2013-04-29 22:13:42
"121",663168.518597882,5866326.68081617,1367289814,2013-04-29 22:43:34
"122",663159.46603878,5866321.65942293,1367291190,2013-04-29 23:06:30
"123",663160.904270206,5866324.00166669,1367292591.5,2013-04-29 23:29:51
"124",663172.350976818,5866341.60196182,1367294094,2013-04-29 23:54:54
"125",663173.261803733,5866316.65916728,1367295478.5,2013-04-30 00:17:58
"126",663146.1912164,5866407.37676061,1367298629,2013-04-30 01:10:29
"127",663139.516254524,5866404.9799271,1367299525,2013-04-30 01:25:25
"128",663167.172681433,5866312.456118,1367301765.5,2013-04-30 02:02:45
"129",663156.813484193,5866320.70127297,1367303110,2013-04-30 02:25:10
"130",663156.96452797,5866321.50803022,1367304552,2013-04-30 02:49:12
"131",663156.624572144,5866322.10890605,1367306436.5,2013-04-30 03:20:36
"132",663156.022115343,5866325.79616428,1367307780,2013-04-30 03:43:00
"133",663155.590452244,5866319.45744207,1367308676,2013-04-30 03:57:56
"134",663158.330991209,5866322.58970127,1367312579,2013-04-30 05:02:59
"135",663158.993574438,5866323.59190091,1367313972,2013-04-30 05:26:12
"136",663159.048403379,5866323.86097139,1367315317,2013-04-30 05:48:37
"137",663158.114363168,5866325.9114494,1367316677,2013-04-30 06:11:17
"138",663157.151367414,5866328.81826815,1367318023,2013-04-30 06:33:43
"139",663158.487048262,5866321.51749416,1367319666,2013-04-30 07:01:06
"140",663173.749211339,5866351.7923462,1367320882,2013-04-30 07:21:22
"141",663186.164450374,5866341.84644704,1367322978,2013-04-30 07:56:18
"142",663182.04947281,5866333.16199885,1367324163,2013-04-30 08:16:03
"143",663186.601099802,5866338.2871919,1367325060,2013-04-30 08:31:00
"144",663158.787713553,5866318.38903691,1367327247.5,2013-04-30 09:07:27
"145",663089.727563156,5866384.48023882,1367329345,2013-04-30 09:42:25
"146",663158.607524753,5866319.38688621,1367330785,2013-04-30 10:06:25
"147",663158.308840603,5866318.46549859,1367331648.5,2013-04-30 10:20:48
"148",663175.269153929,5866326.54723956,1367337983,2013-04-30 12:06:23
"149",663160.076688421,5866321.21244323,1367339313,2013-04-30 12:28:33
"150",663159.747172653,5866321.59807076,1367340705,2013-04-30 12:51:45
"151",663140.974367,5866370.23854647,1367342335.5,2013-04-30 13:18:55
"152",663114.225658033,5866379.08335908,1367343919,2013-04-30 13:45:19
"153",663094.404500446,5866384.07605956,1367345216.5,2013-04-30 14:06:56
"154",663150.992841484,5866381.99210432,1367346972,2013-04-30 14:36:12
"155",663132.236213172,5866399.70230178,1367348288,2013-04-30 14:58:08
"156",663136.54459799,5866385.11324749,1367349873.5,2013-04-30 15:24:33
"157",663142.460591092,5866382.97844426,1367350912,2013-04-30 15:41:52
"158",663110.155041859,5866419.08487715,1367352725,2013-04-30 16:12:05
"159",663147.846760755,5866409.33242967,1367354215,2013-04-30 16:36:55
"160",663469.795716132,5866836.48090335,1367355994,2013-04-30 17:06:34
"161",663471.640988427,5866836.11587337,1367357038,2013-04-30 17:23:58
"162",663871.330329686,5867354.35725276,1367358702,2013-04-30 17:51:42
"163",663886.499495554,5867431.04133135,1367359998.5,2013-04-30 18:13:18
"164",663890.620478646,5867486.18392761,1367361885,2013-04-30 18:44:45
"165",663860.014791903,5867398.5215271,1367363402,2013-04-30 19:10:02
"166",663850.928080043,5867391.98244619,1367364885.5,2013-04-30 19:34:45
"167",663817.475888761,5867555.10791687,1367367486,2013-04-30 20:18:06
"168",663851.632664177,5867392.39623805,1367369692,2013-04-30 20:54:52
"169",663873.32956773,5867410.66369326,1367370860.5,2013-04-30 21:14:20
"170",663889.236930304,5867404.93565052,1367372380,2013-04-30 21:39:40
"171",663898.630906206,5867398.14570553,1367373686,2013-04-30 22:01:26
"172",663870.116366946,5867426.92169789,1367375163.5,2013-04-30 22:26:03
"173",663159.023731692,5866322.40157989,1367377387,2013-04-30 23:03:07
"174",663158.694472541,5866321.58019415,1367378281,2013-04-30 23:18:01
"175",663154.888167415,5866319.81402142,1367379756,2013-04-30 23:42:36
"176",663154.123659345,5866317.86021423,1367380798.5,2013-04-30 23:59:58
"177",663768.81028992,5866096.09479687,1367385398,2013-05-01 01:16:38
"178",663281.902530643,5866234.60785658,1367387321,2013-05-01 01:48:41
"179",663239.415510853,5866257.60563808,1367388650,2013-05-01 02:10:50
"180",663221.387028957,5866254.74669715,1367390234.5,2013-05-01 02:37:14
"181",663153.142312691,5866319.41919636,1367392138,2013-05-01 03:08:58
"182",663157.356195276,5866318.58189194,1367393290,2013-05-01 03:28:10
"183",663157.115719601,5866320.30952705,1367394745,2013-05-01 03:52:25
"184",663160.847055086,5866321.21622545,1367396185,2013-05-01 04:16:25
"185",663158.604287747,5866324.35811869,1367397770.5,2013-05-01 04:42:50
"186",663159.064198281,5866323.39387647,1367399353,2013-05-01 05:09:13
"187",663158.66376172,5866321.03584217,1367400665,2013-05-01 05:31:05
"188",663187.745476291,5866342.02771333,1367402318,2013-05-01 05:58:38
"189",663157.224106364,5866321.29412731,1367403768,2013-05-01 06:22:48
"190",663157.412160908,5866323.49388914,1367404936,2013-05-01 06:42:16
"191",663152.177396112,5866321.10400004,1367406952,2013-05-01 07:15:52
"192",663148.957713687,5866321.54416776,1367408248,2013-05-01 07:37:28
"193",663157.046957416,5866317.67106539,1367409716,2013-05-01 08:01:56
"194",663157.955915431,5866318.86877307,1367410872,2013-05-01 08:21:12
"195",663159.122613842,5866319.16267348,1367415799,2013-05-01 09:43:19
"196",663159.215422911,5866319.09165096,1367417268.5,2013-05-01 10:07:48
"197",663159.833812012,5866317.1514453,1367418886,2013-05-01 10:34:46
"198",663160.586241115,5866317.64719487,1367420326,2013-05-01 10:58:46
"199",663123.933416301,5866356.16481352,1367421767,2013-05-01 11:22:47
"200",663101.239311269,5866388.64233006,1367423351,2013-05-01 11:49:11
"201",663102.069810704,5866393.29807373,1367424677,2013-05-01 12:11:17
"202",663153.107637445,5866369.2453707,1367426162,2013-05-01 12:36:02
"203",663129.647839216,5866381.79925187,1367427622,2013-05-01 13:00:22
"204",663146.353952877,5866354.00575103,1367429349,2013-05-01 13:29:09
"205",663136.69740244,5866359.61632946,1367430805,2013-05-01 13:53:25
"206",663139.909607137,5866364.02896034,1367432147.5,2013-05-01 14:15:47
"207",663137.466136449,5866396.15730252,1367433906.5,2013-05-01 14:45:06
"208",663134.052361852,5866400.59765842,1367435091.5,2013-05-01 15:04:51
"209",663154.860858661,5866391.38083931,1367437316,2013-05-01 15:41:56
"210",663132.755507875,5866406.18152133,1367438340.5,2013-05-01 15:59:00
"211",663110.509735646,5866397.04050644,1367439364,2013-05-01 16:16:04
"212",663167.801482238,5866362.51425541,1367441091,2013-05-01 16:44:51
"213",663459.857506925,5866780.15041923,1367442838,2013-05-01 17:13:58
"214",663457.734983056,5866781.71260821,1367444307,2013-05-01 17:38:27
"215",663890.578029656,5867391.99881578,1367446067,2013-05-01 18:07:47
"216",663889.789005601,5867391.83528018,1367447278.5,2013-05-01 18:27:58
"217",663892.163870067,5867383.14539129,1367448915,2013-05-01 18:55:15
"218",663886.533345532,5867383.52191711,1367450179,2013-05-01 19:16:19
"219",663851.239029168,5867394.13176418,1367451922,2013-05-01 19:45:22
"220",663871.551032157,5867386.62264657,1367453397,2013-05-01 20:09:57
"221",663892.660084711,5867383.92735062,1367454865,2013-05-01 20:34:25
"222",663903.436061419,5867379.33621835,1367456337,2013-05-01 20:58:57
"223",663903.730703513,5867375.11565486,1367457822,2013-05-01 21:23:42
"224",663908.674817039,5867360.74784827,1367458706,2013-05-01 21:38:26
"225",663891.210060626,5867393.00009534,1367460209,2013-05-01 22:03:29
"226",663886.475129366,5867405.36946245,1367462575,2013-05-01 22:42:55
"227",663886.879290179,5867407.44054807,1367463608,2013-05-01 23:00:08
"228",663897.890923505,5867393.19370459,1367465234,2013-05-01 23:27:14
"229",663897.523358237,5867393.78603409,1367466545.5,2013-05-01 23:49:05
"230",663182.111906637,5866368.03917187,1367468305.5,2013-05-02 00:18:25
"231",663180.883337679,5866356.54276353,1367469600,2013-05-02 00:40:00
"232",663157.807088644,5866322.25137895,1367471504.5,2013-05-02 01:11:44
"233",663158.305895515,5866321.34184192,1367472879,2013-05-02 01:34:39
"234",663158.210851328,5866320.88039759,1367474335,2013-05-02 01:58:55
"235",663159.692367723,5866319.98237837,1367475824,2013-05-02 02:23:44
"236",663160.129535351,5866321.07772149,1367477281,2013-05-02 02:48:01
"237",663159.683903223,5866320.06321417,1367478911,2013-05-02 03:15:11
"238",663158.813606231,5866321.09675028,1367480207,2013-05-02 03:36:47
"239",663160.14180847,5866322.17217139,1367481647,2013-05-02 04:00:47
"240",663157.625743131,5866362.74854894,1367483375,2013-05-02 04:29:35
"241",663140.298462201,5866364.13337459,1367484543,2013-05-02 04:49:03
"242",663190.788400465,5866351.37822128,1367486126,2013-05-02 05:15:26
"243",663169.157661449,5866307.48508898,1367487566,2013-05-02 05:39:26
"244",663158.807885233,5866324.00871458,1367489342,2013-05-02 06:09:02
"245",663158.440971702,5866322.08936975,1367490525,2013-05-02 06:28:45
"246",663160.883802091,5866323.15089441,1367492389,2013-05-02 06:59:49
"247",663159.356906146,5866319.50552588,1367494360,2013-05-02 07:32:40
"248",663161.377535914,5866321.84653534,1367495134,2013-05-02 07:45:34
"249",663158.760607264,5866320.29639163,1367496653,2013-05-02 08:10:53
"250",663156.151559102,5866320.44151328,1367497950.5,2013-05-02 08:32:30
"251",663132.416005062,5866352.86644756,1367499532,2013-05-02 08:58:52
"252",663154.985044662,5866344.58874542,1367501293.5,2013-05-02 09:28:13
"253",663122.962284437,5866357.22311538,1367502211,2013-05-02 09:43:31
"254",663101.449070133,5866300.49173399,1367504878,2013-05-02 10:27:58
"255",663088.534994007,5866298.45828001,1367505612,2013-05-02 10:40:12
"256",663160.785809231,5866321.23642244,1367507212,2013-05-02 11:06:52
"257",663159.740633287,5866321.98526045,1367508524.5,2013-05-02 11:28:44
"258",663167.133297142,5866356.50098748,1367510174,2013-05-02 11:56:14
"259",663127.75818981,5866389.72402495,1367511644,2013-05-02 12:20:44
"260",663158.128222735,5866317.9602667,1367513275,2013-05-02 12:47:55
"261",663158.867160927,5866322.10425935,1367514443,2013-05-02 13:07:23
"262",663158.89513602,5866320.75130789,1367516035,2013-05-02 13:33:55
"263",663152.693725274,5866366.37702722,1367517770.5,2013-05-02 14:02:50
"264",663145.242614198,5866379.50962423,1367519355,2013-05-02 14:29:15
"265",663154.02189437,5866318.68069089,1367520909,2013-05-02 14:55:09
"266",663169.355350079,5866344.31072039,1367522396,2013-05-02 15:19:56
"267",663148.609019181,5866360.43447351,1367523882,2013-05-02 15:44:42
"268",663155.059420135,5866362.33781995,1367525402,2013-05-02 16:10:02
"269",663154.961002943,5866358.1714286,1367527162,2013-05-02 16:39:22
"270",663863.60213871,5867350.7665324,1367528476,2013-05-02 17:01:16
"271",663896.372074778,5867380.67186061,1367530124,2013-05-02 17:28:44
"272",663901.559833013,5867374.56033159,1367531248.5,2013-05-02 17:47:28
"273",663901.482494887,5867382.34811479,1367532664,2013-05-02 18:11:04
"274",663907.226875733,5867368.98393465,1367534265,2013-05-02 18:37:45
"275",663906.384556111,5867359.34506123,1367535821,2013-05-02 19:03:41
"276",663904.815039758,5867357.88668817,1367537352,2013-05-02 19:29:12
"277",663907.965941272,5867367.74940047,1367538832,2013-05-02 19:53:52
"278",663903.591454873,5867337.7946639,1367540319,2013-05-02 20:18:39
"279",663894.243614925,5867324.11606408,1367541512,2013-05-02 20:38:32
"280",663850.683329683,5867262.92938814,1367542998,2013-05-02 21:03:18
"281",663903.990640964,5867254.66963342,1367544490,2013-05-02 21:28:10
"282",663869.02820089,5867237.25375216,1367546580.5,2013-05-02 22:03:00
"283",663889.12255863,5867215.7349895,1367547775,2013-05-02 22:22:55
"284",663133.886606631,5866406.79371107,1367549551,2013-05-02 22:52:31
"285",663100.515780414,5866393.29563172,1367550735.5,2013-05-02 23:12:15
"286",663096.966280773,5866380.95049023,1367552345,2013-05-02 23:39:05
"287",663103.656796147,5866367.76016198,1367553837.5,2013-05-03 00:03:57
"288",663106.173483277,5866353.62709436,1367554742,2013-05-03 00:19:02
"289",663152.677206028,5866323.42285533,1367558623.5,2013-05-03 01:23:43
"290",663158.015170889,5866323.77036301,1367559807,2013-05-03 01:43:27
"291",663157.495027882,5866322.17104118,1367561319,2013-05-03 02:08:39
"292",663157.744510419,5866320.33193082,1367562811.5,2013-05-03 02:33:31
"293",663159.146181335,5866319.8924353,1367564389,2013-05-03 02:59:49
"294",663159.026960622,5866319.8185954,1367565925,2013-05-03 03:25:25
"295",663157.89579514,5866319.34055112,1367567165,2013-05-03 03:46:05
"296",663162.159386552,5866323.54051251,1367568646,2013-05-03 04:10:46
"297",663159.158209848,5866322.20571485,1367569832,2013-05-03 04:30:32
"298",663162.836016677,5866309.7597679,1367571615,2013-05-03 05:00:15
"299",663154.573447985,5866324.16058105,1367573126.5,2013-05-03 05:25:26
"300",663158.489113895,5866323.78169519,1367574662,2013-05-03 05:51:02
"301",663155.250318826,5866324.74016919,1367576149.5,2013-05-03 06:15:49
"302",663159.834319632,5866319.72342214,1367577796,2013-05-03 06:43:16
"303",663159.997638898,5866318.37616087,1367579275,2013-05-03 07:07:55
"304",663158.01885098,5866319.28347503,1367580756,2013-05-03 07:32:36
"305",663248.461310001,5866396.43598538,1367582744.5,2013-05-03 08:05:44
"306",663165.814023288,5866312.00677522,1367583707.5,2013-05-03 08:21:47
"307",663158.629781548,5866319.36328778,1367585294.5,2013-05-03 08:48:14
"308",663158.34938163,5866318.17202612,1367586705,2013-05-03 09:11:45
"309",663117.025564307,5866363.55046063,1367588201,2013-05-03 09:36:41
"310",663124.783336674,5866350.33579068,1367589794.5,2013-05-03 10:03:14
"311",663190.002386472,5866301.1181781,1367590965.5,2013-05-03 10:22:45
"312",663160.724457215,5866328.72198047,1367592386,2013-05-03 10:46:26
"313",663158.392623962,5866319.37405232,1367594673,2013-05-03 11:24:33
"314",663158.60894179,5866317.98928061,1367595859,2013-05-03 11:44:19
"315",663158.20531639,5866318.74421315,1367597046,2013-05-03 12:04:06
"316",663157.087890848,5866320.94436646,1367598259,2013-05-03 12:24:19
"317",663151.635448047,5866349.85320318,1367600461,2013-05-03 13:01:01
"318",663139.815318724,5866352.74920122,1367601452,2013-05-03 13:17:32
"319",663163.252433624,5866349.38317056,1367603108,2013-05-03 13:45:08
"320",663121.806388827,5866374.09661471,1367605184,2013-05-03 14:19:44
"321",663126.743763549,5866364.1983846,1367606094,2013-05-03 14:34:54
"322",663174.879986845,5866362.32997519,1367607630,2013-05-03 15:00:30
"323",663131.902719333,5866384.16909794,1367609633,2013-05-03 15:33:53
"324",663155.343920021,5866370.43186716,1367610697.5,2013-05-03 15:51:37
"325",663158.225369436,5866323.92221263,1367612519.5,2013-05-03 16:21:59
"326",663159.337237281,5866318.40393254,1367613792.5,2013-05-03 16:43:12
"327",663157.674268132,5866318.92666824,1367615280,2013-05-03 17:08:00
"328",663157.136146141,5866319.019812,1367616759.5,2013-05-03 17:32:39
"329",663154.237545305,5866319.46736461,1367618258,2013-05-03 17:57:38
"330",663153.711358421,5866321.19761384,1367619743,2013-05-03 18:22:23
"331",663155.258650916,5866320.31467629,1367621234,2013-05-03 18:47:14
"332",663158.446331792,5866318.08432281,1367622710,2013-05-03 19:11:50
"333",663158.648471141,5866317.57899184,1367624190,2013-05-03 19:36:30
"334",663163.000400364,5866314.9482238,1367625686.5,2013-05-03 20:01:26
"335",663153.424901608,5866318.46602347,1367627214,2013-05-03 20:26:54
"336",663147.007155932,5866321.15463393,1367628698.5,2013-05-03 20:51:38
"337",663142.143311283,5866322.10914577,1367630215,2013-05-03 21:16:55
"338",663163.743745332,5866317.04428122,1367631733.5,2013-05-03 21:42:13
"339",663161.859242182,5866318.74529761,1367633214,2013-05-03 22:06:54
"340",663163.369243979,5866316.87574034,1367634693,2013-05-03 22:31:33
"341",663170.680825657,5866314.57886946,1367636185,2013-05-03 22:56:25
"342",663168.523084805,5866316.59909743,1367637718.5,2013-05-03 23:21:58
"343",663161.189823855,5866316.7239143,1367639255,2013-05-03 23:47:35
"344",663109.537029522,5866383.91399162,1367641036,2013-05-04 00:17:16
"345",663106.986493525,5866359.8339584,1367642027,2013-05-04 00:33:47
"346",663104.827316405,5866368.36756489,1367643277,2013-05-04 00:54:37
"347",663157.363177094,5866325.34048081,1367660571,2013-05-04 05:42:51
"348",663153.505554262,5866320.61725253,1367663262,2013-05-04 06:27:42
"349",663158.130288425,5866321.7589967,1367664267,2013-05-04 06:44:27
"350",663125.073837148,5866365.82316366,1367665882,2013-05-04 07:11:22
"351",663167.516479493,5866326.06796109,1367667906.5,2013-05-04 07:45:06
"352",663154.540213259,5866324.14832234,1367669187.5,2013-05-04 08:06:27
"353",663150.515777584,5866328.43801491,1367670735,2013-05-04 08:32:15
"354",663151.927075321,5866323.91522253,1367672284.5,2013-05-04 08:58:04
"355",663158.827343683,5866317.56277267,1367673617,2013-05-04 09:20:17
"356",663159.064770914,5866320.81040337,1367675130,2013-05-04 09:45:30
"357",663128.12906378,5866362.93140579,1367676866,2013-05-04 10:14:26
"358",663148.303684595,5866370.50292899,1367678465,2013-05-04 10:41:05
"359",663139.312850698,5866356.38518159,1367679545,2013-05-04 10:59:05
"360",663154.768011491,5866357.1127376,1367681231.5,2013-05-04 11:27:11
"361",663130.945380522,5866362.92641786,1367682841,2013-05-04 11:54:01
"362",663154.709088029,5866353.28627621,1367683998,2013-05-04 12:13:18
"363",663098.695219795,5866370.61414202,1367685791.5,2013-05-04 12:43:11
"364",663101.10277181,5866370.29996651,1367687089,2013-05-04 13:04:49
"365",663156.873394997,5866383.04370028,1367688556,2013-05-04 13:29:16
"366",663128.787364931,5866385.70138479,1367690135,2013-05-04 13:55:35
"367",663118.359196253,5866384.60192947,1367691704,2013-05-04 14:21:44
"368",663074.390825133,5866429.30701631,1367693416.5,2013-05-04 14:50:16
"369",663075.5132014,5866429.4488458,1367694904,2013-05-04 15:15:04
"370",663075.165040918,5866428.34547119,1367696333.5,2013-05-04 15:38:53
"371",663076.981657984,5866428.63308706,1367697718,2013-05-04 16:01:58
"372",663148.073073743,5866396.99667772,1367699142.5,2013-05-04 16:25:42
"373",663951.352489091,5867368.77858707,1367700520,2013-05-04 16:48:40
"374",663844.792159254,5867351.45344532,1367702258,2013-05-04 17:17:38
"375",663839.229013448,5867352.65436765,1367703659,2013-05-04 17:40:59
"376",663856.824882367,5867321.09266267,1367705412,2013-05-04 18:10:12
"377",663860.393585979,5867320.41072693,1367706188,2013-05-04 18:23:08
"378",663826.682926598,5867256.54153873,1367708532,2013-05-04 19:02:12
"379",663839.571344746,5867253.83947191,1367709463,2013-05-04 19:17:43
"380",663861.350851933,5867272.42730464,1367714117,2013-05-04 20:35:17
"381",663869.370602156,5867234.79916964,1367715395,2013-05-04 20:56:35
"382",663863.878323378,5867248.32260146,1367717163,2013-05-04 21:26:03
"383",663863.584136958,5867244.71238294,1367718851,2013-05-04 21:54:11
"384",663876.887592012,5867216.52735127,1367720130,2013-05-04 22:15:30
"385",663870.199628312,5867215.74343401,1367721667,2013-05-04 22:41:07
"386",663134.071988363,5866406.08739596,1367723755.5,2013-05-04 23:15:55
"387",663141.527924726,5866391.40786842,1367724732.5,2013-05-04 23:32:12
"388",663140.870796541,5866390.25349541,1367726138,2013-05-04 23:55:38
"389",663156.921032173,5866370.95277141,1367727363.5,2013-05-05 00:16:03
"390",663151.048312447,5866325.1269499,1367729161.5,2013-05-05 00:46:01
"391",663159.058330028,5866321.37841958,1367730642,2013-05-05 01:10:42
"392",663159.054408089,5866320.59890529,1367732178,2013-05-05 01:36:18
"393",663158.252970828,5866320.41424344,1367733788,2013-05-05 02:03:08
"394",663157.654972243,5866319.19879935,1367735409,2013-05-05 02:30:09
"395",663157.6991097,5866318.88853917,1367736760.5,2013-05-05 02:52:40
"396",663158.488422998,5866317.73502317,1367738113,2013-05-05 03:15:13
"397",663158.915536245,5866321.17891791,1367739616,2013-05-05 03:40:16
"398",663157.634055823,5866326.2848986,1367741408,2013-05-05 04:10:08
"399",663156.151906566,5866320.96281963,1367742914,2013-05-05 04:35:14
"400",663154.847411376,5866321.53108049,1367744137.5,2013-05-05 04:55:37
"401",663161.873636778,5866322.22310532,1367745698,2013-05-05 05:21:38
"402",663158.055223314,5866321.78986047,1367747194,2013-05-05 05:46:34
"403",663158.005826388,5866321.39129588,1367748767,2013-05-05 06:12:47
"404",663157.776497388,5866320.08249664,1367750247,2013-05-05 06:37:27
"405",663157.973405096,5866319.53320755,1367751728,2013-05-05 07:02:08
"406",663157.635165048,5866317.69503629,1367753207.5,2013-05-05 07:26:47
"407",663107.28480346,5866356.78218749,1367755009,2013-05-05 07:56:49
"408",663156.477060519,5866319.00865926,1367756620.5,2013-05-05 08:23:40
"409",663158.31220137,5866319.16535338,1367757814,2013-05-05 08:43:34
"410",663158.210862045,5866318.97821519,1367759295,2013-05-05 09:08:15
"411",663158.809143864,5866320.28999299,1367760774,2013-05-05 09:32:54
"412",663158.795820113,5866319.7885113,1367762254,2013-05-05 09:57:34
"413",663158.520820028,5866321.2544704,1367763782,2013-05-05 10:23:02
"414",663158.083174224,5866319.66977396,1367765022.5,2013-05-05 10:43:42
"415",663077.743590293,5866377.49497281,1367766254,2013-05-05 11:04:14
"416",663158.978249796,5866319.34476377,1367768190,2013-05-05 11:36:30
"417",663128.699134002,5866358.70861718,1367770414,2013-05-05 12:13:34
"418",663179.09456803,5866335.40568847,1367771628,2013-05-05 12:33:48
"419",663157.968405123,5866321.5134663,1367774125,2013-05-05 13:15:25
"420",663157.773459875,5866321.86383793,1367775606,2013-05-05 13:40:06
"421",663159.021814908,5866320.88528788,1367777107,2013-05-05 14:05:07
"422",663158.873371654,5866321.07711354,1367778629,2013-05-05 14:30:29
"423",663157.815956172,5866369.18805871,1367780700,2013-05-05 15:05:00
"424",663160.42354553,5866377.48332959,1367781764,2013-05-05 15:22:44
"425",663155.080516441,5866367.56671809,1367783164,2013-05-05 15:46:04
"426",663148.347091695,5866372.07686224,1367784444,2013-05-05 16:07:24
"427",663152.606368777,5866374.87078312,1367785707,2013-05-05 16:28:27
"428",663865.111386033,5867223.98065774,1367788074,2013-05-05 17:07:54
"429",663859.635992026,5867281.91099883,1367789340,2013-05-05 17:29:00
"430",663866.410109694,5867272.87587485,1367790515,2013-05-05 17:48:35
"431",663879.769151688,5867321.82053467,1367792523,2013-05-05 18:22:03
"432",663869.599326551,5867294.02428041,1367793860,2013-05-05 18:44:20
"433",663862.109397452,5867281.33513625,1367795298,2013-05-05 19:08:18
"434",663868.197932694,5867246.34439445,1367796987,2013-05-05 19:36:27
"435",663877.423267108,5867241.75322472,1367797986,2013-05-05 19:53:06
"436",663871.263704865,5867239.87384221,1367799849,2013-05-05 20:24:09
"437",663871.183901021,5867218.90737868,1367801330,2013-05-05 20:48:50
"438",663870.436910842,5867223.61219116,1367802713,2013-05-05 21:11:53
"439",663866.430606989,5867262.3230697,1367804250,2013-05-05 21:37:30
"440",663868.793578235,5867218.62789399,1367806009,2013-05-05 22:06:49
"441",663864.141973321,5867219.87438843,1367807296,2013-05-05 22:28:16
"442",663871.966104356,5867208.90028484,1367808711,2013-05-05 22:51:51
"443",663858.137929486,5867233.75383692,1367810313,2013-05-05 23:18:33
"444",663862.474288935,5867226.18645768,1367811759.5,2013-05-05 23:42:39
"445",663141.006543738,5866402.44038665,1367813624,2013-05-06 00:13:44
"446",663145.191061282,5866381.43407976,1367814775.5,2013-05-06 00:32:55
"447",663152.525470937,5866340.54742075,1367816264.5,2013-05-06 00:57:44
"448",663159.744910351,5866321.96947171,1367817831,2013-05-06 01:23:51
"449",663158.423874366,5866321.4349036,1367819311,2013-05-06 01:48:31
"450",663157.324643333,5866323.45170836,1367820791,2013-05-06 02:13:11
"451",663155.963868483,5866321.05110039,1367822332.5,2013-05-06 02:38:52
"452",663154.603311982,5866325.76488945,1367823567.5,2013-05-06 02:59:27
"453",663150.475157939,5866332.82344675,1367824512,2013-05-06 03:15:12
"454",663159.353145595,5866319.02797568,1367826670,2013-05-06 03:51:10
"455",663162.662392846,5866318.31101607,1367828151,2013-05-06 04:15:51
"456",663164.820790154,5866321.31163551,1367829804.5,2013-05-06 04:43:24
"457",663158.553236134,5866316.99391276,1367831302,2013-05-06 05:08:22
"458",663158.251347147,5866314.39793319,1367832798,2013-05-06 05:33:18
"459",663157.600421512,5866319.24848854,1367834278,2013-05-06 05:57:58
"460",663156.526775949,5866324.30456935,1367835901,2013-05-06 06:25:01
"461",663158.508775629,5866317.73014438,1367837133.5,2013-05-06 06:45:33
"462",663159.058453133,5866313.01677138,1367838870,2013-05-06 07:14:30
"463",663158.942444327,5866314.05944684,1367840391.5,2013-05-06 07:39:51
"464",663157.888816373,5866318.85041802,1367841715.5,2013-05-06 08:01:55
"465",663156.709257802,5866319.30599556,1367843590.5,2013-05-06 08:33:10
"466",663157.44203942,5866321.11778528,1367844780,2013-05-06 08:53:00
"467",663157.845871083,5866320.28640676,1367846261,2013-05-06 09:17:41
"468",663160.114053468,5866321.89844956,1367847739.5,2013-05-06 09:42:19
"469",663144.623839613,5866365.37075942,1367849860,2013-05-06 10:17:40
"470",663133.891453422,5866366.94520077,1367851460,2013-05-06 10:44:20
"471",663128.902793338,5866363.73138135,1367853387.5,2013-05-06 11:16:27
"472",663158.915446405,5866319.23585525,1367855252,2013-05-06 11:47:32
"473",663158.55316459,5866319.50195527,1367856731.5,2013-05-06 12:12:11
"474",663157.365396177,5866322.28983316,1367858211,2013-05-06 12:36:51
"475",663123.390571846,5866362.16996659,1367859918,2013-05-06 13:05:18
"476",663163.865038742,5866363.60927187,1367861587,2013-05-06 13:33:07
"477",663154.139059374,5866357.60363552,1367862550.5,2013-05-06 13:49:10
"478",663125.8191067,5866376.49287658,1367864297.5,2013-05-06 14:18:17
"479",663134.13388401,5866353.00803461,1367865362.5,2013-05-06 14:36:02
"480",663170.316986041,5866364.73648828,1367866849.5,2013-05-06 15:00:49
"481",663205.279471922,5866291.24680282,1367868369,2013-05-06 15:26:09
"482",663176.502419296,5866339.0421128,1367870226.5,2013-05-06 15:57:06
"483",663143.491648167,5866384.46282038,1367871489,2013-05-06 16:18:09
"484",663857.838987444,5867265.44905482,1367873256.5,2013-05-06 16:47:36
"485",663863.719383602,5867278.95442876,1367874722,2013-05-06 17:12:02
"486",663862.319224106,5867277.36832329,1367876258,2013-05-06 17:37:38
"487",663860.067135607,5867276.10698701,1367877786.5,2013-05-06 18:03:06
"488",663865.367572601,5867268.34693444,1367879199,2013-05-06 18:26:39
"489",663865.308504859,5867266.35458767,1367880849,2013-05-06 18:54:09
"490",663864.44065087,5867272.0813389,1367882232,2013-05-06 19:17:12
"491",663862.441206004,5867278.61679596,1367883768.5,2013-05-06 19:42:48
"492",663859.412017743,5867261.34254594,1367885184,2013-05-06 20:06:24
"493",663872.734631242,5867246.31591248,1367886737,2013-05-06 20:32:17
"494",663862.654829193,5867265.68088985,1367887967,2013-05-06 20:52:47
"495",663860.791742617,5867266.40701489,1367889365.5,2013-05-06 21:16:05
"496",663870.242082809,5867250.27089247,1367891390,2013-05-06 21:49:50
"497",663874.249417863,5867218.98978065,1367892774,2013-05-06 22:12:54
"498",663900.579442987,5867212.61841375,1367894166,2013-05-06 22:36:06
"499",663920.419799381,5867209.98110848,1367895710,2013-05-06 23:01:50
"500",663920.032302155,5867204.14817148,1367897264,2013-05-06 23:27:44
"501",663918.829336252,5867199.80128235,1367898815,2013-05-06 23:53:35
"502",663157.159099883,5866321.42553742,1367902045,2013-05-07 00:47:25
"503",663156.566806126,5866321.62818967,1367903229,2013-05-07 01:07:09
"504",663158.31386174,5866321.60376089,1367904709,2013-05-07 01:31:49
"505",663156.563845234,5866320.42419668,1367906189,2013-05-07 01:56:29
"506",663154.420894345,5866324.19439058,1367909293,2013-05-07 02:48:13
"507",663149.971240616,5866328.82042742,1367910863,2013-05-07 03:14:23
"508",663153.412907736,5866322.36216231,1367912321.5,2013-05-07 03:38:41
"509",663158.18218027,5866320.78912272,1367913868,2013-05-07 04:04:28
"510",663158.774826312,5866321.70285363,1367915379,2013-05-07 04:29:39
"511",663159.260716313,5866323.5392993,1367916859,2013-05-07 04:54:19
"512",663158.260242736,5866324.88091799,1367918339,2013-05-07 05:18:59
"513",663156.817182284,5866324.64791086,1367919853,2013-05-07 05:44:13
"514",663155.82805716,5866318.99784754,1367921376.5,2013-05-07 06:09:36
"515",663157.211092029,5866319.4899753,1367922563,2013-05-07 06:29:23
"516",663181.084549072,5866334.76035426,1367924121,2013-05-07 06:55:21
"517",663160.230465899,5866319.94836446,1367925619,2013-05-07 07:20:19
"518",663159.143961201,5866322.0289741,1367927115,2013-05-07 07:45:15
"519",663159.696384286,5866323.09287177,1367928892,2013-05-07 08:14:52
"520",663158.189177145,5866323.79851451,1367930420.5,2013-05-07 08:40:20
"521",663158.430934318,5866325.50462828,1367931665.5,2013-05-07 09:01:05
"522",663157.549176107,5866323.62099656,1367933162,2013-05-07 09:26:02
"523",663156.754091746,5866321.56215172,1367934643.5,2013-05-07 09:50:43
"524",663134.136204295,5866345.18094552,1367936186,2013-05-07 10:16:26
"525",663161.758351644,5866318.24642213,1367939593.5,2013-05-07 11:13:13
"526",663127.087752713,5866335.41754229,1367940938.5,2013-05-07 11:35:38
"527",663089.362877542,5866357.2452388,1367941689,2013-05-07 11:48:09
"528",663162.440340012,5866361.45837056,1367944160.5,2013-05-07 12:29:20
"529",663158.65439295,5866360.20563325,1367945657,2013-05-07 12:54:17
"530",663102.384716751,5866371.70097976,1367947160,2013-05-07 13:19:20
"531",663094.898336524,5866373.0154667,1367948224,2013-05-07 13:37:04
"532",663116.915096899,5866375.06697196,1367949681.5,2013-05-07 14:01:21
"533",663133.175382373,5866392.9549097,1367951256,2013-05-07 14:27:36
"534",663128.906249569,5866382.5368595,1367952688,2013-05-07 14:51:28
"535",663133.175370096,5866379.16841446,1367954168,2013-05-07 15:16:08
"536",663140.764407714,5866363.66138523,1367955534.5,2013-05-07 15:38:54
"537",663158.162052547,5866324.79965948,1367957527,2013-05-07 16:12:07
"538",663157.597884357,5866325.28813267,1367958728,2013-05-07 16:32:08
"539",663163.438403331,5866323.58632931,1367960241,2013-05-07 16:57:21
"540",663166.280635391,5866333.16424365,1367961754,2013-05-07 17:22:34
"541",663156.898426724,5866318.3882683,1367963248,2013-05-07 17:47:28
"542",663155.582421149,5866317.10789143,1367964726,2013-05-07 18:12:06
"543",663156.487247027,5866323.28446908,1367966256,2013-05-07 18:37:36
"544",663157.469693723,5866322.9766268,1367967781,2013-05-07 19:03:01
"545",663161.384698788,5866323.12719053,1367969261.5,2013-05-07 19:27:41
"546",663160.593087522,5866322.9556793,1367970742,2013-05-07 19:52:22
"547",663158.196968546,5866320.08558089,1367972270.5,2013-05-07 20:17:50
"548",663157.994592068,5866320.07987494,1367973749,2013-05-07 20:42:29
"549",663155.619973041,5866318.58441944,1367975245,2013-05-07 21:07:25
"550",663155.79811499,5866319.28631969,1367976725,2013-05-07 21:32:05
"551",663157.550923057,5866320.98229227,1367978248.5,2013-05-07 21:57:28
"552",663158.508854698,5866321.42016149,1367979748,2013-05-07 22:22:28
"553",663158.152026069,5866322.21065977,1367981227.5,2013-05-07 22:47:07
"554",663128.44605872,5866423.82858899,1367982556,2013-05-07 23:09:16
"555",663107.169874675,5866390.14652317,1367984565,2013-05-07 23:42:45
"556",663102.633945829,5866379.50537662,1367985475,2013-05-07 23:57:55
"557",663109.894815311,5866381.7126957,1367987043,2013-05-08 00:24:03
"558",663166.094074686,5866360.56872898,1367988588,2013-05-08 00:49:48
"559",663083.571695962,5866386.63257546,1367990388,2013-05-08 01:19:48
"560",663102.846783589,5866394.30968278,1367991637,2013-05-08 01:40:37
"561",663167.069507671,5866361.07491141,1367992868,2013-05-08 02:01:08
"562",663159.513763388,5866318.06579758,1367994835,2013-05-08 02:33:55
"563",663158.269546956,5866318.73525108,1367996334.5,2013-05-08 02:58:54
"564",663156.278289956,5866324.1903932,1367998466,2013-05-08 03:34:26
"565",663156.745102076,5866325.60906538,1367999370.5,2013-05-08 03:49:30
"566",663156.132630066,5866323.79679769,1368000850,2013-05-08 04:14:10
"567",663155.219581592,5866323.65912943,1368002330,2013-05-08 04:38:50
"568",663156.742964801,5866322.27986406,1368003812,2013-05-08 05:03:32
"569",663157.841394865,5866324.33232154,1368005338,2013-05-08 05:28:58
"570",663157.024393581,5866319.43912604,1368006817,2013-05-08 05:53:37
"571",663155.506668711,5866319.24862958,1368008494.5,2013-05-08 06:21:34
"572",663163.834358053,5866319.14054435,1368009722.5,2013-05-08 06:42:02
"573",663157.521810399,5866319.35573989,1368011041.5,2013-05-08 07:04:01
"574",663104.769617314,5866385.60107598,1368012225,2013-05-08 07:23:45
"575",663145.164449903,5866378.43811496,1368013857,2013-05-08 07:50:57
"576",663065.664237178,5866426.19329294,1368015856.5,2013-05-08 08:24:16
"577",663123.597671585,5866341.71831881,1368017431.5,2013-05-08 08:50:31
"578",663158.118074252,5866319.73219123,1368018808,2013-05-08 09:13:28
"579",663157.87257177,5866320.42533312,1368020287,2013-05-08 09:38:07
"580",663161.402413078,5866313.05149719,1368024649,2013-05-08 10:50:49
"581",663161.419073444,5866323.80196394,1368025865,2013-05-08 11:11:05
"582",663160.484236148,5866320.60271922,1368028063,2013-05-08 11:47:43
"583",663158.658153523,5866317.69065949,1368028688,2013-05-08 11:58:08
"584",663056.236119256,5866420.58407543,1368030766,2013-05-08 12:32:46
"585",663033.80693702,5866404.34621829,1368032166,2013-05-08 12:56:06
"586",663029.362745286,5866410.50903451,1368033357,2013-05-08 13:15:57
"587",663149.238122956,5866369.70765552,1368035389.5,2013-05-08 13:49:49
"588",663128.504110708,5866377.31788868,1368036461,2013-05-08 14:07:41
"589",663156.474253413,5866362.4774617,1368038286,2013-05-08 14:38:06
"590",663034.330350757,5866411.85709406,1368039844,2013-05-08 15:04:04
"591",663190.309768852,5866310.60538892,1368041706,2013-05-08 15:35:06
"592",663180.657894104,5866304.60060337,1368042928,2013-05-08 15:55:28
"593",663184.611557853,5866289.77018319,1368044148,2013-05-08 16:15:48
"594",663541.728243455,5866809.25681166,1368045476,2013-05-08 16:37:56
"595",663066.421963109,5866259.01941629,1368047588,2013-05-08 17:13:08
"596",663066.836742381,5866250.03158525,1368048367,2013-05-08 17:26:07
"597",663883.401770875,5867335.87561652,1368050539,2013-05-08 18:02:19
"598",663884.619383317,5867328.96642863,1368051771,2013-05-08 18:22:51
"599",663850.088115242,5867307.2736446,1368053475,2013-05-08 18:51:15
"600",663833.744384363,5867306.94062126,1368054875,2013-05-08 19:14:35
"601",663846.257423704,5867299.18935757,1368056259,2013-05-08 19:37:39
"602",663830.977569679,5867331.35285995,1368057692,2013-05-08 20:01:32
"603",663861.504630672,5867262.3932701,1368059439.5,2013-05-08 20:30:39
"604",663858.578446861,5867263.53278296,1368060810,2013-05-08 20:53:30
"605",663867.332864997,5867259.80707285,1368062210,2013-05-08 21:16:50
"606",663871.163798051,5867261.95398222,1368063481.5,2013-05-08 21:38:01
"607",663865.014696991,5867250.43908559,1368065186.5,2013-05-08 22:06:26
"608",663868.826035698,5867229.82527663,1368066746,2013-05-08 22:32:26
"609",663513.627268871,5866775.07934247,1368068297,2013-05-08 22:58:17
"610",663158.808759806,5866322.68936259,1368069905,2013-05-08 23:25:05
"611",663158.892342524,5866319.81961055,1368071152,2013-05-08 23:45:52
"612",663156.987729818,5866319.72737089,1368072682,2013-05-09 00:11:22
"613",663157.681632866,5866316.22134938,1368074161,2013-05-09 00:36:01
"614",663157.464296169,5866320.95709453,1368075769,2013-05-09 01:02:49
"615",663157.315360878,5866322.27700721,1368077264,2013-05-09 01:27:44
"616",663157.4135751,5866322.25806032,1368078632,2013-05-09 01:50:32
"617",663154.965026071,5866318.46454212,1368080190,2013-05-09 02:16:30
"618",663157.841548893,5866320.54675836,1368081819.5,2013-05-09 02:43:39
"619",663158.663651474,5866321.23023773,1368083320,2013-05-09 03:08:40
"620",663160.116083407,5866313.3809891,1368084800.5,2013-05-09 03:33:20
"621",663158.050392875,5866318.549696,1368086281,2013-05-09 03:58:01
"622",663156.782361227,5866322.81568517,1368087466,2013-05-09 04:17:46
"623",663155.330965673,5866328.72330981,1368088698,2013-05-09 04:38:18
"624",663156.786185608,5866324.79210384,1368090895.5,2013-05-09 05:14:55
"625",663161.15625776,5866318.04235023,1368094246,2013-05-09 06:10:46
"626",663156.376446546,5866319.69556694,1368095134,2013-05-09 06:25:34
"627",663156.248833285,5866319.29042648,1368096631,2013-05-09 06:50:31
"628",663155.802389881,5866320.15491814,1368098118,2013-05-09 07:15:18
"629",663156.49899113,5866317.86259635,1368099606,2013-05-09 07:40:06
"630",663156.777753206,5866319.03875896,1368101381,2013-05-09 08:09:41
"631",663147.24360707,5866353.46800184,1368103037,2013-05-09 08:37:17
"632",663145.943739334,5866390.53966116,1368104277,2013-05-09 08:57:57
"633",663153.625388291,5866341.55327771,1368105693,2013-05-09 09:21:33
"634",663160.155567014,5866325.5462462,1368107261,2013-05-09 09:47:41
"635",663159.45335365,5866323.10295187,1368108741,2013-05-09 10:12:21
"636",663161.2799065,5866322.5446775,1368110613,2013-05-09 10:43:33
"637",663160.553701671,5866322.13042961,1368111814,2013-05-09 11:03:34
"638",663158.623486688,5866318.21835341,1368113343.5,2013-05-09 11:29:03
"639",663117.987157331,5866388.3415164,1368115316,2013-05-09 12:01:56
"640",663165.392498628,5866368.64870018,1368116228,2013-05-09 12:17:08
"641",663118.346028422,5866389.07179357,1368117651,2013-05-09 12:40:51
"642",663158.136030077,5866319.59919016,1368119404.5,2013-05-09 13:10:04
"643",663159.413672059,5866295.34795266,1368120291,2013-05-09 13:24:51
"644",663153.748069265,5866320.70895822,1368122092.5,2013-05-09 13:54:52
"645",663116.621800291,5866391.07279467,1368123771,2013-05-09 14:22:51
"646",663128.040205039,5866384.62466105,1368125155,2013-05-09 14:45:55
"647",663153.916896967,5866378.70066658,1368126740,2013-05-09 15:12:20
"648",663139.398955556,5866390.13987645,1368128336,2013-05-09 15:38:56
"649",663145.410228282,5866378.9307555,1368129402.5,2013-05-09 15:56:42
"650",663157.608749964,5866317.28218427,1368131498.5,2013-05-09 16:31:38
"651",663156.695355332,5866315.73707073,1368132698,2013-05-09 16:51:38
"652",663155.76559247,5866318.99437588,1368134196,2013-05-09 17:16:36
"653",663158.411093591,5866320.22086276,1368135706,2013-05-09 17:41:46
"654",663157.515531201,5866321.61959997,1368137185,2013-05-09 18:06:25
"655",663158.247213316,5866320.78872337,1368138681.5,2013-05-09 18:31:21
"656",663158.283771288,5866319.32297573,1368140162,2013-05-09 18:56:02
"657",663159.53972888,5866311.71923095,1368141642,2013-05-09 19:20:42
"658",663160.172998387,5866314.87680492,1368143121,2013-05-09 19:45:21
"659",663155.80195467,5866324.3468635,1368144633.5,2013-05-09 20:10:33
"660",663155.807978609,5866321.78067463,1368146114,2013-05-09 20:35:14
"661",663156.650958577,5866316.35350778,1368147891,2013-05-09 21:04:51
"662",663156.122313647,5866314.27583749,1368149376,2013-05-09 21:29:36
"663",663156.141578968,5866316.49215967,1368150865,2013-05-09 21:54:25
"664",663156.715231621,5866309.87567913,1368152352.5,2013-05-09 22:19:12
"665",663156.338897827,5866317.42295592,1368153844,2013-05-09 22:44:04
"666",663155.788177841,5866317.88866368,1368155343,2013-05-09 23:09:03
"667",663156.099500787,5866319.92558327,1368156600,2013-05-09 23:30:00
"668",663135.224700069,5866351.69773748,1368158002,2013-05-09 23:53:22
"669",663092.667179436,5866369.66578789,1368159722,2013-05-10 00:22:02
"670",663085.476961001,5866364.50687893,1368161294,2013-05-10 00:48:14
"671",663091.155297712,5866356.03066375,1368162879,2013-05-10 01:14:39
"672",663163.452515871,5866368.18464071,1368164400,2013-05-10 01:40:00
"673",663158.915436864,5866369.3835036,1368165343,2013-05-10 01:55:43
"674",663169.040491427,5866305.57720842,1368167182,2013-05-10 02:26:22
"675",663158.551142853,5866326.42725016,1368169277,2013-05-10 03:01:17
"676",663159.450392821,5866319.93312005,1368170768,2013-05-10 03:26:08
"677",663158.496158271,5866323.67528678,1368171373,2013-05-10 03:36:13
"678",663158.940452167,5866319.29237094,1368173169,2013-05-10 04:06:09
"679",663157.305609326,5866321.66987315,1368174661,2013-05-10 04:31:01
"680",663156.520045901,5866317.43675769,1368176159,2013-05-10 04:55:59
"681",663158.856785222,5866319.37861401,1368177654.5,2013-05-10 05:20:54
"682",663158.100489156,5866321.44623635,1368179150,2013-05-10 05:45:50
"683",663158.928871161,5866317.74434997,1368180701.5,2013-05-10 06:11:41
"684",663158.541678823,5866317.78959899,1368182189,2013-05-10 06:36:29
"685",663158.217040584,5866319.69100169,1368183669,2013-05-10 07:01:09
"686",663159.828224461,5866319.40410223,1368185148,2013-05-10 07:25:48
"687",663158.316556497,5866316.54900505,1368186636,2013-05-10 07:50:36
"688",663161.933870137,5866320.8671304,1368188124,2013-05-10 08:15:24
"689",663120.597595427,5866388.90264715,1368189901,2013-05-10 08:45:01
"690",663155.709369771,5866361.6149289,1368191000.5,2013-05-10 09:03:20
"691",663177.323609465,5866322.96506669,1368192683,2013-05-10 09:31:23
"692",663158.317775669,5866324.77152319,1368193884,2013-05-10 09:51:24
"693",663142.197748703,5866349.75678806,1368195896,2013-05-10 10:24:56
"694",663134.071417265,5866354.25849998,1368197002,2013-05-10 10:43:22
"695",663136.149290017,5866348.72834077,1368198812,2013-05-10 11:13:32
"696",663138.420351479,5866344.25131229,1368200038,2013-05-10 11:33:58
"697",663154.000418856,5866350.95750092,1368201869,2013-05-10 12:04:29
"698",663152.477585897,5866348.7293077,1368203457.5,2013-05-10 12:30:57
"699",663150.352809952,5866379.0311067,1368204793,2013-05-10 12:53:13
"700",663126.508376806,5866399.89811574,1368206033,2013-05-10 13:13:53
"701",663164.223779994,5866366.92424747,1368207569.5,2013-05-10 13:39:29
"702",663128.421418159,5866402.24264935,1368209273,2013-05-10 14:07:53
"703",663120.813445629,5866396.00263439,1368210782.5,2013-05-10 14:33:02
"704",663132.228894088,5866378.60199898,1368212072.5,2013-05-10 14:54:32
"705",663134.412300355,5866373.63209039,1368213784,2013-05-10 15:23:04
"706",663132.492580013,5866381.26545695,1368215264.5,2013-05-10 15:47:44
"707",663160.232125241,5866316.11831608,1368217434,2013-05-10 16:23:54
"708",663158.165405642,5866320.1234826,1368218382.5,2013-05-10 16:39:42
"709",663157.740895445,5866319.04582852,1368219600.5,2013-05-10 17:00:00
"710",663157.443093568,5866317.65385462,1368221129,2013-05-10 17:25:29
"711",663157.301289841,5866318.52037594,1368222906,2013-05-10 17:55:06
"712",663156.361354577,5866321.13691235,1368224418,2013-05-10 18:20:18
"713",663154.62929988,5866318.52865243,1368225648.5,2013-05-10 18:40:48
"714",663155.951124244,5866317.10907485,1368227191,2013-05-10 19:06:31
"715",663157.874706372,5866321.655715,1368228782,2013-05-10 19:33:02
"716",663156.491921932,5866321.15653334,1368230295,2013-05-10 19:58:15
"717",663158.148906395,5866320.41240931,1368231814.5,2013-05-10 20:23:34
"718",663157.652880057,5866319.36017196,1368233303,2013-05-10 20:48:23
"719",663157.01784363,5866317.1452956,1368234783,2013-05-10 21:13:03
"720",663156.993113975,5866317.10495237,1368236279,2013-05-10 21:37:59
"721",663157.789484937,5866315.71839834,1368237758.5,2013-05-10 22:02:38
"722",663157.102128636,5866322.3143329,1368239254,2013-05-10 22:27:34
"723",663158.644376812,5866319.09308073,1368240789.5,2013-05-10 22:53:09
"724",663154.397452719,5866320.25802739,1368242341,2013-05-10 23:19:01
"725",663157.246691576,5866321.32272614,1368243989.5,2013-05-10 23:46:29
"726",663099.56016139,5866377.07446118,1368245502.5,2013-05-11 00:11:42
"727",663082.119684483,5866369.68715579,1368246902,2013-05-11 00:35:02
"728",663063.190954116,5866371.45446408,1368248437,2013-05-11 01:00:37
"729",663164.920618544,5866371.22281794,1368249669,2013-05-11 01:21:09
"730",663155.924695797,5866319.32400202,1368252968,2013-05-11 02:16:08
"731",663156.068737501,5866319.74083172,1368253969.5,2013-05-11 02:32:49
"732",663155.829142277,5866317.46966704,1368255635,2013-05-11 03:00:35
"733",663156.247752379,5866319.12337973,1368257299,2013-05-11 03:28:19
"734",663158.754135256,5866318.46819446,1368258803,2013-05-11 03:53:23
"735",663160.448294636,5866316.2926363,1368260331.5,2013-05-11 04:18:51
"736",663159.248138084,5866319.34731149,1368261842,2013-05-11 04:44:02
"737",663159.615252141,5866321.5252937,1368263324,2013-05-11 05:08:44
"738",663142.565413857,5866352.11850218,1368264732.5,2013-05-11 05:32:12
"739",663108.717680323,5866402.17948848,1368265946,2013-05-11 05:52:26
"740",663182.514106003,5866326.41926918,1368267370,2013-05-11 06:16:10
"741",663164.352121161,5866320.64444284,1368269472,2013-05-11 06:51:12
"742",663158.658614345,5866320.46304732,1368270600.5,2013-05-11 07:10:00
"743",663159.335405157,5866324.52758387,1368272189,2013-05-11 07:36:29
"744",663158.886245093,5866322.68641544,1368273731,2013-05-11 08:02:11
"745",663159.172267571,5866323.21239997,1368275218,2013-05-11 08:26:58
"746",663158.599529115,5866320.817338,1368276874,2013-05-11 08:54:34
"747",663159.579388408,5866321.59088474,1368278112.5,2013-05-11 09:15:12
"748",663125.042514724,5866378.49263493,1368279632,2013-05-11 09:40:32
"749",663157.347282072,5866345.80984839,1368281065,2013-05-11 10:04:25
"750",663158.365992099,5866320.65913159,1368282505,2013-05-11 10:28:25
"751",663114.431362783,5866398.19001343,1368284201,2013-05-11 10:56:41
"752",663160.290341556,5866369.53991569,1368285583,2013-05-11 11:19:43
"753",663158.393272843,5866315.07634086,1368287186,2013-05-11 11:46:26
"754",663139.047265768,5866398.55087195,1368288735,2013-05-11 12:12:15
"755",663164.861811824,5866365.16994709,1368290126.5,2013-05-11 12:35:26
"756",663161.54174032,5866316.79167384,1368292087.5,2013-05-11 13:08:07
"757",663160.99569526,5866323.48702591,1368293370.5,2013-05-11 13:29:30
"758",663165.479956437,5866327.98650759,1368294555.5,2013-05-11 13:49:15
"759",663158.704197944,5866381.40110812,1368296410,2013-05-11 14:20:10
"760",663146.134269614,5866375.82657683,1368297830,2013-05-11 14:43:50
"761",663143.930719436,5866373.53083067,1368299261,2013-05-11 15:07:41
"762",663143.264814915,5866382.0186621,1368300798,2013-05-11 15:33:18
"763",663131.359053789,5866406.41876197,1368301774,2013-05-11 15:49:34
"764",663136.859002989,5866376.63142344,1368303574.5,2013-05-11 16:19:34
"765",663158.656571149,5866357.23866224,1368305373,2013-05-11 16:49:33
"766",663864.362756763,5867226.54566528,1368307228,2013-05-11 17:20:28
"767",663849.472717143,5867264.60580918,1368308325,2013-05-11 17:38:45
"768",663859.112378772,5867265.27935123,1368309736,2013-05-11 18:02:16
"769",663842.173300432,5867308.38645444,1368311480,2013-05-11 18:31:20
"770",663844.855841424,5867299.09995754,1368312589.5,2013-05-11 18:49:49
"771",663849.701078383,5867286.79541748,1368314283,2013-05-11 19:18:03
"772",663852.318908283,5867270.4818941,1368315868,2013-05-11 19:44:28
"773",663178.303256407,5866298.51416416,1368437756,2013-05-13 05:35:56
"774",663178.540152897,5866314.70049612,1368438930,2013-05-13 05:55:30
"775",663180.408451781,5866336.15156723,1368439870,2013-05-13 06:11:10
"776",663182.526733188,5866302.86566144,1368442024,2013-05-13 06:47:04
"777",663178.178689722,5866299.41180748,1368443206,2013-05-13 07:06:46
"778",663146.853415295,5866678.81891343,1368444954,2013-05-13 07:35:54
"779",663138.152146018,5866692.38097454,1368445877,2013-05-13 07:51:17
"780",663141.888107353,5866527.80169823,1368447502,2013-05-13 08:18:22
"781",663162.565870943,5866287.69969836,1368449690.5,2013-05-13 08:54:50
"782",663180.876036672,5866238.55537337,1368452325,2013-05-13 09:38:45
"783",663031.457903218,5865831.23302433,1368453742,2013-05-13 10:02:22
"784",662904.332302258,5865962.16221631,1368455164,2013-05-13 10:26:04
"785",662929.03886504,5865813.91226286,1368457020,2013-05-13 10:57:00
"786",663171.574536806,5866301.68248867,1368458412,2013-05-13 11:20:12
"787",663177.703397629,5866294.46336031,1368460132.5,2013-05-13 11:48:52
"788",663177.95764188,5866297.78989807,1368461379,2013-05-13 12:09:39
"789",663009.951191888,5866828.56998511,1368463012,2013-05-13 12:36:52
"790",662991.314898405,5866818.46525685,1368464171,2013-05-13 12:56:11
"791",662967.29462828,5866800.72450682,1368465796,2013-05-13 13:23:16
"792",662987.686446375,5866789.83959262,1368467652.5,2013-05-13 13:54:12
"793",662978.099066795,5866800.47159182,1368468810.5,2013-05-13 14:13:30
"794",663178.914698715,5866296.3525732,1368473130,2013-05-13 15:25:30
"795",663177.983775886,5866296.66507202,1368474538,2013-05-13 15:48:58
"796",663062.923218615,5866370.01305606,1368476490,2013-05-13 16:21:30
"797",663846.412072897,5867315.38747999,1368478174.5,2013-05-13 16:49:34
"798",663831.952646849,5867327.18354631,1368479497,2013-05-13 17:11:37
"799",663834.756910061,5867324.35311085,1368480890,2013-05-13 17:34:50
"800",663848.362889309,5867323.66679676,1368482380,2013-05-13 17:59:40
"801",663849.031685433,5867322.34622307,1368483321,2013-05-13 18:15:21
"802",663854.702581751,5867299.59141925,1368485705,2013-05-13 18:55:05
"803",663853.541393056,5867309.61715613,1368486648,2013-05-13 19:10:48
"804",663856.640970902,5867329.12709992,1368488072,2013-05-13 19:34:32
"805",663857.001770524,5867327.76650254,1368489737,2013-05-13 20:02:17
"806",663850.853147368,5867327.41710714,1368491400,2013-05-13 20:30:00
"807",663854.862779495,5867329.03643567,1368492920,2013-05-13 20:55:20
"808",663857.387467996,5867330.7294463,1368494329,2013-05-13 21:18:49
"809",663857.400484692,5867308.70171384,1368495272,2013-05-13 21:34:32
"810",663860.842063883,5867266.60913864,1368497187,2013-05-13 22:06:27
"811",663853.262876386,5867258.5911839,1368498371,2013-05-13 22:26:11
"812",663944.098676051,5867236.74771146,1368500489,2013-05-13 23:01:29
"813",663939.087571506,5867230.50991324,1368501696,2013-05-13 23:21:36
"814",663841.856323355,5867291.35002361,1368503850,2013-05-13 23:57:30
"815",662952.023748409,5866838.48739828,1368507838,2013-05-14 01:03:58
"816",662943.753935371,5866826.83836055,1368508998,2013-05-14 01:23:18
"817",663000.267921892,5866806.79311734,1368511092,2013-05-14 01:58:12
"818",662993.297147484,5866813.70166404,1368512259,2013-05-14 02:17:39
"819",662984.612522112,5866826.35551194,1368513429,2013-05-14 02:37:09
"820",662947.034665172,5866850.33803998,1368518774,2013-05-14 04:06:14
"821",662947.934196742,5866848.27447472,1368519701,2013-05-14 04:21:41
"822",662969.333712376,5866851.70365855,1368521094,2013-05-14 04:44:54
"823",662976.953659963,5866849.81221472,1368522022,2013-05-14 05:00:22
"824",663033.737701477,5866845.95234247,1368525317,2013-05-14 05:55:17
"825",663036.70683121,5866841.93237083,1368528580,2013-05-14 06:49:40
"826",663035.998754118,5866825.53659074,1368533488,2013-05-14 08:11:28
"827",663036.322874117,5866826.39930064,1368534655,2013-05-14 08:30:55
"828",663039.496926106,5866847.56191817,1368536067,2013-05-14 08:54:27
"829",663048.725182635,5866874.12691316,1368538866,2013-05-14 09:41:06
"830",663057.358107182,5866812.00695808,1368540730.5,2013-05-14 10:12:10
"831",663035.369485626,5866851.32398376,1368542362,2013-05-14 10:39:22
"832",662946.792161692,5866847.5574805,1368543986,2013-05-14 11:06:26
"833",662943.630481454,5866839.25357186,1368545377,2013-05-14 11:29:37
"834",662996.397467938,5866836.51266463,1368546770,2013-05-14 11:52:50
"835",663048.219562633,5866829.56260118,1368548394.5,2013-05-14 12:19:54
"836",663047.844895968,5866851.09983977,1368549786.5,2013-05-14 12:43:06
"837",663040.233355389,5866841.09475372,1368551426,2013-05-14 13:10:26
"838",663047.532216504,5866844.3253514,1368552816,2013-05-14 13:33:36
"839",663057.376409593,5866844.2127128,1368553977,2013-05-14 13:52:57
"840",663054.855284643,5866865.95001507,1368555600,2013-05-14 14:20:00
"841",663024.898287181,5866837.53692281,1368556993,2013-05-14 14:43:13
"842",663834.303757179,5867277.39851293,1368559128.5,2013-05-14 15:18:48
"843",663851.620896107,5867281.48337725,1368560415,2013-05-14 15:40:15
"844",663851.583270098,5867281.29785619,1368561663.5,2013-05-14 16:01:03
"845",663845.127871709,5867256.83401093,1368563872,2013-05-14 16:37:52
"846",663862.308477737,5867280.87723991,1368564632.5,2013-05-14 16:50:32
"847",663863.251387945,5867295.70096485,1368566357,2013-05-14 17:19:17
"848",663863.96793948,5867315.98306197,1368568016,2013-05-14 17:46:56
"849",663864.34056445,5867313.76529349,1368569422,2013-05-14 18:10:22
"850",663866.232390127,5867317.07399415,1368570782.5,2013-05-14 18:33:02
"851",663865.492956392,5867316.65917899,1368572280.5,2013-05-14 18:58:00
"852",663865.838278724,5867318.31468765,1368573934,2013-05-14 19:25:34
"853",663864.599992794,5867320.16949675,1368575375,2013-05-14 19:49:35
"854",663865.016128187,5867318.94331704,1368576830,2013-05-14 20:13:50
"855",663865.701936243,5867320.28570028,1368578254,2013-05-14 20:37:34
"856",663864.750641939,5867319.41801085,1368579679,2013-05-14 21:01:19
"857",663860.771218312,5867273.84391666,1368581085,2013-05-14 21:24:45
"858",663871.3378792,5867273.06145577,1368582511,2013-05-14 21:48:31
"859",662970.819294935,5866800.15883157,1369233781,2013-05-22 10:43:01
"860",662970.51711015,5866806.11645362,1369235614,2013-05-22 11:13:34
"861",662972.464025587,5866809.23294293,1369237409,2013-05-22 11:43:29
"862",662968.865415734,5866812.58518812,1369239200,2013-05-22 12:13:20
"863",662972.693243421,5866813.00398245,1369240992,2013-05-22 12:43:12
"864",662970.004994296,5866814.30492034,1369242783,2013-05-22 13:13:03
"865",662965.047741128,5866819.03642481,1369244602,2013-05-22 13:43:22
"866",662976.936047778,5866816.27597217,1369246437,2013-05-22 14:13:57
"867",662976.573203313,5866819.4480419,1369248267,2013-05-22 14:44:27
"868",663845.003566226,5867272.77386026,1369253680,2013-05-22 16:14:40
"869",661870.65599148,5865805.29501425,1369260942,2013-05-22 18:15:42
"870",661869.09663804,5865800.62215906,1369262750,2013-05-22 18:45:50
"871",661888.544511149,5865805.27157903,1369264541,2013-05-22 19:15:41
"872",661891.72148403,5865804.85486441,1369266343,2013-05-22 19:45:43
"873",661886.702253061,5865805.22091226,1369268169,2013-05-22 20:16:09
"874",661972.210074857,5865755.11516203,1369271773,2013-05-22 21:16:13
"875",661963.978336213,5865758.35718852,1369273575,2013-05-22 21:46:15
"876",661948.924298752,5865780.59846511,1369279020,2013-05-22 23:17:00
"877",662950.266534057,5866852.66287214,1369284392,2013-05-23 00:46:32
"878",662910.070363397,5866828.16884075,1369286215,2013-05-23 01:16:55
"879",662916.682888681,5866824.62885078,1369288027,2013-05-23 01:47:07
"880",662916.162398897,5866818.92179681,1369289821,2013-05-23 02:17:01
"881",662930.297736881,5866853.22428725,1369291621,2013-05-23 02:47:01
"882",662913.276837426,5866823.0775413,1369293446,2013-05-23 03:17:26
"883",662930.95755385,5866854.80533282,1369295239,2013-05-23 03:47:19
"884",662962.383158255,5866816.05157188,1369297049,2013-05-23 04:17:29
"885",662975.421657793,5866848.15716103,1369298840,2013-05-23 04:47:20
"886",662987.599888367,5866847.76694353,1369300658,2013-05-23 05:17:38
"887",662996.143715438,5866855.77148103,1369302456,2013-05-23 05:47:36
"888",662999.383216999,5866848.51021735,1369304250,2013-05-23 06:17:30
"889",662949.400273214,5866825.32188558,1369306056,2013-05-23 06:47:36
"890",662942.122662303,5866816.2802064,1369307847,2013-05-23 07:17:27
"891",662938.638575754,5866818.43386796,1369309638,2013-05-23 07:47:18
"892",662927.606962346,5866824.31860005,1369311468,2013-05-23 08:17:48
"893",662914.587257611,5866821.93045549,1369313270,2013-05-23 08:47:50
"894",662918.626390674,5866822.46768302,1369315083,2013-05-23 09:18:03
"895",662937.042680271,5866822.45501384,1369316918,2013-05-23 09:48:38
"896",662937.82607616,5866825.9552834,1369318708,2013-05-23 10:18:28
"897",662933.588033753,5866830.51069714,1369320504,2013-05-23 10:48:24
"898",662935.998605986,5866821.09480373,1369322296,2013-05-23 11:18:16
"899",662934.772881327,5866822.52309473,1369324105,2013-05-23 11:48:25
"900",662937.660970565,5866818.89074583,1369325918,2013-05-23 12:18:38
"901",662938.510721934,5866813.65306024,1369327718,2013-05-23 12:48:38
"902",662936.618022443,5866817.49717165,1369329509,2013-05-23 13:18:29
"903",662940.388365224,5866817.82492687,1369334948,2013-05-23 14:49:08
"904",662943.762209181,5866816.14630532,1369336743,2013-05-23 15:19:03
"905",662946.427963863,5866809.73408335,1369338533,2013-05-23 15:48:53
"906",662938.54467374,5866815.63606039,1369340348,2013-05-23 16:19:08
"907",661949.108315955,5865759.07174367,1369343978,2013-05-23 17:19:38
"908",661953.080509967,5865762.83468602,1369345779,2013-05-23 17:49:39
"909",661958.382802479,5865758.84856353,1369349362,2013-05-23 18:49:22
"910",661959.874706478,5865755.50280303,1369351171,2013-05-23 19:19:31
"911",661953.50549735,5865762.40359363,1369352974,2013-05-23 19:49:34
"912",661953.659753207,5865763.2215426,1369354768,2013-05-23 20:19:28
"913",661954.149728147,5865763.059844,1369356574,2013-05-23 20:49:34
"914",661955.715647637,5865763.32393911,1369358373,2013-05-23 21:19:33
"915",661960.122418273,5865760.95557737,1369360208,2013-05-23 21:50:08
"916",661957.670257641,5865759.62628879,1369362000,2013-05-23 22:20:00
"917",661952.460785191,5865773.07931335,1369363796,2013-05-23 22:49:56
"918",662951.10495872,5866840.78893534,1369367408,2013-05-23 23:50:08
"919",662976.073097326,5866859.3465841,1369369222,2013-05-24 00:20:22
"920",662974.811725946,5866856.25325147,1369371023,2013-05-24 00:50:23
"921",662950.854233587,5866849.00849994,1369372819,2013-05-24 01:20:19
"922",662913.534984711,5866833.76376998,1369374638,2013-05-24 01:50:38
"923",662912.746769571,5866830.00726029,1369376432,2013-05-24 02:20:32
"924",662922.702599665,5866807.36288744,1369378240,2013-05-24 02:50:40
"925",662976.618153047,5866856.15840193,1369380032,2013-05-24 03:20:32
"926",662975.943695295,5866856.80365741,1369381822,2013-05-24 03:50:22
"927",663004.548748676,5866864.89588126,1369383638,2013-05-24 04:20:38
"928",662959.017492512,5866855.93124887,1369385449,2013-05-24 04:50:49
"929",662945.764871145,5866853.66875519,1369387293,2013-05-24 05:21:33
"930",662923.975554081,5866846.37490018,1369389085,2013-05-24 05:51:25
"931",662926.644249558,5866841.86668375,1369390877,2013-05-24 06:21:17
"932",662973.492278203,5866861.25238491,1369392677,2013-05-24 06:51:17
"933",662971.515952664,5866864.98231824,1369394495,2013-05-24 07:21:35
"934",662949.701307695,5866835.83142717,1369395845.5,2013-05-24 07:44:05
"935",662946.957575987,5866818.15814867,1369397197,2013-05-24 08:06:37
"936",662906.979026836,5866843.10092488,1369400332,2013-05-24 08:58:52
"937",663010.41338112,5866851.23219362,1369402598,2013-05-24 09:36:38
"938",662937.649135321,5866832.08972631,1369404851,2013-05-24 10:14:11
"939",662936.491171597,5866818.86237029,1369406347,2013-05-24 10:39:07
"940",662933.756618516,5866820.23970471,1369407696.5,2013-05-24 11:01:36
"941",662920.067658184,5866841.25488856,1369409519.5,2013-05-24 11:31:59
"942",662933.644000704,5866834.43175814,1369410875,2013-05-24 11:54:35
"943",662940.835380231,5866823.9136266,1369412250.5,2013-05-24 12:17:30
"944",662944.283748677,5866821.12412197,1369414052,2013-05-24 12:47:32
"945",662960.220925499,5866814.13028666,1369415678,2013-05-24 13:14:38
"946",662963.186609054,5866804.61624852,1369417042.5,2013-05-24 13:37:22
"947",662966.165055879,5866809.26510427,1369418408,2013-05-24 14:00:08
"948",662962.783942328,5866814.44511175,1369419753,2013-05-24 14:22:33
"949",662962.417361752,5866824.00241118,1369421737,2013-05-24 14:55:37
"950",662965.183586379,5866826.56760549,1369422634,2013-05-24 15:10:34
"951",662918.348089433,5866823.13745891,1369425341,2013-05-24 15:55:41
"952",662922.778419009,5866816.67347708,1369427169,2013-05-24 16:26:09
"953",661899.59272254,5865802.12391854,1369434360,2013-05-24 18:26:00
"954",661901.686719838,5865803.09601235,1369436152,2013-05-24 18:55:52
"955",661904.911864458,5865802.44711129,1369437947,2013-05-24 19:25:47
"956",661885.353437949,5865808.31541343,1369439755,2013-05-24 19:55:55
"957",661903.803513172,5865804.59216338,1369441592,2013-05-24 20:26:32
"958",661893.183358748,5865810.0254817,1369443381,2013-05-24 20:56:21
"959",661890.231213031,5865810.561076,1369445177,2013-05-24 21:26:17
"960",661893.034724132,5865810.04276313,1369446971,2013-05-24 21:56:11
"961",661893.727785162,5865807.83924149,1369448762,2013-05-24 22:26:02
"962",661882.532765848,5865809.3453126,1369450566,2013-05-24 22:56:06
"963",662956.578675424,5866808.21756973,1369452879,2013-05-24 23:34:39
"964",662913.126328794,5866846.0641798,1369454718,2013-05-25 00:05:18
"965",662910.593760653,5866870.45119993,1369455632,2013-05-25 00:20:32
"966",662906.002428528,5866875.70728066,1369456607,2013-05-25 00:36:47
"967",662911.382933388,5866867.40486452,1369458405,2013-05-25 01:06:45
"968",662936.266889538,5866852.59642931,1369460010,2013-05-25 01:33:30
"969",662948.892587743,5866826.60741664,1369461814,2013-05-25 02:03:34
"970",662959.531227131,5866814.42987542,1369463300,2013-05-25 02:28:20
"971",662942.082757166,5866819.75266976,1369464663.5,2013-05-25 02:51:03
"972",662934.672890821,5866834.34960595,1369466487,2013-05-25 03:21:27
"973",662939.024168705,5866812.49576402,1369469203,2013-05-25 04:06:43
"974",662937.713932339,5866820.11170854,1369470995,2013-05-25 04:36:35
"975",662933.102026736,5866822.38872517,1369472340,2013-05-25 04:59:00
"976",662912.963839553,5866828.36119356,1369473683,2013-05-25 05:21:23
"977",662900.403772409,5866825.01438106,1369475503.5,2013-05-25 05:51:43
"978",662903.562132069,5866829.21834412,1369476883,2013-05-25 06:14:43
"979",662900.724829569,5866845.49508891,1369478231.5,2013-05-25 06:37:11
"980",662897.929170963,5866851.17366787,1369479609,2013-05-25 07:00:09
"981",662887.203364929,5866843.0232696,1369480961,2013-05-25 07:22:41
"982",662885.784776537,5866836.81270055,1369482759,2013-05-25 07:52:39
"983",662878.489251557,5866839.06039394,1369484123,2013-05-25 08:15:23
"984",662912.131070904,5866818.55184516,1369486465,2013-05-25 08:54:25
"985",663040.698936751,5866911.33276421,1369488309,2013-05-25 09:25:09
"986",662921.876767752,5866805.01912469,1369490545,2013-05-25 10:02:25
"987",662920.381558681,5866787.03174688,1369491889,2013-05-25 10:24:49
"988",662915.002634775,5866809.63027303,1369492783,2013-05-25 10:39:43
"989",662916.066107978,5866809.2208264,1369496449,2013-05-25 11:40:49
"990",662918.421512582,5866802.03543105,1369497792,2013-05-25 12:03:12
"991",662922.703810575,5866799.3575781,1369499137,2013-05-25 12:25:37
"992",662922.792941763,5866798.01337349,1369500479.5,2013-05-25 12:47:59
"993",662921.591114407,5866799.43134091,1369502726,2013-05-25 13:25:26
"994",664241.493380858,5867025.69610783,1369505612,2013-05-25 14:13:32
"995",664202.314868752,5867016.38474208,1369507023.5,2013-05-25 14:37:03
"996",664165.777793716,5867021.78269853,1369508366,2013-05-25 14:59:26
"997",663862.623195016,5867252.00599616,1369512068,2013-05-25 16:01:08
"998",661869.807489292,5865814.94187527,1369517480,2013-05-25 17:31:20
"999",661873.333099529,5865810.15010325,1369519278,2013-05-25 18:01:18
"1000",661877.360005945,5865808.47036147,1369521069,2013-05-25 18:31:09
"1001",661871.082303768,5865810.64243156,1369522878,2013-05-25 19:01:18
"1002",661862.140728984,5865812.17960104,1369524680,2013-05-25 19:31:20
"1003",661873.193462402,5865811.10293113,1369526498,2013-05-25 20:01:38
"1004",661874.423251864,5865811.15531622,1369528300,2013-05-25 20:31:40
"1005",661880.981591674,5865813.85816056,1369530092,2013-05-25 21:01:32
"1006",661879.57216179,5865813.54366905,1369531914,2013-05-25 21:31:54
"1007",661879.736788113,5865811.64530157,1369533721,2013-05-25 22:02:01
"1008",661872.654894304,5865840.40031371,1369535528,2013-05-25 22:32:08
"1009",661862.535603766,5865844.54783319,1369537350,2013-05-25 23:02:30
"1010",663103.375181997,5866386.04383466,1369542494,2013-05-26 00:28:14
"1011",662989.683865226,5866840.05467562,1369546166,2013-05-26 01:29:26
"1012",662975.25135472,5866837.66316732,1369547974,2013-05-26 01:59:34
"1013",662967.471212142,5866830.55292148,1369549771,2013-05-26 02:29:31
"1014",662968.206786646,5866832.28127388,1369551562,2013-05-26 02:59:22
"1015",662963.388963336,5866827.30863127,1369553369,2013-05-26 03:29:29
"1016",662954.778403028,5866843.78559234,1369555163,2013-05-26 03:59:23
"1017",662957.983707256,5866839.12850737,1369556978,2013-05-26 04:29:38
"1018",662959.950334396,5866829.90917362,1369558777,2013-05-26 04:59:37
"1019",662956.984025789,5866833.46649658,1369560520,2013-05-26 05:28:40
"1020",662954.092048862,5866831.43705875,1369562328,2013-05-26 05:58:48
"1021",662956.126322801,5866830.97134102,1369563672,2013-05-26 06:21:12
"1022",662953.998347562,5866829.52997851,1369565039,2013-05-26 06:43:59
"1023",662954.721647466,5866829.23152367,1369566839,2013-05-26 07:13:59
"1024",662948.995374556,5866829.73954505,1369568183,2013-05-26 07:36:23
"1025",662956.990002698,5866852.51142415,1369569532,2013-05-26 07:58:52
"1026",662952.225152303,5866839.49626885,1369571351,2013-05-26 08:29:11
"1027",662955.973635911,5866821.74722281,1369573127,2013-05-26 08:58:47
"1028",662946.421725281,5866822.07035485,1369574486,2013-05-26 09:21:26
"1029",662942.124411087,5866822.40397019,1369575847,2013-05-26 09:44:07
"1030",662940.763580156,5866827.23470306,1369576743,2013-05-26 09:59:03
"1031",662939.096015224,5866825.60848532,1369578501,2013-05-26 10:28:21
"1032",662940.996459753,5866846.23718776,1369580298,2013-05-26 10:58:18
"1033",662933.156385726,5866828.74807945,1369582088,2013-05-26 11:28:08
"1034",662946.102333162,5866830.1317367,1369583437,2013-05-26 11:50:37
"1035",662934.885587238,5866800.45929831,1369589511,2013-05-26 13:31:51
"1036",662936.56105727,5866799.9591856,1369591021.5,2013-05-26 13:57:01
"1037",663841.876715209,5867268.16946133,1369594116,2013-05-26 14:48:36
"1038",663839.035874731,5867271.98104588,1369596823,2013-05-26 15:33:43
"1039",661891.129349759,5865809.86750475,1369605848,2013-05-26 18:04:08
"1040",661894.935942473,5865808.73707944,1369607652,2013-05-26 18:34:12
"1041",661901.219971059,5865805.37392875,1369609446,2013-05-26 19:04:06
"1042",661891.889225785,5865806.67531079,1369611235,2013-05-26 19:33:55
"1043",661904.1598331,5865806.00698426,1369613029,2013-05-26 20:03:49
"1044",661893.941802555,5865808.68146074,1369614849,2013-05-26 20:34:09
"1045",661892.287427306,5865809.65027602,1369616658,2013-05-26 21:04:18
"1046",661891.442288652,5865809.36584533,1369618453,2013-05-26 21:34:13
"1047",661894.652085044,5865807.77004471,1369620253,2013-05-26 22:04:13
"1048",661890.321872594,5865807.85858943,1369622078,2013-05-26 22:34:38
"1049",661869.100185607,5865835.426716,1369623879,2013-05-26 23:04:39
"1050",662944.555884194,5866829.70093346,1369626944,2013-05-26 23:55:44
"1051",662944.845219871,5866827.11091503,1369628417,2013-05-27 00:20:17
"1052",662945.295297783,5866821.75395765,1369629760,2013-05-27 00:42:40
"1053",662938.883233343,5866823.54150843,1369631136,2013-05-27 01:05:36
"1054",662937.317651285,5866822.58120854,1369632931.5,2013-05-27 01:35:31
"1055",662934.947716539,5866823.92075063,1369634304,2013-05-27 01:58:24
"1056",662936.014757214,5866838.24728881,1369635647,2013-05-27 02:20:47
"1057",662940.377173895,5866834.391954,1369637440.5,2013-05-27 02:50:40
"1058",662938.695399898,5866819.9388783,1369638789,2013-05-27 03:13:09
"1059",662940.042637111,5866824.17633643,1369640144,2013-05-27 03:35:44
"1060",662941.121371544,5866817.53793222,1369641967,2013-05-27 04:06:07
"1061",662942.083250639,5866815.45495861,1369643329,2013-05-27 04:28:49
"1062",662941.13581034,5866813.52460993,1369644724,2013-05-27 04:52:04
"1063",662943.95387483,5866819.23689946,1369646137,2013-05-27 05:15:37
"1064",662942.480083401,5866813.96527165,1369647505.5,2013-05-27 05:38:25
"1065",662940.681607245,5866812.52947753,1369649349.5,2013-05-27 06:09:09
"1066",662944.856932397,5866805.24968422,1369650712,2013-05-27 06:31:52
"1067",663006.799148733,5866861.219757,1369652440,2013-05-27 07:00:40
"1068",662980.489503104,5866843.83580655,1369653823,2013-05-27 07:23:43
"1069",662976.163168753,5866839.35293897,1369655227,2013-05-27 07:47:07
"1070",662977.809147222,5866833.45184818,1369656153,2013-05-27 08:02:33
"1071",662941.509094036,5866821.39782791,1369658301.5,2013-05-27 08:38:21
"1072",662938.009245835,5866819.33673508,1369659677,2013-05-27 09:01:17
"1073",662933.236476758,5866821.29656652,1369661029.5,2013-05-27 09:23:49
"1074",662938.498563172,5866827.65923288,1369662839,2013-05-27 09:53:59
"1075",662952.819194653,5866816.83078122,1369667340.5,2013-05-27 11:09:00
"1076",662925.093929743,5866847.7264832,1369670491,2013-05-27 12:01:31
"1077",662939.665314879,5866824.29163265,1369671838.5,2013-05-27 12:23:58
"1078",662928.170066812,5866821.29248139,1369674519.5,2013-05-27 13:08:39
"1079",662924.016823273,5866814.37159254,1369676332,2013-05-27 13:38:52
"1080",663859.636773957,5867261.29061624,1369681354,2013-05-27 15:02:34
"1081",664242.773389195,5867034.93651488,1369683146,2013-05-27 15:32:26
"1082",661903.689186465,5865802.98505177,1369690413,2013-05-27 17:33:33
"1083",661903.395777011,5865807.11700442,1369692219,2013-05-27 18:03:39
"1084",661900.533547063,5865804.97234873,1369694011,2013-05-27 18:33:31
"1085",661901.157717885,5865809.03488048,1369695801,2013-05-27 19:03:21
"1086",661900.120216031,5865807.66401017,1369697615,2013-05-27 19:33:35
"1087",661901.17480611,5865806.1183822,1369699448,2013-05-27 20:04:08
"1088",661902.452031664,5865806.36164144,1369701241,2013-05-27 20:34:01
"1089",661900.753874997,5865804.62345693,1369703033,2013-05-27 21:03:53
"1090",661905.514282096,5865803.5473068,1369704822,2013-05-27 21:33:42
"1091",661977.630904066,5865758.82654143,1369706635,2013-05-27 22:03:55
"1092",661964.23434751,5865809.08054982,1369708426,2013-05-27 22:33:46
"1093",661975.726977173,5865757.00348661,1369710227,2013-05-27 23:03:47
"1094",660827.072127968,5861253.14524891,1369714298,2013-05-28 00:11:38
"1095",660978.19169247,5863476.43921393,1369716982,2013-05-28 00:56:22
"1096",660970.400193944,5863464.56706157,1369717878,2013-05-28 01:11:18
"1097",660976.170623049,5863469.00133789,1369721061,2013-05-28 02:04:21
"1098",660977.529636255,5863473.67825584,1369722861,2013-05-28 02:34:21
"1099",660982.777308354,5863450.97341982,1369724213,2013-05-28 02:56:53
"1100",662947.17872039,5866823.16478835,1369726005,2013-05-28 03:26:45
"1101",662946.111537711,5866820.69596152,1369727348.5,2013-05-28 03:49:08
"1102",662946.006026514,5866816.24992826,1369730069,2013-05-28 04:34:29
"1103",662948.706909531,5866817.96115347,1369731412,2013-05-28 04:56:52
"1104",662888.245661782,5866831.28425317,1369733220,2013-05-28 05:27:00
"1105",662896.995093607,5866853.22976796,1369734591,2013-05-28 05:49:51
"1106",662890.500371018,5866845.61190669,1369735956,2013-05-28 06:12:36
"1107",662966.554560102,5866799.9256925,1369737956,2013-05-28 06:45:56
"1108",662968.783039885,5866795.70324389,1369738851,2013-05-28 07:00:51
"1109",662961.147916795,5866803.81810401,1369740644,2013-05-28 07:30:44
"1110",662911.591014815,5866852.57582934,1369743810.5,2013-05-28 08:23:30
"1111",662915.928341718,5866856.53569822,1369746050,2013-05-28 09:00:50
"1112",662900.720265621,5866844.932672,1369748276.5,2013-05-28 09:37:56
"1113",662904.372350611,5866838.89888524,1369749618,2013-05-28 10:00:18
"1114",662935.38423446,5866818.16807768,1369751456,2013-05-28 10:30:56
"1115",636775.659247367,5805210.72914416,1369763217,2013-05-28 13:46:57
"1116",636802.149716089,5805205.97840861,1369765877,2013-05-28 14:31:17
"1117",636814.264104693,5805201.40689864,1369767663,2013-05-28 15:01:03
"1118",636783.012023529,5805203.73247788,1369769462,2013-05-28 15:31:02
"1119",636784.981920706,5805201.71707434,1369771292,2013-05-28 16:01:32
"1120",636767.154849325,5805184.90526318,1369773153,2013-05-28 16:32:33
"1121",661813.539124003,5872142.8981535,1369799245,2013-05-28 23:47:25
"1122",662865.07946971,5866846.23445151,1369801980,2013-05-29 00:33:00
"1123",662870.069632818,5866846.50312817,1369803771,2013-05-29 01:02:51
"1124",662876.838836382,5866833.5378772,1369805133,2013-05-29 01:25:33
"1125",662884.851967243,5866833.45213792,1369806475,2013-05-29 01:47:55
"1126",662890.224528691,5866839.33415068,1369808267,2013-05-29 02:17:47
"1127",662898.888828928,5866837.29970181,1369809611,2013-05-29 02:40:11
"1128",662888.577119154,5866836.71213734,1369810966,2013-05-29 03:02:46
"1129",662888.214540188,5866834.89618614,1369812771,2013-05-29 03:32:51
"1130",662889.393998074,5866836.13291558,1369814126,2013-05-29 03:55:26
"1131",662912.828678882,5866845.51413576,1369815484,2013-05-29 04:18:04
"1132",662947.084588746,5866840.7923129,1369817274,2013-05-29 04:47:54
"1133",663850.004990104,5867251.60519229,1369820146,2013-05-29 05:35:46
"1134",663854.336063953,5867248.7850693,1369821675,2013-05-29 06:01:15
"1135",663833.77123061,5867250.29109396,1369823607,2013-05-29 06:33:27
"1136",663832.817470542,5867253.21481005,1369824953,2013-05-29 06:55:53
"1137",662906.969727308,5866853.43853275,1369827209,2013-05-29 07:33:29
"1138",662930.005867225,5866828.39672746,1369829449.5,2013-05-29 08:10:49
"1139",662930.158163099,5866824.8835241,1369830952,2013-05-29 08:35:52
"1140",662938.645954823,5866817.02009816,1369832773,2013-05-29 09:06:13
"1141",662942.154369638,5866820.12251029,1369833698,2013-05-29 09:21:38
"1142",662940.610418188,5866820.21510458,1369834600,2013-05-29 09:36:40
"1143",662942.651434582,5866758.59050263,1369836392,2013-05-29 10:06:32
"1144",662946.313209441,5866817.7132918,1369841796,2013-05-29 11:36:36
"1145",664297.180522701,5867059.58091823,1369854835,2013-05-29 15:13:55
"1146",664285.149082761,5867058.82599337,1369855754,2013-05-29 15:29:14
"1147",663954.405671781,5867370.59702661,1369858478,2013-05-29 16:14:38
"1148",664251.24892346,5866970.58008785,1369862096,2013-05-29 17:14:56
"1149",663985.144237307,5867343.31670507,1369865698,2013-05-29 18:14:58
"1150",663984.618247142,5867355.42390895,1369867533,2013-05-29 18:45:33
"1151",664005.825655883,5867351.23479739,1369869351,2013-05-29 19:15:51
"1152",664005.481818008,5867349.47504472,1369871143,2013-05-29 19:45:43
"1153",664003.171406251,5867348.96225506,1369872966,2013-05-29 20:16:06
"1154",664008.587691333,5867345.98432083,1369874774,2013-05-29 20:46:14
"1155",663997.027096323,5867343.27534264,1369876580,2013-05-29 21:16:20
"1156",664006.895624958,5867347.86412871,1369878398,2013-05-29 21:46:38
"1157",664003.086162082,5867347.51191722,1369883815,2013-05-29 23:16:55
"1158",664298.964820848,5867078.80361372,1369886073.5,2013-05-29 23:54:33
"1159",664292.230832164,5867054.47433225,1369890641,2013-05-30 01:10:41
"1160",664303.490077744,5867040.07162081,1369892453,2013-05-30 01:40:53
"1161",664302.977023492,5867454.71899725,1369895205,2013-05-30 02:26:45
"1162",664288.986532027,5867424.40281519,1369897457,2013-05-30 03:04:17
"1163",664240.47608739,5866984.03637313,1369901512,2013-05-30 04:11:52
"1164",664244.848371764,5866986.64032052,1369902864,2013-05-30 04:34:24
"1165",664244.304077838,5866995.90768893,1369904227.5,2013-05-30 04:57:07
"1166",664263.394540924,5866989.13121349,1369906495,2013-05-30 05:34:55
"1167",664260.780897895,5866986.05825766,1369907391,2013-05-30 05:49:51
"1168",664261.915405934,5866985.64038855,1369908780,2013-05-30 06:13:00
"1169",664256.603510032,5866985.43724676,1369910127,2013-05-30 06:35:27
"1170",664255.771036776,5866988.64337847,1369911471,2013-05-30 06:57:51
"1171",664281.47758965,5866998.40385696,1369913285,2013-05-30 07:28:05
"1172",664308.144009228,5867004.77334055,1369914641,2013-05-30 07:50:41
"1173",664312.246449917,5867008.58178727,1369916016,2013-05-30 08:13:36
"1174",664321.6243876,5867018.59909669,1369917806,2013-05-30 08:43:26
"1175",664319.898767689,5867023.33358088,1369919150,2013-05-30 09:05:50
"1176",664312.689491854,5867016.90854342,1369920062,2013-05-30 09:21:02
"1177",664259.258357372,5866983.54576195,1369922798,2013-05-30 10:06:38
"1178",664252.625575427,5866981.52731571,1369923697,2013-05-30 10:21:37
"1179",664238.363116957,5866978.21363601,1369925317.5,2013-05-30 10:48:37
"1180",664238.267368153,5866982.50816457,1369926669,2013-05-30 11:11:09
"1181",664253.076326578,5866991.90302197,1369928014.5,2013-05-30 11:33:34
"1182",664290.607447118,5867005.13917997,1369929805,2013-05-30 12:03:25
"1183",664317.445053904,5866998.77707004,1369933006,2013-05-30 12:56:46
"1184",664327.65193298,5867000.36064842,1369933904,2013-05-30 13:11:44
"1185",664332.908847618,5867024.19986541,1369935694,2013-05-30 13:41:34
"1186",664347.078875901,5867029.43133594,1369937087.5,2013-05-30 14:04:47
"1187",664343.605131871,5867021.68607377,1369938908,2013-05-30 14:35:08
"1188",663980.926789418,5867369.01567861,1369944818,2013-05-30 16:13:38
"1189",663984.087694606,5867350.2507613,1369946620,2013-05-30 16:43:40
"1190",664004.920753731,5867347.57429621,1369952090,2013-05-30 18:14:50
"1191",664007.031918012,5867347.81309222,1369953897,2013-05-30 18:44:57
"1192",664004.245857485,5867346.4490678,1369955702,2013-05-30 19:15:02
"1193",664000.224613344,5867347.18080433,1369957511,2013-05-30 19:45:11
"1194",664005.310110093,5867346.80814455,1369959338,2013-05-30 20:15:38
"1195",664002.907517501,5867348.80853854,1369961160,2013-05-30 20:46:00
"1196",664005.83940025,5867347.07109271,1369962988,2013-05-30 21:16:28
"1197",664284.832820651,5867001.73029569,1369966604,2013-05-30 22:16:44
"1198",663992.518977401,5867344.07960509,1369970228,2013-05-30 23:17:08
"1199",664292.07041529,5866988.35968515,1369973831,2013-05-31 00:17:11
"1200",664288.425573304,5866987.51183163,1369975640,2013-05-31 00:47:20
"1201",664296.374101514,5867001.07674581,1369977432,2013-05-31 01:17:12
"1202",664329.880026243,5867025.02082327,1369979246,2013-05-31 01:47:26
"1203",664258.659153222,5866989.6825668,1369985175,2013-05-31 03:26:15
"1204",664254.525519071,5866983.4291458,1369986535,2013-05-31 03:48:55
"1205",664260.743250747,5866980.44535837,1369989686.5,2013-05-31 04:41:26
"1206",664253.303585143,5866984.33952125,1369991478,2013-05-31 05:11:18
"1207",664233.708319205,5866982.03005811,1369992849,2013-05-31 05:34:09
"1208",664216.707790789,5866966.94350465,1369994219,2013-05-31 05:56:59
"1209",664241.138341529,5866952.33210098,1369995573,2013-05-31 06:19:33
"1210",664226.893302801,5866974.49403,1369996998,2013-05-31 06:43:18
"1211",664264.799984052,5866992.11849286,1369998837,2013-05-31 07:13:57
"1212",664252.383985531,5866987.43691033,1370000197,2013-05-31 07:36:37
"1213",664277.285613215,5866987.4442132,1370002436,2013-05-31 08:13:56
"1214",664269.975864248,5866971.51837353,1370004214,2013-05-31 08:43:34
"1215",664294.499538297,5867000.01082572,1370006048,2013-05-31 09:14:08
"1216",664303.490969974,5867024.83452608,1370007828,2013-05-31 09:43:48
"1217",664353.481984523,5867012.21891947,1370009642,2013-05-31 10:14:02
"1218",664348.423252105,5867032.33305465,1370011478,2013-05-31 10:44:38
