"V6","lng","lat","date_time","icons","index"
"1001-2012","5.43369420912668","52.9209155447117","2012-05-11T05:32:51Z","2","1"
"1001-2012","5.4307805","52.9237019","2012-05-11T05:32:51Z","1","2"
"1001-2012","5.4307872","52.9237168","2012-05-11T05:47:57Z","1","3"
"1001-2012","5.4349902","52.9225568","2012-05-11T06:17:55Z","1","4"
"1001-2012","5.4341653","52.9201272","2012-05-11T06:32:50Z","1","5"
"1001-2012","5.4341291","52.9201267","2012-05-11T06:47:41Z","1","6"
"1001-2012","5.4349181","52.9216955","2012-05-11T07:02:36Z","1","7"
"1001-2012","5.4329005","52.9213611","2012-05-11T07:17:52Z","1","8"
"1001-2012","5.4329905","52.9211834","2012-05-11T07:32:46Z","1","9"
"1001-2012","5.4325886","52.9209574","2012-05-11T07:47:40Z","1","10"
"1001-2012","5.4339441","52.9207722","2012-05-11T08:03:09Z","1","11"
"1001-2012","5.4341557","52.9209109","2012-05-11T08:18:07Z","1","12"
"1001-2012","5.433898","52.9209585","2012-05-11T08:33:33Z","1","13"
"1001-2012","5.4335914","52.9210939","2012-05-11T08:48:26Z","1","14"
"1001-2012","5.4335606","52.9211244","2012-05-11T09:03:40Z","1","15"
"1001-2012","5.433365","52.921155","2012-05-11T09:18:35Z","1","16"
"1001-2012","5.4334818","52.9210871","2012-05-11T09:33:32Z","1","17"
"1001-2012","5.4336551","52.9211747","2012-05-11T09:48:29Z","1","18"
"1001-2012","5.43372","52.9211024","2012-05-11T10:03:49Z","1","19"
"1001-2012","5.4338174","52.9209847","2012-05-11T10:18:51Z","1","20"
"1001-2012","5.4337497","52.9210775","2012-05-11T10:34:10Z","1","21"
"1001-2012","5.4337395","52.9211314","2012-05-11T10:49:03Z","1","22"
"1001-2012","5.433262","52.9210663","2012-05-11T11:04:06Z","1","23"
"1001-2012","5.4333985","52.9210746","2012-05-11T11:19:07Z","1","24"
"1001-2012","5.4338173","52.9206585","2012-05-11T11:34:02Z","1","25"
"1001-2012","5.4339508","52.9208285","2012-05-11T11:48:58Z","1","26"
"1001-2012","5.433835","52.9209075","2012-05-11T12:03:58Z","1","27"
"1001-2012","5.4338423","52.9209105","2012-05-11T12:19:07Z","1","28"
"1001-2012","5.4338491","52.9209065","2012-05-11T12:34:02Z","1","29"
"1001-2012","5.4332314","52.9211401","2012-05-11T12:48:59Z","1","30"
"1001-2012","5.4333254","52.920588","2012-05-11T13:03:55Z","1","31"
"1001-2012","5.4333656","52.9208518","2012-05-11T13:18:51Z","1","32"
"1001-2012","5.433383","52.9208919","2012-05-11T13:34:09Z","1","33"
"1001-2012","5.4332626","52.9205312","2012-05-11T13:48:58Z","1","34"
"1001-2012","5.433186","52.9205795","2012-05-11T14:04:10Z","1","35"
"1001-2012","5.4331947","52.9205614","2012-05-11T14:19:06Z","1","36"
"1001-2012","5.4333145","52.920599","2012-05-11T14:34:01Z","1","37"
"1001-2012","5.433577","52.9210198","2012-05-11T14:49:10Z","1","38"
"1001-2012","5.43348","52.920861","2012-05-11T15:04:40Z","1","39"
"1001-2012","5.4332235","52.9205661","2012-05-11T15:19:36Z","1","40"
"1001-2012","5.4336692","52.92083","2012-05-11T15:34:49Z","1","41"
"1001-2012","5.4334207","52.9209329","2012-05-11T15:49:45Z","1","42"
"1001-2012","5.433881","52.9210011","2012-05-11T16:19:48Z","1","43"
"1001-2012","5.4336031","52.9206177","2012-05-11T16:50:07Z","1","44"
"1001-2012","5.4330726","52.9205447","2012-05-11T17:20:10Z","1","45"
"1001-2012","5.4329125","52.9206552","2012-05-11T17:50:06Z","1","46"
"1001-2012","5.4332474","52.920881","2012-05-11T18:20:39Z","1","47"
"1001-2012","5.4395176","52.9307454","2012-05-11T18:50:47Z","1","48"
"1001-2012","5.439929","52.9307719","2012-05-11T19:20:43Z","1","49"
"1001-2012","5.4398451","52.9307393","2012-05-11T19:50:44Z","1","50"
"1001-2012","5.4398373","52.930768","2012-05-11T20:21:13Z","1","51"
"1001-2012","5.4395494","52.9307134","2012-05-11T20:51:36Z","1","52"
"1001-2012","5.4395079","52.9307112","2012-05-11T21:21:27Z","1","53"
"1001-2012","5.439566","52.9307121","2012-05-11T21:51:19Z","1","54"
"1001-2012","5.4394983","52.930708","2012-05-11T22:21:43Z","1","55"
"1001-2012","5.4394659","52.9307519","2012-05-11T22:51:47Z","1","56"
"1001-2012","5.4394279","52.9307235","2012-05-11T23:22:09Z","1","57"
"1001-2012","5.4394404","52.9307332","2012-05-11T23:52:23Z","1","58"
"1001-2012","5.4346512","52.9207978","2012-05-12T00:22:13Z","1","59"
"1001-2012","5.4338172","52.9208619","2012-05-12T00:52:07Z","1","60"
"1001-2012","5.4337451","52.9208853","2012-05-12T01:21:59Z","1","61"
"1001-2012","5.4338006","52.9209135","2012-05-12T01:52:39Z","1","62"
"1001-2012","5.4337872","52.9209151","2012-05-12T02:22:29Z","1","63"
"1001-2012","5.4337981","52.9209123","2012-05-12T02:52:20Z","1","64"
"1001-2012","5.4337507","52.9209288","2012-05-12T03:07:32Z","1","65"
"1001-2012","5.4337529","52.9209219","2012-05-12T03:22:29Z","1","66"
"1001-2012","5.4338013","52.920918","2012-05-12T03:37:24Z","1","67"
"1001-2012","5.433744","52.9209329","2012-05-12T03:52:20Z","1","68"
"1001-2012","5.4337857","52.9209199","2012-05-12T04:22:40Z","1","69"
"1001-2012","5.433776","52.920918","2012-05-12T04:37:40Z","1","70"
"1001-2012","5.4337686","52.9209291","2012-05-12T04:52:52Z","1","71"
"1001-2012","5.4337866","52.9208893","2012-05-12T05:07:58Z","1","72"
"1001-2012","5.4337333","52.9209038","2012-05-12T05:23:11Z","1","73"
"1001-2012","5.4339012","52.9208649","2012-05-12T05:38:26Z","1","74"
"1001-2012","5.4338038","52.9208828","2012-05-12T05:53:39Z","1","75"
"1001-2012","5.4336826","52.9208437","2012-05-12T06:08:35Z","1","76"
"1001-2012","5.4335054","52.9207766","2012-05-12T06:23:47Z","1","77"
"1001-2012","5.4334139","52.9208278","2012-05-12T06:38:43Z","1","78"
"1001-2012","5.433693","52.9210184","2012-05-12T06:53:40Z","1","79"
"1001-2012","5.4336458","52.9208986","2012-05-12T07:08:35Z","1","80"
"1001-2012","5.4337207","52.9209458","2012-05-12T07:23:31Z","1","81"
"1001-2012","5.4336343","52.9210019","2012-05-12T07:38:30Z","1","82"
"1001-2012","5.4337047","52.9209213","2012-05-12T07:53:30Z","1","83"
"1001-2012","5.4337869","52.9209285","2012-05-12T08:09:09Z","1","84"
"1001-2012","5.4337913","52.9209297","2012-05-12T08:24:02Z","1","85"
"1001-2012","5.4338012","52.9208968","2012-05-12T08:38:58Z","1","86"
"1001-2012","5.4337627","52.9209112","2012-05-12T08:53:56Z","1","87"
"1001-2012","5.4338025","52.9208721","2012-05-12T09:08:50Z","1","88"
"1001-2012","5.4338099","52.9208853","2012-05-12T09:23:46Z","1","89"
"1001-2012","5.4332844","52.9205068","2012-05-12T09:38:43Z","1","90"
"1001-2012","5.4335458","52.9204239","2012-05-12T09:53:54Z","1","91"
"1001-2012","5.4333682","52.9205047","2012-05-12T10:08:49Z","1","92"
"1001-2012","5.433543","52.9204559","2012-05-12T10:23:46Z","1","93"
"1001-2012","5.4332668","52.9205472","2012-05-12T10:39:10Z","1","94"
"1001-2012","5.4331735","52.9206073","2012-05-12T10:54:09Z","1","95"
"1001-2012","5.43317","52.9206099","2012-05-12T11:09:05Z","1","96"
"1001-2012","5.4332329","52.920698","2012-05-12T11:24:20Z","1","97"
"1001-2012","5.4334076","52.9208303","2012-05-12T11:39:13Z","1","98"
"1001-2012","5.4334386","52.9208088","2012-05-12T11:54:09Z","1","99"
"1001-2012","5.4334987","52.9208299","2012-05-12T12:09:33Z","1","100"
"1001-2012","5.4337867","52.9209295","2012-05-12T12:24:33Z","1","101"
"1001-2012","5.4337933","52.9209386","2012-05-12T12:39:28Z","1","102"
"1001-2012","5.4337933","52.9209334","2012-05-12T12:54:24Z","1","103"
"1001-2012","5.4338066","52.9209257","2012-05-12T13:09:36Z","1","104"
"1001-2012","5.4338203","52.9209039","2012-05-12T13:24:33Z","1","105"
"1001-2012","5.4337611","52.9209378","2012-05-12T13:39:29Z","1","106"
"1001-2012","5.4332673","52.9206862","2012-05-12T13:54:26Z","1","107"
"1001-2012","5.4332657","52.9205912","2012-05-12T14:09:39Z","1","108"
"1001-2012","5.4330658","52.9205869","2012-05-12T14:24:35Z","1","109"
"1001-2012","5.4330158","52.9206532","2012-05-12T14:39:44Z","1","110"
"1001-2012","5.4334581","52.920499","2012-05-12T14:55:08Z","1","111"
"1001-2012","5.4334168","52.9205116","2012-05-12T15:10:08Z","1","112"
"1001-2012","5.4335805","52.9204406","2012-05-12T15:25:04Z","1","113"
"1001-2012","5.433504","52.9204501","2012-05-12T15:39:59Z","1","114"
"1001-2012","5.4336612","52.9204371","2012-05-12T15:54:55Z","1","115"
"1001-2012","5.4335186","52.9204612","2012-05-12T16:25:14Z","1","116"
"1001-2012","5.4331595","52.9205025","2012-05-12T16:55:14Z","1","117"
"1001-2012","5.4338043","52.9209076","2012-05-12T17:25:03Z","1","118"
"1001-2012","5.4328163","52.9206726","2012-05-12T17:55:12Z","1","119"
"1001-2012","5.4343779","52.9215906","2012-05-12T18:25:40Z","1","120"
"1001-2012","5.4095778","52.9150708","2012-05-12T18:55:27Z","1","121"
"1001-2012","5.4087537","52.9156202","2012-05-12T19:25:19Z","1","122"
"1001-2012","5.4087304","52.9156796","2012-05-12T19:55:32Z","1","123"
"1001-2012","5.4087235","52.9156582","2012-05-12T20:25:37Z","1","124"
"1001-2012","5.4092567","52.9170095","2012-05-12T20:55:31Z","1","125"
"1001-2012","5.4091863","52.9170431","2012-05-12T21:25:37Z","1","126"
"1001-2012","5.4090986","52.9169771","2012-05-12T21:55:40Z","1","127"
"1001-2012","5.409092","52.9169913","2012-05-12T22:25:33Z","1","128"
"1001-2012","5.4090489","52.9169824","2012-05-12T22:55:48Z","1","129"
"1001-2012","5.4090582","52.9170125","2012-05-12T23:26:03Z","1","130"
"1001-2012","5.409019","52.9170139","2012-05-12T23:55:57Z","1","131"
"1001-2012","5.4344253","52.9216251","2012-05-13T00:25:58Z","1","132"
"1001-2012","5.4347236","52.921078","2012-05-13T00:56:39Z","1","133"
"1001-2012","5.4337726","52.9209155","2012-05-13T01:26:37Z","1","134"
"1001-2012","5.4337819","52.9209118","2012-05-13T01:56:31Z","1","135"
"1001-2012","5.4337813","52.9209081","2012-05-13T02:27:03Z","1","136"
"1001-2012","5.4337606","52.9209058","2012-05-13T02:56:58Z","1","137"
"1001-2012","5.4337625","52.9209353","2012-05-13T03:11:56Z","1","138"
"1001-2012","5.4338232","52.9209645","2012-05-13T03:26:55Z","1","139"
"1001-2012","5.4337716","52.9209241","2012-05-13T03:41:47Z","1","140"
"1001-2012","5.4337425","52.9209234","2012-05-13T03:57:03Z","1","141"
"1001-2012","5.4337538","52.9209212","2012-05-13T04:12:09Z","1","142"
"1001-2012","5.433775","52.9209081","2012-05-13T04:27:07Z","1","143"
"1001-2012","5.43377","52.9209304","2012-05-13T04:42:02Z","1","144"
"1001-2012","5.4337961","52.9209417","2012-05-13T04:57:27Z","1","145"
"1001-2012","5.4338264","52.9209047","2012-05-13T05:12:27Z","1","146"
"1001-2012","5.4338886","52.9209217","2012-05-13T05:27:38Z","1","147"
"1001-2012","5.4338388","52.92097","2012-05-13T05:42:44Z","1","148"
"1001-2012","5.433841","52.9209768","2012-05-13T05:57:57Z","1","149"
"1001-2012","5.4334382","52.9210236","2012-05-13T06:13:08Z","1","150"
"1001-2012","5.4335227","52.921093","2012-05-13T06:28:40Z","1","151"
"1001-2012","5.4337129","52.9211546","2012-05-13T06:43:38Z","1","152"
"1001-2012","5.4338386","52.9208879","2012-05-13T07:13:46Z","1","153"
"1001-2012","5.4338278","52.9209124","2012-05-13T07:28:41Z","1","154"
"1001-2012","5.4338073","52.9208843","2012-05-13T07:43:40Z","1","155"
"1001-2012","5.4338157","52.9208793","2012-05-13T07:58:33Z","1","156"
"1001-2012","5.4337688","52.9209233","2012-05-13T08:13:30Z","1","157"
"1001-2012","5.4337697","52.9209301","2012-05-13T08:28:26Z","1","158"
"1001-2012","5.4337896","52.9209125","2012-05-13T08:43:34Z","1","159"
"1001-2012","5.4337816","52.9209202","2012-05-13T08:58:50Z","1","160"
"1001-2012","5.4337794","52.9209223","2012-05-13T09:13:45Z","1","161"
"1001-2012","5.4337819","52.9209243","2012-05-13T09:28:40Z","1","162"
"1001-2012","5.4337572","52.9208866","2012-05-13T09:43:35Z","1","163"
"1001-2012","5.4337493","52.9209226","2012-05-13T09:58:32Z","1","164"
"1001-2012","5.4337446","52.9209144","2012-05-13T10:13:30Z","1","165"
"1001-2012","5.4334937","52.9204194","2012-05-13T10:28:40Z","1","166"
"1001-2012","5.4333825","52.9203998","2012-05-13T10:43:38Z","1","167"
"1001-2012","5.4334358","52.9203668","2012-05-13T10:58:32Z","1","168"
"1001-2012","5.4329806","52.9207218","2012-05-13T11:13:41Z","1","169"
"1001-2012","5.4339256","52.9209393","2012-05-13T11:29:19Z","1","170"
"1001-2012","5.4341151","52.9207608","2012-05-13T11:44:08Z","1","171"
"1001-2012","5.4339316","52.9207035","2012-05-13T12:14:57Z","1","172"
"1001-2012","5.4329918","52.9206091","2012-05-13T12:45:24Z","1","173"
"1001-2012","5.4336104","52.9210612","2012-05-13T13:00:36Z","1","174"
"1001-2012","5.4338075","52.9208897","2012-05-13T13:30:31Z","1","175"
"1001-2012","5.4338093","52.9209108","2012-05-13T13:45:43Z","1","176"
"1001-2012","5.4337781","52.920912","2012-05-13T14:01:09Z","1","177"
"1001-2012","5.4337636","52.9209238","2012-05-13T14:16:07Z","1","178"
"1001-2012","5.4337851","52.9209293","2012-05-13T14:31:02Z","1","179"
"1001-2012","5.4337908","52.9209491","2012-05-13T14:45:58Z","1","180"
"1001-2012","5.4333307","52.920441","2012-05-13T15:00:54Z","1","181"
"1001-2012","5.4335629","52.9203783","2012-05-13T15:15:51Z","1","182"
"1001-2012","5.4326809","52.9207061","2012-05-13T15:31:02Z","1","183"
"1001-2012","5.4329523","52.9204855","2012-05-13T15:45:58Z","1","184"
"1001-2012","5.4330015","52.9206298","2012-05-13T16:00:54Z","1","185"
"1001-2012","5.4326854","52.9204771","2012-05-13T16:30:57Z","1","186"
"1001-2012","5.4330428","52.9205782","2012-05-13T17:01:39Z","1","187"
"1001-2012","5.4345075","52.921313","2012-05-13T17:31:45Z","1","188"
"1001-2012","5.4345846","52.9213206","2012-05-13T18:01:52Z","1","189"
"1001-2012","5.4342909","52.9212884","2012-05-13T18:32:09Z","1","190"
"1001-2012","5.4338447","52.9214968","2012-05-13T19:02:15Z","1","191"
"1001-2012","5.4395268","52.9308638","2012-05-13T19:32:09Z","1","192"
"1001-2012","5.4395718","52.9309662","2012-05-13T20:02:02Z","1","193"
"1001-2012","5.439728","52.9309662","2012-05-13T20:32:33Z","1","194"
"1001-2012","5.4395188","52.9308989","2012-05-13T21:02:32Z","1","195"
"1001-2012","5.4396667","52.9308147","2012-05-13T21:32:23Z","1","196"
"1001-2012","5.4396521","52.930649","2012-05-13T22:02:57Z","1","197"
"1001-2012","5.4396601","52.9307104","2012-05-13T22:32:51Z","1","198"
"1001-2012","5.4396532","52.9306606","2012-05-13T23:02:57Z","1","199"
"1001-2012","5.439771","52.930582","2012-05-13T23:33:06Z","1","200"
"1001-2012","5.4342222","52.9218109","2012-05-14T00:03:16Z","1","201"
"1001-2012","5.4338237","52.9213656","2012-05-14T00:33:07Z","1","202"
"1001-2012","5.4337641","52.92086","2012-05-14T01:03:00Z","1","203"
"1001-2012","5.4337777","52.920898","2012-05-14T02:03:27Z","1","204"
"1001-2012","5.4338281","52.9208911","2012-05-14T02:33:39Z","1","205"
"1001-2012","5.4337874","52.9209022","2012-05-14T03:01:37Z","1","206"
"1001-2012","5.4337864","52.9209068","2012-05-14T03:16:33Z","1","207"
"1001-2012","5.4337899","52.9208805","2012-05-14T03:31:29Z","1","208"
"1001-2012","5.4337844","52.9209302","2012-05-14T04:01:21Z","1","209"
"1001-2012","5.4337533","52.920932","2012-05-14T04:16:17Z","1","210"
"1001-2012","5.4338028","52.9208895","2012-05-14T04:31:14Z","1","211"
"1001-2012","5.4337825","52.9209137","2012-05-14T04:46:27Z","1","212"
"1001-2012","5.4337978","52.9208923","2012-05-14T05:01:40Z","1","213"
"1001-2012","5.4335526","52.9211618","2012-05-14T05:16:33Z","1","214"
"1001-2012","5.4332386","52.9204988","2012-05-14T05:31:28Z","1","215"
"1001-2012","5.4339123","52.9209973","2012-05-14T05:46:25Z","1","216"
"1001-2012","5.4338377","52.9209461","2012-05-14T06:01:20Z","1","217"
"1001-2012","5.4338357","52.9208885","2012-05-14T06:16:34Z","1","218"
"1001-2012","5.4338368","52.9208897","2012-05-14T06:31:28Z","1","219"
"1001-2012","5.4337999","52.9209153","2012-05-14T06:46:24Z","1","220"
"1001-2012","5.433808","52.9209402","2012-05-14T07:01:20Z","1","221"
"1001-2012","5.4338076","52.9209571","2012-05-14T07:16:17Z","1","222"
"1001-2012","5.4337394","52.9210178","2012-05-14T07:31:24Z","1","223"
"1001-2012","5.4337808","52.9209688","2012-05-14T07:46:25Z","1","224"
"1001-2012","5.4338066","52.9209095","2012-05-14T08:02:09Z","1","225"
"1001-2012","5.4338373","52.9209085","2012-05-14T08:17:03Z","1","226"
"1001-2012","5.43421","52.9208013","2012-05-14T08:31:59Z","1","227"
"1001-2012","5.4340611","52.9208047","2012-05-14T08:46:55Z","1","228"
"1001-2012","5.4338177","52.9208884","2012-05-14T09:01:51Z","1","229"
"1001-2012","5.4337638","52.9208939","2012-05-14T09:16:48Z","1","230"
"1001-2012","5.4338865","52.9208532","2012-05-14T09:32:03Z","1","231"
"1001-2012","5.4338608","52.9208621","2012-05-14T09:46:55Z","1","232"
"1001-2012","5.4338543","52.9208802","2012-05-14T10:02:01Z","1","233"
"1001-2012","5.4338375","52.920891","2012-05-14T10:17:33Z","1","234"
"1001-2012","5.433782","52.9208937","2012-05-14T10:32:35Z","1","235"
"1001-2012","5.4337307","52.9209255","2012-05-14T10:47:28Z","1","236"
"1001-2012","5.4336009","52.9209694","2012-05-14T11:02:33Z","1","237"
"1001-2012","5.4337957","52.9208795","2012-05-14T11:18:09Z","1","238"
"1001-2012","5.4335345","52.9203247","2012-05-14T11:33:02Z","1","239"
"1001-2012","5.4332484","52.9205161","2012-05-14T11:47:58Z","1","240"
"1001-2012","5.4332156","52.9204674","2012-05-14T12:02:54Z","1","241"
"1001-2012","5.433171","52.9204947","2012-05-14T12:17:50Z","1","242"
"1001-2012","5.4334971","52.9204748","2012-05-14T12:32:46Z","1","243"
"1001-2012","5.4332961","52.9205675","2012-05-14T12:47:42Z","1","244"
"1001-2012","5.4335449","52.9204751","2012-05-14T13:02:53Z","1","245"
"1001-2012","5.4335792","52.9204656","2012-05-14T13:17:50Z","1","246"
"1001-2012","5.4332619","52.9205722","2012-05-14T13:32:45Z","1","247"
"1001-2012","5.433497","52.9205305","2012-05-14T13:47:53Z","1","248"
"1001-2012","5.4331918","52.9205279","2012-05-14T14:03:09Z","1","249"
"1001-2012","5.4333449","52.9204063","2012-05-14T14:18:05Z","1","250"
"1001-2012","5.4333956","52.920375","2012-05-14T14:33:17Z","1","251"
"1001-2012","5.4339165","52.920992","2012-05-14T14:48:39Z","1","252"
"1001-2012","5.4338734","52.9211158","2012-05-14T15:03:41Z","1","253"
"1001-2012","5.4332442","52.920545","2012-05-14T15:18:37Z","1","254"
"1001-2012","5.4333867","52.9204001","2012-05-14T15:33:32Z","1","255"
"1001-2012","5.4333178","52.9205216","2012-05-14T15:48:28Z","1","256"
"1001-2012","5.433606","52.9205245","2012-05-14T16:18:36Z","1","257"
"1001-2012","5.4332736","52.9205139","2012-05-14T16:48:29Z","1","258"
"1001-2012","5.4337955","52.9208959","2012-05-14T17:18:19Z","1","259"
"1001-2012","5.4337721","52.9208985","2012-05-14T17:48:28Z","1","260"
"1001-2012","5.4341134","52.9214724","2012-05-14T18:18:49Z","1","261"
"1001-2012","5.4347166","52.9218991","2012-05-14T18:48:57Z","1","262"
"1001-2012","5.4398059","52.9307777","2012-05-14T19:19:09Z","1","263"
"1001-2012","5.4395551","52.9307275","2012-05-14T19:49:16Z","1","264"
"1001-2012","5.4394305","52.9307961","2012-05-14T20:19:40Z","1","265"
"1001-2012","5.4394342","52.9308064","2012-05-14T20:49:32Z","1","266"
"1001-2012","5.4394265","52.9307002","2012-05-14T21:19:40Z","1","267"
"1001-2012","5.4394162","52.9308051","2012-05-14T21:49:31Z","1","268"
"1001-2012","5.4394398","52.9307893","2012-05-14T22:19:31Z","1","269"
"1001-2012","5.4394978","52.9307916","2012-05-14T22:49:55Z","1","270"
"1001-2012","5.4395566","52.9307478","2012-05-14T23:20:09Z","1","271"
"1001-2012","5.4396049","52.9307892","2012-05-14T23:50:00Z","1","272"
"1001-2012","5.4398952","52.9305084","2012-05-15T00:19:53Z","1","273"
"1001-2012","5.4337932","52.9209101","2012-05-15T00:50:33Z","1","274"
"1001-2012","5.4338021","52.9209093","2012-05-15T01:20:26Z","1","275"
"1001-2012","5.4337899","52.9209012","2012-05-15T01:50:17Z","1","276"
"1001-2012","5.4337671","52.9209078","2012-05-15T02:20:36Z","1","277"
"1001-2012","5.4337709","52.9209056","2012-05-15T02:50:44Z","1","278"
"1001-2012","5.4337784","52.9209366","2012-05-15T03:05:55Z","1","279"
"1001-2012","5.4337758","52.9209271","2012-05-15T03:21:07Z","1","280"
"1001-2012","5.4337866","52.9209039","2012-05-15T03:36:20Z","1","281"
"1001-2012","5.4337816","52.9209144","2012-05-15T03:52:09Z","1","282"
"1001-2012","5.4337894","52.9209097","2012-05-15T04:07:03Z","1","283"
"1001-2012","5.4337875","52.9209107","2012-05-15T04:22:00Z","1","284"
"1001-2012","5.433795","52.9209016","2012-05-15T04:36:56Z","1","285"
"1001-2012","5.4337956","52.9209209","2012-05-15T04:51:51Z","1","286"
"1001-2012","5.4338147","52.9209016","2012-05-15T05:06:48Z","1","287"
"1001-2012","5.4337894","52.9209103","2012-05-15T05:21:59Z","1","288"
"1001-2012","5.4337909","52.920912","2012-05-15T05:37:05Z","1","289"
"1001-2012","5.4337977","52.9208978","2012-05-15T05:52:07Z","1","290"
"1001-2012","5.4337969","52.9209171","2012-05-15T06:07:33Z","1","291"
"1001-2012","5.4337845","52.9209126","2012-05-15T06:22:31Z","1","292"
"1001-2012","5.4337981","52.9209018","2012-05-15T06:37:27Z","1","293"
"1001-2012","5.4337913","52.9209128","2012-05-15T06:52:23Z","1","294"
"1001-2012","5.4335862","52.9205048","2012-05-15T07:07:46Z","1","295"
"1001-2012","5.4334333","52.920589","2012-05-15T07:22:46Z","1","296"
"1001-2012","5.4335075","52.9207388","2012-05-15T07:37:42Z","1","297"
"1001-2012","5.4340033","52.9209354","2012-05-15T07:52:40Z","1","298"
"1001-2012","5.4333666","52.9206064","2012-05-15T08:07:35Z","1","299"
"1001-2012","5.4337763","52.9209621","2012-05-15T08:22:31Z","1","300"
"1001-2012","5.4337774","52.9208458","2012-05-15T08:37:41Z","1","301"
"1001-2012","5.4338715","52.9208104","2012-05-15T08:53:09Z","1","302"
"1001-2012","5.4337913","52.9209095","2012-05-15T09:08:06Z","1","303"
"1001-2012","5.4338112","52.9209034","2012-05-15T09:23:02Z","1","304"
"1001-2012","5.4338121","52.9208786","2012-05-15T09:37:58Z","1","305"
"1001-2012","5.4339557","52.9208901","2012-05-15T09:52:54Z","1","306"
"1001-2012","5.4339975","52.9208711","2012-05-15T10:07:49Z","1","307"
"1001-2012","5.4339354","52.9209068","2012-05-15T10:23:02Z","1","308"
"1001-2012","5.4337848","52.9209179","2012-05-15T10:52:56Z","1","309"
"1001-2012","5.4337651","52.9209008","2012-05-15T11:08:06Z","1","310"
"1001-2012","5.4338033","52.9209118","2012-05-15T11:23:01Z","1","311"
"1001-2012","5.4339309","52.921","2012-05-15T11:37:57Z","1","312"
"1001-2012","5.4329363","52.9206376","2012-05-15T11:52:55Z","1","313"
"1001-2012","5.4328999","52.920646","2012-05-15T12:09:09Z","1","314"
"1001-2012","5.4340906","52.9209402","2012-05-15T12:24:05Z","1","315"
"1001-2012","5.4340031","52.9209932","2012-05-15T12:39:00Z","1","316"
"1001-2012","5.4339679","52.9209725","2012-05-15T12:53:56Z","1","317"
"1001-2012","5.4341336","52.920943","2012-05-15T13:08:53Z","1","318"
"1001-2012","5.4341269","52.9208598","2012-05-15T13:23:49Z","1","319"
"1001-2012","5.4339964","52.9209692","2012-05-15T13:39:21Z","1","320"
"1001-2012","5.4338815","52.9209894","2012-05-15T13:54:39Z","1","321"
"1001-2012","5.4338788","52.921113","2012-05-15T14:10:09Z","1","322"
"1001-2012","5.4334377","52.921074","2012-05-15T14:25:08Z","1","323"
"1001-2012","5.4335646","52.9211543","2012-05-15T14:40:04Z","1","324"
"1001-2012","5.4339474","52.921014","2012-05-15T14:55:00Z","1","325"
"1001-2012","5.4338126","52.9209084","2012-05-15T15:09:55Z","1","326"
"1001-2012","5.433814","52.9209012","2012-05-15T15:25:07Z","1","327"
"1001-2012","5.4337967","52.9209056","2012-05-15T15:40:03Z","1","328"
"1001-2012","5.4338414","52.9208866","2012-05-15T15:54:59Z","1","329"
"1001-2012","5.4341338","52.9209259","2012-05-15T16:24:51Z","1","330"
"1001-2012","5.433351","52.9207529","2012-05-15T16:55:13Z","1","331"
"1001-2012","5.4339879","52.9210162","2012-05-15T17:25:17Z","1","332"
"1001-2012","5.4344197","52.9211513","2012-05-15T17:55:39Z","1","333"
"1001-2012","5.4333104","52.9210706","2012-05-15T18:25:38Z","1","334"
"1001-2012","5.4345895","52.9217501","2012-05-15T18:55:46Z","1","335"
"1001-2012","5.4396092","52.9308139","2012-05-15T19:25:42Z","1","336"
"1001-2012","5.439323","52.9310093","2012-05-15T19:55:35Z","1","337"
"1001-2012","5.4393303","52.9310731","2012-05-15T20:26:09Z","1","338"
"1001-2012","5.4393224","52.9309749","2012-05-15T20:56:01Z","1","339"
"1001-2012","5.4392907","52.930982","2012-05-15T21:25:53Z","1","340"
"1001-2012","5.439292","52.9310009","2012-05-15T21:56:02Z","1","341"
"1001-2012","5.4393889","52.9309184","2012-05-15T22:25:53Z","1","342"
"1001-2012","5.4393882","52.9309586","2012-05-15T22:55:55Z","1","343"
"1001-2012","5.4395852","52.930896","2012-05-15T23:26:02Z","1","344"
"1001-2012","5.4347554","52.920998","2012-05-15T23:56:39Z","1","345"
"1001-2012","5.4341702","52.9212034","2012-05-16T00:26:24Z","1","346"
"1001-2012","5.4337885","52.9209175","2012-05-16T00:56:15Z","1","347"
"1001-2012","5.4338155","52.9209053","2012-05-16T01:26:24Z","1","348"
"1001-2012","5.4338526","52.9209059","2012-05-16T01:56:18Z","1","349"
"1001-2012","5.4337809","52.9209183","2012-05-16T02:26:39Z","1","350"
"1001-2012","5.4338022","52.9209138","2012-05-16T02:56:58Z","1","351"
"1001-2012","5.4337429","52.9209313","2012-05-16T03:11:59Z","1","352"
"1001-2012","5.4337805","52.9209189","2012-05-16T03:26:55Z","1","353"
"1001-2012","5.4337949","52.9209052","2012-05-16T03:41:53Z","1","354"
"1001-2012","5.4337844","52.9209129","2012-05-16T03:56:46Z","1","355"
"1001-2012","5.4338035","52.920904","2012-05-16T04:11:43Z","1","356"
"1001-2012","5.4338004","52.9209041","2012-05-16T04:26:55Z","1","357"
"1001-2012","5.4337569","52.9209059","2012-05-16T04:41:50Z","1","358"
"1001-2012","5.4338148","52.9208904","2012-05-16T04:57:06Z","1","359"
"1001-2012","5.4339453","52.9210896","2012-05-16T05:11:58Z","1","360"
"1001-2012","5.433803","52.9204957","2012-05-16T05:26:54Z","1","361"
"1001-2012","5.4332468","52.920513","2012-05-16T05:41:50Z","1","362"
"1001-2012","5.4341515","52.9207923","2012-05-16T06:11:58Z","1","363"
"1001-2012","5.434","52.920875","2012-05-16T06:26:53Z","1","364"
"1001-2012","5.4337962","52.920891","2012-05-16T06:41:49Z","1","365"
"1001-2012","5.4337878","52.9209021","2012-05-16T06:56:45Z","1","366"
"1001-2012","5.4338113","52.9209009","2012-05-16T07:11:41Z","1","367"
"1001-2012","5.4336189","52.9210297","2012-05-16T07:26:41Z","1","368"
"1001-2012","5.4337611","52.9209635","2012-05-16T07:41:37Z","1","369"
"1001-2012","5.4337775","52.920977","2012-05-16T07:56:51Z","1","370"
"1001-2012","5.4338082","52.9209011","2012-05-16T08:12:09Z","1","371"
"1001-2012","5.4338094","52.92091","2012-05-16T08:27:10Z","1","372"
"1001-2012","5.4340916","52.9208308","2012-05-16T08:42:04Z","1","373"
"1001-2012","5.4342205","52.9208308","2012-05-16T08:57:00Z","1","374"
"1001-2012","5.4338782","52.9206636","2012-05-16T09:11:56Z","1","375"
"1001-2012","5.4340002","52.9207106","2012-05-16T09:27:08Z","1","376"
"1001-2012","5.4338109","52.9209095","2012-05-16T09:57:01Z","1","377"
"1001-2012","5.4338133","52.9209138","2012-05-16T10:12:09Z","1","378"
"1001-2012","5.4337919","52.9209282","2012-05-16T10:27:38Z","1","379"
"1001-2012","5.4337909","52.9209407","2012-05-16T10:42:36Z","1","380"
"1001-2012","5.4338309","52.920937","2012-05-16T10:57:32Z","1","381"
"1001-2012","5.4342269","52.9208732","2012-05-16T11:13:48Z","1","382"
"1001-2012","5.4329864","52.9206608","2012-05-16T11:31:39Z","1","383"
"1001-2012","5.4340055","52.9207371","2012-05-16T11:46:38Z","1","384"
"1001-2012","5.4340867","52.9207821","2012-05-16T12:01:31Z","1","385"
"1001-2012","5.4339748","52.9209844","2012-05-16T12:16:27Z","1","386"
"1001-2012","5.4336508","52.921128","2012-05-16T12:31:24Z","1","387"
"1001-2012","5.4336857","52.9211604","2012-05-16T12:46:36Z","1","388"
"1001-2012","5.4336065","52.9212354","2012-05-16T13:01:41Z","1","389"
"1001-2012","5.4336536","52.9211958","2012-05-16T13:16:58Z","1","390"
"1001-2012","5.4330952","52.9205579","2012-05-16T13:32:05Z","1","391"
"1001-2012","5.4329465","52.9206054","2012-05-16T13:47:07Z","1","392"
"1001-2012","5.4341946","52.9207357","2012-05-16T14:02:33Z","1","393"
"1001-2012","5.4337728","52.9209131","2012-05-16T14:17:31Z","1","394"
"1001-2012","5.4342506","52.9207998","2012-05-16T14:32:42Z","1","395"
"1001-2012","5.433503","52.9212711","2012-05-16T14:47:40Z","1","396"
"1001-2012","5.433477","52.9212654","2012-05-16T15:02:34Z","1","397"
"1001-2012","5.4337345","52.920647","2012-05-16T15:17:30Z","1","398"
"1001-2012","5.43317","52.9205834","2012-05-16T15:32:26Z","1","399"
"1001-2012","5.4327343","52.9206075","2012-05-16T15:47:21Z","1","400"
"1001-2012","5.4337562","52.9209084","2012-05-16T16:17:30Z","1","401"
"1001-2012","5.4336771","52.9208967","2012-05-16T16:47:48Z","1","402"
"1001-2012","5.4323388","52.9206292","2012-05-16T17:17:54Z","1","403"
"1001-2012","5.4325516","52.9208172","2012-05-16T17:49:39Z","1","404"
"1001-2012","5.4343222","52.9209786","2012-05-16T18:19:37Z","1","405"
"1001-2012","5.4398224","52.9309339","2012-05-16T18:49:29Z","1","406"
"1001-2012","5.4396104","52.9307639","2012-05-16T19:19:23Z","1","407"
"1001-2012","5.4396194","52.9308232","2012-05-16T19:49:57Z","1","408"
"1001-2012","5.439572","52.9308137","2012-05-16T20:20:09Z","1","409"
"1001-2012","5.4393587","52.9308601","2012-05-16T20:49:59Z","1","410"
"1001-2012","5.4399844","52.9308334","2012-05-16T21:20:19Z","1","411"
"1001-2012","5.4397641","52.9308683","2012-05-16T21:50:17Z","1","412"
"1001-2012","5.4396202","52.9307994","2012-05-16T22:20:39Z","1","413"
"1001-2012","5.4395715","52.930808","2012-05-16T22:51:05Z","1","414"
"1001-2012","5.4395387","52.9307827","2012-05-16T23:20:57Z","1","415"
"1001-2012","5.4395378","52.9307291","2012-05-16T23:51:08Z","1","416"
"1001-2012","5.4344956","52.9213522","2012-05-17T00:21:28Z","1","417"
"1001-2012","5.4341175","52.9214769","2012-05-17T00:51:50Z","1","418"
"1001-2012","5.4337989","52.9208859","2012-05-17T01:21:43Z","1","419"
"1001-2012","5.4338334","52.9209044","2012-05-17T01:51:49Z","1","420"
"1001-2012","5.4338053","52.9209134","2012-05-17T02:22:09Z","1","421"
"1001-2012","5.4337536","52.9209375","2012-05-17T02:52:05Z","1","422"
"1001-2012","5.4337759","52.9209198","2012-05-17T03:07:01Z","1","423"
"1001-2012","5.4337947","52.9209131","2012-05-17T03:21:57Z","1","424"
"1001-2012","5.433777","52.9209183","2012-05-17T03:37:09Z","1","425"
"1001-2012","5.433779","52.9209195","2012-05-17T03:52:09Z","1","426"
"1001-2012","5.4337895","52.9209145","2012-05-17T04:07:02Z","1","427"
"1001-2012","5.4340327","52.921212","2012-05-17T04:21:57Z","1","428"
"1001-2012","5.433803","52.9208906","2012-05-17T04:36:54Z","1","429"
"1001-2012","5.4332466","52.9207735","2012-05-17T04:52:06Z","1","430"
"1001-2012","5.4331632","52.920742","2012-05-17T05:07:12Z","1","431"
"1001-2012","5.4331996","52.9207026","2012-05-17T05:22:39Z","1","432"
"1001-2012","5.4331286","52.9206731","2012-05-17T05:37:50Z","1","433"
"1001-2012","5.4338571","52.920896","2012-05-17T05:52:52Z","1","434"
"1001-2012","5.4337927","52.9208895","2012-05-17T06:08:09Z","1","435"
"1001-2012","5.4337851","52.9208798","2012-05-17T06:23:00Z","1","436"
"1001-2012","5.4337851","52.9209003","2012-05-17T06:38:08Z","1","437"
"1001-2012","5.433786","52.9209114","2012-05-17T06:53:24Z","1","438"
"1001-2012","5.4337903","52.9208941","2012-05-17T07:08:20Z","1","439"
"1001-2012","5.4338149","52.9208842","2012-05-17T07:23:16Z","1","440"
"1001-2012","5.4338042","52.9208786","2012-05-17T07:38:13Z","1","441"
"1001-2012","5.4337821","52.9209014","2012-05-17T07:53:23Z","1","442"
"1001-2012","5.4337936","52.9209118","2012-05-17T08:08:23Z","1","443"
"1001-2012","5.4338022","52.9209103","2012-05-17T08:23:28Z","1","444"
"1001-2012","5.4338114","52.9209062","2012-05-17T08:39:10Z","1","445"
"1001-2012","5.433819","52.9209013","2012-05-17T08:54:11Z","1","446"
"1001-2012","5.4338137","52.9208907","2012-05-17T09:09:07Z","1","447"
"1001-2012","5.4338056","52.9208929","2012-05-17T09:24:03Z","1","448"
"1001-2012","5.4337893","52.9209136","2012-05-17T09:38:59Z","1","449"
"1001-2012","5.4338052","52.9209084","2012-05-17T09:53:56Z","1","450"
"1001-2012","5.4337942","52.9208916","2012-05-17T10:08:52Z","1","451"
"1001-2012","5.4337964","52.9209083","2012-05-17T10:23:46Z","1","452"
"1001-2012","5.4337836","52.9209043","2012-05-17T10:38:42Z","1","453"
"1001-2012","5.4337792","52.920892","2012-05-17T10:53:41Z","1","454"
"1001-2012","5.4330429","52.9206258","2012-05-17T11:09:04Z","1","455"
"1001-2012","5.4332134","52.9206401","2012-05-17T11:24:02Z","1","456"
"1001-2012","5.4332697","52.92072","2012-05-17T11:39:28Z","1","457"
"1001-2012","5.4332371","52.9207484","2012-05-17T11:54:56Z","1","458"
"1001-2012","5.433198","52.9206516","2012-05-17T12:09:54Z","1","459"
"1001-2012","5.4338183","52.9208806","2012-05-17T12:24:50Z","1","460"
"1001-2012","5.4338003","52.9208941","2012-05-17T12:39:46Z","1","461"
"1001-2012","5.4338269","52.9208716","2012-05-17T12:54:42Z","1","462"
"1001-2012","5.4337988","52.9208884","2012-05-17T13:09:37Z","1","463"
"1001-2012","5.4337574","52.9209262","2012-05-17T13:24:49Z","1","464"
"1001-2012","5.4332306","52.9207366","2012-05-17T13:40:49Z","1","465"
"1001-2012","5.4339582","52.9209278","2012-05-17T13:55:48Z","1","466"
"1001-2012","5.4329429","52.920683","2012-05-17T14:26:09Z","1","467"
"1001-2012","5.433728","52.9206018","2012-05-17T14:56:02Z","1","468"
"1001-2012","5.4334202","52.9207609","2012-05-17T15:26:09Z","1","469"
"1001-2012","5.4337493","52.9209098","2012-05-17T15:56:32Z","1","470"
"1001-2012","5.4342754","52.9208554","2012-05-17T16:26:37Z","1","471"
"1001-2012","5.4335293","52.9210525","2012-05-17T16:57:18Z","1","472"
"1001-2012","5.4331906","52.9204516","2012-05-17T17:27:29Z","1","473"
"1001-2012","5.433888","52.9209114","2012-05-17T17:57:34Z","1","474"
"1001-2012","5.4377699","52.9241973","2012-05-17T18:27:43Z","1","475"
"1001-2012","5.4380403","52.9242261","2012-05-17T18:57:36Z","1","476"
"1001-2012","5.4397405","52.9307146","2012-05-17T19:27:38Z","1","477"
"1001-2012","5.4397573","52.9306998","2012-05-17T19:58:10Z","1","478"
"1001-2012","5.4395708","52.9307059","2012-05-17T20:28:03Z","1","479"
"1001-2012","5.4395555","52.9306916","2012-05-17T20:32:47Z","1","480"
"1001-2012","5.4395273","52.9307162","2012-05-17T20:37:34Z","1","481"
"1001-2012","5.4395505","52.9307272","2012-05-17T20:42:34Z","1","482"
"1001-2012","5.4396728","52.9308343","2012-05-17T20:47:26Z","1","483"
"1001-2012","5.4396755","52.9308155","2012-05-17T20:52:25Z","1","484"
"1001-2012","5.4396825","52.9308325","2012-05-17T20:57:19Z","1","485"
"1001-2012","5.4396859","52.930844","2012-05-17T21:02:06Z","1","486"
"1001-2012","5.4396858","52.9308333","2012-05-17T21:06:54Z","1","487"
"1001-2012","5.439668","52.9308102","2012-05-17T21:11:42Z","1","488"
"1001-2012","5.4396548","52.9308074","2012-05-17T21:16:30Z","1","489"
"1001-2012","5.439656","52.9308163","2012-05-17T21:21:18Z","1","490"
"1001-2012","5.4396923","52.930825","2012-05-17T21:26:23Z","1","491"
"1001-2012","5.4396475","52.9308257","2012-05-17T21:31:11Z","1","492"
"1001-2012","5.4396811","52.9308208","2012-05-17T21:35:58Z","1","493"
"1001-2012","5.4396802","52.9308829","2012-05-17T21:40:46Z","1","494"
"1001-2012","5.4397105","52.9308648","2012-05-17T21:45:37Z","1","495"
"1001-2012","5.4396388","52.9308721","2012-05-17T21:50:24Z","1","496"
"1001-2012","5.4394908","52.9307179","2012-05-17T21:55:10Z","1","497"
"1001-2012","5.4398636","52.9308645","2012-05-17T22:02:06Z","1","498"
"1001-2012","5.4398487","52.9308325","2012-05-17T22:07:10Z","1","499"
"1001-2012","5.4398349","52.9308255","2012-05-17T22:12:12Z","1","500"
"1001-2012","5.4398197","52.9308129","2012-05-17T22:17:04Z","1","501"
"1001-2012","5.4398517","52.9308319","2012-05-17T22:22:04Z","1","502"
"1001-2012","5.4398372","52.9308301","2012-05-17T22:26:55Z","1","503"
"1001-2012","5.4398417","52.9308295","2012-05-17T22:31:55Z","1","504"
"1001-2012","5.4398442","52.9308299","2012-05-17T22:36:47Z","1","505"
"1001-2012","5.4398755","52.9308697","2012-05-17T22:41:46Z","1","506"
"1001-2012","5.4398412","52.930845","2012-05-17T22:46:39Z","1","507"
"1001-2012","5.4398798","52.9308681","2012-05-17T22:51:39Z","1","508"
"1001-2012","5.4398804","52.9308949","2012-05-17T22:56:31Z","1","509"
"1001-2012","5.4398608","52.9308691","2012-05-17T23:01:40Z","1","510"
"1001-2012","5.4398169","52.9308234","2012-05-17T23:06:22Z","1","511"
"1001-2012","5.439769","52.930759","2012-05-17T23:11:10Z","1","512"
"1001-2012","5.4397178","52.9307022","2012-05-17T23:15:57Z","1","513"
"1001-2012","5.4396871","52.9306782","2012-05-17T23:20:45Z","1","514"
"1001-2012","5.439672","52.9306591","2012-05-17T23:25:34Z","1","515"
"1001-2012","5.4396932","52.9306847","2012-05-17T23:30:21Z","1","516"
"1001-2012","5.4398356","52.9304577","2012-05-18T00:00:13Z","1","517"
"1001-2012","5.4345747","52.9213774","2012-05-18T00:30:24Z","1","518"
"1001-2012","5.4337674","52.9209139","2012-05-18T01:00:39Z","1","519"
"1001-2012","5.4337683","52.9209115","2012-05-18T01:30:36Z","1","520"
"1001-2012","5.4337603","52.9209063","2012-05-18T02:00:45Z","1","521"
"1001-2012","5.433765","52.9209122","2012-05-18T02:31:10Z","1","522"
"1001-2012","5.4337962","52.9209017","2012-05-18T03:01:02Z","1","523"
"1001-2012","5.4338132","52.9209155","2012-05-18T03:30:53Z","1","524"
"1001-2012","5.4338023","52.9209108","2012-05-18T04:01:00Z","1","525"
"1001-2012","5.4337894","52.9209103","2012-05-18T04:30:51Z","1","526"
"1001-2012","5.4338002","52.9208918","2012-05-18T05:00:49Z","1","527"
"1001-2012","5.4340228","52.9209222","2012-05-18T05:30:48Z","1","528"
"1001-2012","5.4335557","52.9207377","2012-05-18T06:01:09Z","1","529"
"1001-2012","5.4337954","52.9209091","2012-05-18T06:31:07Z","1","530"
"1001-2012","5.4334078","52.9209764","2012-05-18T07:00:58Z","1","531"
"1001-2012","5.4340773","52.921082","2012-05-18T07:32:11Z","1","532"
"1001-2012","5.4337739","52.920922","2012-05-18T08:02:33Z","1","533"
"1001-2012","5.4337656","52.9209009","2012-05-18T08:32:28Z","1","534"
"1001-2012","5.4333173","52.9210704","2012-05-18T09:02:21Z","1","535"
"1001-2012","5.4338142","52.9211448","2012-05-18T09:32:22Z","1","536"
"1001-2012","5.4339203","52.9210414","2012-05-18T10:02:39Z","1","537"
"1001-2012","5.4338137","52.9209054","2012-05-18T10:32:24Z","1","538"
"1001-2012","5.4338058","52.9208827","2012-05-18T11:02:34Z","1","539"
"1001-2012","5.4337798","52.9208683","2012-05-18T11:32:27Z","1","540"
"1001-2012","5.4337909","52.9209061","2012-05-18T12:02:18Z","1","541"
"1001-2012","5.4337776","52.9208915","2012-05-18T12:32:25Z","1","542"
"1001-2012","5.4324656","52.9207453","2012-05-18T13:02:17Z","1","543"
"1001-2012","5.4327675","52.9207227","2012-05-18T13:32:21Z","1","544"
"1001-2012","5.4335503","52.9210349","2012-05-18T14:03:03Z","1","545"
"1001-2012","5.4337937","52.920898","2012-05-18T14:33:12Z","1","546"
"1001-2012","5.4332331","52.9207778","2012-05-18T15:33:13Z","1","547"
"1001-2012","5.4332471","52.9205253","2012-05-18T16:03:03Z","1","548"
"1001-2012","5.433646","52.9213063","2012-05-18T16:32:57Z","1","549"
"1001-2012","5.4335468","52.9212803","2012-05-18T17:33:10Z","1","550"
"1001-2012","5.4377357","52.9241641","2012-05-18T18:04:06Z","1","551"
"1001-2012","5.4401222","52.9308516","2012-05-18T18:33:58Z","1","552"
"1001-2012","5.4378958","52.923923","2012-05-18T19:04:06Z","1","553"
"1001-2012","5.440155","52.9307459","2012-05-18T19:33:57Z","1","554"
"1001-2012","5.4402004","52.9307838","2012-05-18T20:03:51Z","1","555"
"1001-2012","5.4400529","52.930701","2012-05-18T20:31:39Z","1","556"
"1001-2012","5.440044","52.930696","2012-05-18T20:36:21Z","1","557"
"1001-2012","5.4400682","52.9307204","2012-05-18T20:41:09Z","1","558"
"1001-2012","5.4400583","52.9307087","2012-05-18T20:45:56Z","1","559"
"1001-2012","5.4400495","52.9307192","2012-05-18T20:50:45Z","1","560"
"1001-2012","5.4400689","52.9307015","2012-05-18T20:55:32Z","1","561"
"1001-2012","5.4400876","52.930711","2012-05-18T21:00:21Z","1","562"
"1001-2012","5.4400966","52.930743","2012-05-18T21:05:08Z","1","563"
"1001-2012","5.4400965","52.9307466","2012-05-18T21:09:57Z","1","564"
"1001-2012","5.4400793","52.9307362","2012-05-18T21:14:45Z","1","565"
"1001-2012","5.4400879","52.9307389","2012-05-18T21:19:32Z","1","566"
"1001-2012","5.4400674","52.930726","2012-05-18T21:24:21Z","1","567"
"1001-2012","5.4400632","52.9307304","2012-05-18T21:29:09Z","1","568"
"1001-2012","5.4400625","52.9307297","2012-05-18T21:33:57Z","1","569"
"1001-2012","5.4400466","52.9307496","2012-05-18T21:38:45Z","1","570"
"1001-2012","5.440049","52.9307465","2012-05-18T21:43:32Z","1","571"
"1001-2012","5.4400612","52.9307216","2012-05-18T21:48:33Z","1","572"
"1001-2012","5.4400452","52.9307124","2012-05-18T21:53:24Z","1","573"
"1001-2012","5.4400854","52.930693","2012-05-18T21:58:24Z","1","574"
"1001-2012","5.4400552","52.9307007","2012-05-18T22:03:16Z","1","575"
"1001-2012","5.4400933","52.9307024","2012-05-18T22:08:24Z","1","576"
"1001-2012","5.4401309","52.9306648","2012-05-18T22:13:08Z","1","577"
"1001-2012","5.4401463","52.9306424","2012-05-18T22:17:57Z","1","578"
"1001-2012","5.4401172","52.9306968","2012-05-18T22:22:45Z","1","579"
"1001-2012","5.4401208","52.9306821","2012-05-18T22:27:33Z","1","580"
"1001-2012","5.4401","52.930698","2012-05-18T22:32:21Z","1","581"
"1001-2012","5.4401368","52.9306764","2012-05-18T22:37:08Z","1","582"
"1001-2012","5.4401118","52.930687","2012-05-18T22:41:57Z","1","583"
"1001-2012","5.4401144","52.9306992","2012-05-18T22:46:45Z","1","584"
"1001-2012","5.4401419","52.9306634","2012-05-18T22:51:49Z","1","585"
"1001-2012","5.440125","52.9306714","2012-05-18T22:56:38Z","1","586"
"1001-2012","5.4401241","52.930704","2012-05-18T23:01:24Z","1","587"
"1001-2012","5.4401236","52.9306816","2012-05-18T23:11:00Z","1","588"
"1001-2012","5.4401273","52.9306818","2012-05-18T23:15:48Z","1","589"
"1001-2012","5.4401893","52.9307629","2012-05-18T23:20:42Z","1","590"
"1001-2012","5.4401432","52.9309046","2012-05-18T23:25:24Z","1","591"
"1001-2012","5.4401633","52.9308487","2012-05-18T23:30:15Z","1","592"
"1001-2012","5.4401231","52.9307008","2012-05-19T00:00:39Z","1","593"
"1001-2012","5.4379643","52.9240718","2012-05-19T00:30:29Z","1","594"
"1001-2012","5.4377187","52.9239501","2012-05-19T01:00:21Z","1","595"
"1001-2012","5.4337733","52.9209006","2012-05-19T01:30:45Z","1","596"
"1001-2012","5.4337682","52.9208793","2012-05-19T02:00:50Z","1","597"
"1001-2012","5.4337811","52.9209043","2012-05-19T02:30:54Z","1","598"
"1001-2012","5.433797","52.9209174","2012-05-19T03:00:51Z","1","599"
"1001-2012","5.4338044","52.9208524","2012-05-19T03:31:01Z","1","600"
"1001-2012","5.4337614","52.9209242","2012-05-19T04:01:09Z","1","601"
"1001-2012","5.4337469","52.9208865","2012-05-19T04:31:13Z","1","602"
"1001-2012","5.433749","52.9208841","2012-05-19T05:01:06Z","1","603"
"1001-2012","5.4334061","52.9213307","2012-05-19T05:30:57Z","1","604"
"1001-2012","5.4335761","52.9210123","2012-05-19T06:00:49Z","1","605"
"1001-2012","5.4335838","52.9212377","2012-05-19T06:31:07Z","1","606"
"1001-2012","5.4337526","52.9208948","2012-05-19T07:01:04Z","1","607"
"1001-2012","5.433749","52.9209028","2012-05-19T07:31:05Z","1","608"
"1001-2012","5.4337844","52.9209253","2012-05-19T08:01:39Z","1","609"
"1001-2012","5.4338128","52.9209278","2012-05-19T08:31:44Z","1","610"
"1001-2012","5.4340871","52.9207631","2012-05-19T09:01:36Z","1","611"
"1001-2012","5.4340395","52.9208214","2012-05-19T09:32:00Z","1","612"
"1001-2012","5.4332184","52.9205718","2012-05-19T10:32:00Z","1","613"
"1001-2012","5.4336333","52.921111","2012-05-19T11:02:10Z","1","614"
"1001-2012","5.4338153","52.9209163","2012-05-19T11:32:17Z","1","615"
"1001-2012","5.4338215","52.9209123","2012-05-19T12:02:07Z","1","616"
"1001-2012","5.4338015","52.9209241","2012-05-19T12:32:00Z","1","617"
"1001-2012","5.4330657","52.9205773","2012-05-19T13:02:09Z","1","618"
"1001-2012","5.43269","52.9206045","2012-05-19T13:32:20Z","1","619"
"1001-2012","5.4330442","52.9206193","2012-05-19T14:02:08Z","1","620"
"1001-2012","5.4330778","52.9205628","2012-05-19T14:32:40Z","1","621"
"1001-2012","5.4338376","52.9209036","2012-05-19T15:02:54Z","1","622"
"1001-2012","5.4338626","52.920921","2012-05-19T15:32:45Z","1","623"
"1001-2012","5.4339182","52.9210359","2012-05-19T16:02:50Z","1","624"
"1001-2012","5.433792","52.920911","2012-05-19T16:33:33Z","1","625"
"1001-2012","5.433472","52.9223353","2012-05-19T17:03:29Z","1","626"
"1001-2012","5.4350883","52.9232094","2012-05-19T17:33:21Z","1","627"
"1001-2012","5.4349797","52.9231845","2012-05-19T18:03:39Z","1","628"
"1001-2012","5.4379577","52.9242647","2012-05-19T18:33:34Z","1","629"
"1001-2012","5.4397419","52.9305713","2012-05-19T19:03:26Z","1","630"
"1001-2012","5.4401035","52.9307471","2012-05-19T19:33:19Z","1","631"
"1001-2012","5.4399147","52.9306971","2012-05-19T20:03:39Z","1","632"
"1001-2012","5.4399616","52.9307269","2012-05-19T20:33:45Z","1","633"
"1001-2012","5.4397955","52.9306611","2012-05-19T21:03:40Z","1","634"
"1001-2012","5.439723","52.9306554","2012-05-19T21:33:51Z","1","635"
"1001-2012","5.4396898","52.930666","2012-05-19T22:04:10Z","1","636"
"1001-2012","5.4396678","52.9306846","2012-05-19T22:34:02Z","1","637"
"1001-2012","5.4396941","52.9306381","2012-05-19T23:04:10Z","1","638"
"1001-2012","5.4396703","52.9306508","2012-05-19T23:34:04Z","1","639"
"1001-2012","5.4399589","52.9304094","2012-05-20T00:03:54Z","1","640"
"1001-2012","5.4384538","52.9243581","2012-05-20T00:34:04Z","1","641"
"1001-2012","5.437926","52.9241527","2012-05-20T01:04:07Z","1","642"
"1001-2012","5.4337634","52.9209155","2012-05-20T01:34:18Z","1","643"
"1001-2012","5.4337484","52.9208555","2012-05-20T02:05:19Z","1","644"
"1001-2012","5.433786","52.9209112","2012-05-20T02:35:40Z","1","645"
"1001-2012","5.4337885","52.9209146","2012-05-20T03:05:29Z","1","646"
"1001-2012","5.4337919","52.9209276","2012-05-20T03:35:21Z","1","647"
"1001-2012","5.4333906","52.9211234","2012-05-20T04:05:28Z","1","648"
"1001-2012","5.4337921","52.9209514","2012-05-20T04:35:22Z","1","649"
"1001-2012","5.4337814","52.9209629","2012-05-20T05:05:24Z","1","650"
"1001-2012","5.433765","52.9209549","2012-05-20T05:36:02Z","1","651"
"1001-2012","5.4338884","52.9210495","2012-05-20T06:06:58Z","1","652"
"1001-2012","5.433776","52.9209079","2012-05-20T06:37:11Z","1","653"
"1001-2012","5.4339512","52.9208564","2012-05-20T07:07:19Z","1","654"
"1001-2012","5.4338042","52.9209043","2012-05-20T07:37:11Z","1","655"
"1001-2012","5.4337397","52.9209177","2012-05-20T08:07:04Z","1","656"
"1001-2012","5.4337434","52.9209197","2012-05-20T08:37:06Z","1","657"
"1001-2012","5.4339896","52.9207855","2012-05-20T09:07:18Z","1","658"
"1001-2012","5.4338893","52.9208861","2012-05-20T09:39:35Z","1","659"
"1001-2012","5.4340594","52.9207815","2012-05-20T10:09:58Z","1","660"
"1001-2012","5.4335769","52.9208541","2012-05-20T10:40:17Z","1","661"
"1001-2012","5.4339697","52.920927","2012-05-20T11:10:14Z","1","662"
"1001-2012","5.4337465","52.920924","2012-05-20T11:40:17Z","1","663"
"1001-2012","5.4337786","52.9209166","2012-05-20T12:10:41Z","1","664"
"1001-2012","5.4337395","52.9209133","2012-05-20T12:41:06Z","1","665"
"1001-2012","5.4336267","52.920909","2012-05-20T13:11:01Z","1","666"
"1001-2012","5.4337724","52.9209586","2012-05-20T13:41:10Z","1","667"
"1001-2012","5.4335247","52.9206186","2012-05-20T14:11:34Z","1","668"
"1001-2012","5.4330678","52.9205758","2012-05-20T14:41:24Z","1","669"
"1001-2012","5.4332807","52.9206109","2012-05-20T15:11:33Z","1","670"
"1001-2012","5.4337881","52.9209291","2012-05-20T15:41:41Z","1","671"
"1001-2012","5.4340101","52.9208545","2012-05-20T16:11:37Z","1","672"
"1001-2012","5.4337888","52.9209516","2012-05-20T16:41:37Z","1","673"
"1001-2012","5.4327602","52.92087","2012-05-20T17:42:13Z","1","674"
"1001-2012","5.4306792","52.9257188","2012-05-20T18:12:33Z","1","675"
"1001-2012","5.4377419","52.9240523","2012-05-20T18:42:49Z","1","676"
"1001-2012","5.4398659","52.9304857","2012-05-20T19:13:03Z","1","677"
"1001-2012","5.4399013","52.9304717","2012-05-20T19:43:00Z","1","678"
"1001-2012","5.439906","52.9304066","2012-05-20T20:13:18Z","1","679"
"1001-2012","5.4399082","52.9304112","2012-05-20T20:43:40Z","1","680"
"1001-2012","5.4397469","52.930598","2012-05-20T21:13:38Z","1","681"
"1001-2012","5.4397133","52.9306261","2012-05-20T21:43:34Z","1","682"
"1001-2012","5.4399046","52.9304066","2012-05-20T22:43:33Z","1","683"
"1001-2012","5.4399362","52.9304427","2012-05-20T23:13:24Z","1","684"
"1001-2012","5.439862","52.9304238","2012-05-20T23:43:58Z","1","685"
"1001-2012","5.4381087","52.9241342","2012-05-21T00:14:10Z","1","686"
"1001-2012","5.4382061","52.9240702","2012-05-21T00:44:00Z","1","687"
"1001-2012","5.4333777","52.9209379","2012-05-21T01:14:25Z","1","688"
"1001-2012","5.4337622","52.9209068","2012-05-21T01:46:27Z","1","689"
"1001-2012","5.4337817","52.9208974","2012-05-21T02:16:39Z","1","690"
"1001-2012","5.4331769","52.9206998","2012-05-21T02:46:39Z","1","691"
"1001-2012","5.4337639","52.9209429","2012-05-21T03:16:32Z","1","692"
"1001-2012","5.4337961","52.9209155","2012-05-21T03:46:24Z","1","693"
"1001-2012","5.4337635","52.920887","2012-05-21T04:16:34Z","1","694"
"1001-2012","5.4333151","52.9211173","2012-05-21T04:47:09Z","1","695"
"1001-2012","5.4335878","52.9209401","2012-05-21T05:17:06Z","1","696"
"1001-2012","5.4332448","52.9207622","2012-05-21T05:46:54Z","1","697"
"1001-2012","5.433656","52.9211178","2012-05-21T06:16:57Z","1","698"
"1001-2012","5.4337921","52.9209177","2012-05-21T06:46:55Z","1","699"
"1001-2012","5.4333828","52.9205768","2012-05-21T07:16:49Z","1","700"
"1001-2012","5.4337458","52.9209811","2012-05-21T07:48:29Z","1","701"
"1001-2012","5.4336103","52.9208775","2012-05-21T08:18:39Z","1","702"
"1001-2012","5.4338024","52.9209209","2012-05-21T08:48:32Z","1","703"
"1001-2012","5.4337993","52.9209024","2012-05-21T09:18:32Z","1","704"
"1001-2012","5.4334415","52.9207016","2012-05-21T09:48:58Z","1","705"
"1001-2012","5.4333786","52.9207479","2012-05-21T10:19:04Z","1","706"
"1001-2012","5.4338314","52.9208779","2012-05-21T10:49:01Z","1","707"
"1001-2012","5.4337974","52.9209093","2012-05-21T11:19:38Z","1","708"
"1001-2012","5.4337981","52.9209196","2012-05-21T11:49:49Z","1","709"
"1001-2012","5.4337989","52.9209039","2012-05-21T12:19:41Z","1","710"
"1001-2012","5.4329546","52.9205857","2012-05-21T12:49:50Z","1","711"
"1001-2012","5.433901","52.9206371","2012-05-21T13:20:02Z","1","712"
"1001-2012","5.4330656","52.9205175","2012-05-21T13:50:00Z","1","713"
"1001-2012","5.4337909","52.9209016","2012-05-21T14:21:33Z","1","714"
"1001-2012","5.4337955","52.9209069","2012-05-21T14:52:09Z","1","715"
"1001-2012","5.4334763","52.9210317","2012-05-21T15:23:24Z","1","716"
"1001-2012","5.4337914","52.9208879","2012-05-21T15:53:47Z","1","717"
"1001-2012","5.4330729","52.9206053","2012-05-21T16:24:10Z","1","718"
"1001-2012","5.4340618","52.9207663","2012-05-21T16:55:05Z","1","719"
"1001-2012","5.4337967","52.9209347","2012-05-21T17:25:25Z","1","720"
"1001-2012","5.4337873","52.9209212","2012-05-21T17:55:32Z","1","721"
"1001-2012","5.4174004","52.9162478","2012-05-21T18:25:40Z","1","722"
"1001-2012","5.4094567","52.9150667","2012-05-21T18:56:09Z","1","723"
"1001-2012","5.4093723","52.9169078","2012-05-21T19:26:02Z","1","724"
"1001-2012","5.4093175","52.9169179","2012-05-21T19:56:10Z","1","725"
"1001-2012","5.4093568","52.9169309","2012-05-21T20:26:34Z","1","726"
"1001-2012","5.4093582","52.9169505","2012-05-21T20:56:44Z","1","727"
"1001-2012","5.4094028","52.9169185","2012-05-21T21:26:33Z","1","728"
"1001-2012","5.4094323","52.9169079","2012-05-21T21:56:25Z","1","729"
"1001-2012","5.4095121","52.9168359","2012-05-21T22:26:34Z","1","730"
"1001-2012","5.4095869","52.916817","2012-05-21T22:56:24Z","1","731"
"1001-2012","5.4095906","52.9167825","2012-05-21T23:26:40Z","1","732"
"1001-2012","5.4096104","52.9168384","2012-05-21T23:56:55Z","1","733"
"1001-2012","5.4340033","52.9217319","2012-05-22T00:27:05Z","1","734"
"1001-2012","5.433238","52.9212063","2012-05-22T00:57:01Z","1","735"
"1001-2012","5.4332785","52.9208262","2012-05-22T01:27:18Z","1","736"
"1001-2012","5.4327622","52.9209162","2012-05-22T01:57:38Z","1","737"
"1001-2012","5.4332403","52.9208961","2012-05-22T02:27:50Z","1","738"
"1001-2012","5.4327675","52.9209259","2012-05-22T02:57:47Z","1","739"
"1001-2012","5.4331198","52.9207815","2012-05-22T03:28:08Z","1","740"
"1001-2012","5.4329456","52.9209622","2012-05-22T03:58:30Z","1","741"
"1001-2012","5.4336469","52.9209394","2012-05-22T04:28:39Z","1","742"
"1001-2012","5.4335841","52.9210351","2012-05-22T04:58:53Z","1","743"
"1001-2012","5.4336687","52.920629","2012-05-22T05:28:38Z","1","744"
"1001-2012","5.4333707","52.9207651","2012-05-22T05:59:09Z","1","745"
"1001-2012","5.4335969","52.9211091","2012-05-22T06:29:09Z","1","746"
"1001-2012","5.4331819","52.920701","2012-05-22T06:59:01Z","1","747"
"1001-2012","5.4336648","52.9210606","2012-05-22T07:29:13Z","1","748"
"1001-2012","5.4328076","52.9209241","2012-05-22T07:59:01Z","1","749"
"1001-2012","5.4329469","52.9209276","2012-05-22T08:29:39Z","1","750"
"1001-2012","5.4331931","52.9209396","2012-05-22T08:59:49Z","1","751"
"1001-2012","5.432844","52.9208436","2012-05-22T09:30:15Z","1","752"
"1001-2012","5.4333546","52.9211447","2012-05-22T10:00:22Z","1","753"
"1001-2012","5.4328875","52.9207978","2012-05-22T10:30:31Z","1","754"
"1001-2012","5.4327424","52.9208275","2012-05-22T11:01:06Z","1","755"
"1001-2012","5.4328557","52.9206922","2012-05-22T11:31:15Z","1","756"
"1001-2012","5.4324858","52.9207109","2012-05-22T12:01:10Z","1","757"
"1001-2012","5.4327218","52.9207484","2012-05-22T12:31:04Z","1","758"
"1001-2012","5.4328417","52.9206018","2012-05-22T13:01:19Z","1","759"
"1001-2012","5.4329792","52.9207128","2012-05-22T13:32:09Z","1","760"
"1001-2012","5.4096877","52.9149584","2012-05-22T14:33:10Z","1","761"
"1001-2012","5.4335985","52.920725","2012-05-22T15:03:32Z","1","762"
"1001-2012","5.4334408","52.9212108","2012-05-22T15:33:45Z","1","763"
"1001-2012","5.4333892","52.9214928","2012-05-22T18:05:34Z","1","764"
"1001-2012","5.4096397","52.9168563","2012-05-22T18:35:29Z","1","765"
"1001-2012","5.4095307","52.9167462","2012-05-22T19:05:21Z","1","766"
"1001-2012","5.4095043","52.9166543","2012-05-22T19:35:45Z","1","767"
"1001-2012","5.4094721","52.9168559","2012-05-22T20:05:38Z","1","768"
"1001-2012","5.4095034","52.9168659","2012-05-22T20:35:57Z","1","769"
"1001-2012","5.4095018","52.9168389","2012-05-22T21:05:54Z","1","770"
"1001-2012","5.4094699","52.9168699","2012-05-22T22:06:39Z","1","771"
"1001-2012","5.4094539","52.9168309","2012-05-22T22:36:49Z","1","772"
"1001-2012","5.4095519","52.9167336","2012-05-22T23:36:59Z","1","773"
"1001-2012","5.4095337","52.9166691","2012-05-23T00:07:10Z","1","774"
"1001-2012","5.4377804","52.9240426","2012-05-23T00:37:19Z","1","775"
"1001-2012","5.4375967","52.9240231","2012-05-23T01:07:11Z","1","776"
"1001-2012","5.433059","52.9208043","2012-05-23T01:37:01Z","1","777"
"1001-2012","5.4332636","52.9208447","2012-05-23T02:07:39Z","1","778"
"1001-2012","5.4334209","52.9211909","2012-05-23T02:38:08Z","1","779"
"1001-2012","5.4333866","52.9212979","2012-05-23T03:10:39Z","1","780"
"1001-2012","5.4335794","52.9208321","2012-05-23T04:10:39Z","1","781"
"1001-2012","5.4337122","52.9210842","2012-05-23T04:40:32Z","1","782"
"1001-2012","5.4340638","52.9210611","2012-05-23T05:10:33Z","1","783"
"1001-2012","5.4325564","52.920796","2012-05-23T05:41:10Z","1","784"
"1001-2012","5.4327192","52.9210457","2012-05-23T06:11:12Z","1","785"
"1001-2012","5.4330022","52.9206964","2012-05-23T06:42:04Z","1","786"
"1001-2012","5.433391","52.9206511","2012-05-23T07:12:12Z","1","787"
"1001-2012","5.4334691","52.9205259","2012-05-23T07:42:33Z","1","788"
"1001-2012","5.4334006","52.9206018","2012-05-23T08:12:50Z","1","789"
"1001-2012","5.4333102","52.9205062","2012-05-23T08:45:06Z","1","790"
"1001-2012","5.4332371","52.9205199","2012-05-23T09:45:49Z","1","791"
"1001-2012","5.4331635","52.9206196","2012-05-23T10:16:12Z","1","792"
"1001-2012","5.4337338","52.9210261","2012-05-23T10:48:28Z","1","793"
"1001-2012","5.433115","52.9207581","2012-05-23T11:18:36Z","1","794"
"1001-2012","5.4327922","52.9207885","2012-05-23T11:48:44Z","1","795"
"1001-2012","5.4328317","52.9206598","2012-05-23T12:21:09Z","1","796"
"1001-2012","5.4325751","52.9208563","2012-05-23T12:51:38Z","1","797"
"1001-2012","5.4315768","52.9211971","2012-05-23T13:23:39Z","1","798"
"1001-2012","5.4329152","52.9208575","2012-05-23T14:24:57Z","1","799"
"1001-2012","5.4330442","52.9206196","2012-05-23T14:55:05Z","1","800"
"1001-2012","5.4332177","52.9207144","2012-05-23T15:56:57Z","1","801"
"1001-2012","5.4327655","52.9207711","2012-05-23T17:29:45Z","1","802"
"1001-2012","5.4323047","52.9210264","2012-05-23T17:59:35Z","1","803"
"1001-2012","5.4315243","52.9212017","2012-05-23T18:29:30Z","1","804"
"1001-2012","5.4095832","52.9166815","2012-05-23T19:00:09Z","1","805"
"1001-2012","5.4095565","52.916696","2012-05-23T19:29:59Z","1","806"
"1001-2012","5.4095478","52.9167027","2012-05-23T19:59:54Z","1","807"
"1001-2012","5.4095206","52.9167058","2012-05-23T20:30:06Z","1","808"
"1001-2012","5.4095679","52.9167129","2012-05-23T21:30:04Z","1","809"
"1001-2012","5.4095121","52.9167206","2012-05-23T21:59:53Z","1","810"
"1001-2012","5.4096217","52.916739","2012-05-23T22:30:00Z","1","811"
"1001-2012","5.4094486","52.9150556","2012-05-23T23:00:08Z","1","812"
"1001-2012","5.4094898","52.9150401","2012-05-23T23:29:57Z","1","813"
"1001-2012","5.4097878","52.9150483","2012-05-24T00:00:11Z","1","814"
"1001-2012","5.4319094","52.9212973","2012-05-24T00:29:57Z","1","815"
"1001-2012","5.4336773","52.9209546","2012-05-24T01:00:10Z","1","816"
"1001-2012","5.4332015","52.920931","2012-05-24T01:30:00Z","1","817"
"1001-2012","5.4330639","52.920861","2012-05-24T02:00:39Z","1","818"
"1001-2012","5.4330055","52.9207719","2012-05-24T02:31:03Z","1","819"
"1001-2012","5.433563","52.9209545","2012-05-24T03:00:52Z","1","820"
"1001-2012","5.4330496","52.9208072","2012-05-24T03:33:20Z","1","821"
"1001-2012","5.4332762","52.9207605","2012-05-24T04:05:40Z","1","822"
"1001-2012","5.4330416","52.9209025","2012-05-24T04:36:09Z","1","823"
"1001-2012","5.4328091","52.9212342","2012-05-24T05:05:57Z","1","824"
"1001-2012","5.4327352","52.9210709","2012-05-24T05:35:47Z","1","825"
"1001-2012","5.4334229","52.9207309","2012-05-24T06:35:50Z","1","826"
"1001-2012","5.4322255","52.9209232","2012-05-24T07:05:41Z","1","827"
"1001-2012","5.4328481","52.9209048","2012-05-24T07:36:01Z","1","828"
"1001-2012","5.4329497","52.9207862","2012-05-24T08:06:28Z","1","829"
"1001-2012","5.4329152","52.9207983","2012-05-24T08:36:20Z","1","830"
"1001-2012","5.4330958","52.9206222","2012-05-24T09:07:16Z","1","831"
"1001-2012","5.4329501","52.9211876","2012-05-24T09:37:17Z","1","832"
"1001-2012","5.4330442","52.9216376","2012-05-24T10:07:40Z","1","833"
"1001-2012","5.4333603","52.9210693","2012-05-24T10:37:54Z","1","834"
"1001-2012","5.4331924","52.9209523","2012-05-24T11:08:40Z","1","835"
"1001-2012","5.4333869","52.9209729","2012-05-24T11:38:41Z","1","836"
"1001-2012","5.433552","52.9208999","2012-05-24T12:08:51Z","1","837"
"1001-2012","5.433538","52.9209422","2012-05-24T12:38:53Z","1","838"
"1001-2012","5.4335111","52.9209153","2012-05-24T13:09:38Z","1","839"
"1001-2012","5.4331483","52.9209576","2012-05-24T13:39:28Z","1","840"
"1001-2012","5.4332114","52.9209102","2012-05-24T14:09:47Z","1","841"
"1001-2012","5.4330646","52.9205986","2012-05-24T14:40:34Z","1","842"
"1001-2012","5.4328858","52.9209086","2012-05-24T15:41:08Z","1","843"
"1001-2012","5.4336188","52.9207342","2012-05-24T16:10:57Z","1","844"
"1001-2012","5.4330724","52.9207362","2012-05-24T16:41:39Z","1","845"
"1001-2012","5.4336627","52.9204958","2012-05-24T17:11:46Z","1","846"
"1001-2012","5.4331923","52.9207386","2012-05-24T17:42:03Z","1","847"
"1001-2012","5.4327776","52.9208499","2012-05-24T18:12:27Z","1","848"
"1001-2012","5.4317528","52.9212657","2012-05-24T18:42:39Z","1","849"
"1001-2012","5.4095929","52.9167122","2012-05-24T19:13:01Z","1","850"
"1001-2012","5.409405","52.9166219","2012-05-24T19:43:10Z","1","851"
"1001-2012","5.4095213","52.9150548","2012-05-24T20:13:02Z","1","852"
"1001-2012","5.4094232","52.9150275","2012-05-24T20:43:14Z","1","853"
"1001-2012","5.4093713","52.9150933","2012-05-24T21:13:02Z","1","854"
"1001-2012","5.4096437","52.9167131","2012-05-24T21:42:55Z","1","855"
"1001-2012","5.4095923","52.9167078","2012-05-24T22:13:36Z","1","856"
"1001-2012","5.4095887","52.9167592","2012-05-24T22:43:36Z","1","857"
"1001-2012","5.409577","52.916785","2012-05-24T23:13:32Z","1","858"
"1001-2012","5.4095511","52.9167619","2012-05-24T23:43:41Z","1","859"
"1001-2012","5.4317621","52.9212685","2012-05-25T00:13:32Z","1","860"
"1001-2012","5.4329077","52.9210031","2012-05-25T00:43:54Z","1","861"
"1001-2012","5.4335313","52.9210222","2012-05-25T01:14:10Z","1","862"
"1001-2012","5.4328637","52.9208457","2012-05-25T01:44:26Z","1","863"
"1001-2012","5.4331286","52.9209799","2012-05-25T02:14:20Z","1","864"
"1001-2012","5.4332815","52.9210002","2012-05-25T02:44:31Z","1","865"
"1001-2012","5.4336261","52.920932","2012-05-25T03:14:20Z","1","866"
"1001-2012","5.4330576","52.9207834","2012-05-25T03:44:14Z","1","867"
"1001-2012","5.4329823","52.9209128","2012-05-25T04:14:33Z","1","868"
"1001-2012","5.4329168","52.9209162","2012-05-25T04:44:30Z","1","869"
"1001-2012","5.4327916","52.9209312","2012-05-25T05:14:18Z","1","870"
"1001-2012","5.432357","52.9209476","2012-05-25T05:44:16Z","1","871"
"1001-2012","5.43305","52.920865","2012-05-25T06:14:21Z","1","872"
"1001-2012","5.4339951","52.920875","2012-05-25T06:44:58Z","1","873"
"1001-2012","5.434024","52.9208339","2012-05-25T07:15:03Z","1","874"
"1001-2012","5.4341149","52.9208098","2012-05-25T07:44:58Z","1","875"
"1001-2012","5.4336499","52.9204659","2012-05-25T08:14:49Z","1","876"
"1001-2012","5.4335448","52.92055","2012-05-25T08:44:42Z","1","877"
"1001-2012","5.4335448","52.9207206","2012-05-25T09:14:47Z","1","878"
"1001-2012","5.4337067","52.92081","2012-05-25T09:45:09Z","1","879"
"1001-2012","5.4329609","52.9207992","2012-05-25T10:15:04Z","1","880"
"1001-2012","5.4341292","52.9210312","2012-05-25T10:44:57Z","1","881"
"1001-2012","5.4333011","52.9206517","2012-05-25T11:15:05Z","1","882"
"1001-2012","5.4334367","52.9208597","2012-05-25T11:44:55Z","1","883"
"1001-2012","5.4335579","52.9209525","2012-05-25T12:15:09Z","1","884"
"1001-2012","5.4340005","52.9209114","2012-05-25T13:15:05Z","1","885"
"1001-2012","5.4377143","52.9086348","2012-05-25T13:44:54Z","1","886"
"1001-2012","5.4327736","52.9209903","2012-05-25T14:15:10Z","1","887"
"1001-2012","5.4332672","52.9208561","2012-05-25T14:44:56Z","1","888"
"1001-2012","5.433218","52.9208838","2012-05-25T15:14:46Z","1","889"
"1001-2012","5.433257","52.9208831","2012-05-25T15:44:39Z","1","890"
"1001-2012","5.4334677","52.9204765","2012-05-25T16:15:09Z","1","891"
"1001-2012","5.4334786","52.9208889","2012-05-25T16:44:53Z","1","892"
"1001-2012","5.4365229","52.9083221","2012-05-25T17:14:47Z","1","893"
"1001-2012","5.4363943","52.9082442","2012-05-25T17:44:37Z","1","894"
"1001-2012","5.409532","52.9149375","2012-05-25T18:14:46Z","1","895"
"1001-2012","5.4094284","52.91514","2012-05-25T18:45:03Z","1","896"
"1001-2012","5.409539","52.9150626","2012-05-25T19:15:34Z","1","897"
"1001-2012","5.4095628","52.9150769","2012-05-25T19:45:43Z","1","898"
"1001-2012","5.4095125","52.9150389","2012-05-25T20:15:33Z","1","899"
"1001-2012","5.4095872","52.9150175","2012-05-25T20:45:35Z","1","900"
"1001-2012","5.409622","52.9150563","2012-05-25T21:15:49Z","1","901"
"1001-2012","5.4096441","52.9150341","2012-05-25T21:45:52Z","1","902"
"1001-2012","5.4095637","52.9150386","2012-05-25T22:16:09Z","1","903"
"1001-2012","5.4095456","52.9150494","2012-05-25T22:46:12Z","1","904"
"1001-2012","5.4093032","52.9151006","2012-05-25T23:16:22Z","1","905"
"1001-2012","5.4093341","52.9150973","2012-05-25T23:46:12Z","1","906"
"1001-2012","5.4094417","52.9150212","2012-05-26T00:16:05Z","1","907"
"1001-2012","5.4100179","52.9150681","2012-05-26T00:46:23Z","1","908"
"1001-2012","5.4329277","52.9209521","2012-05-26T01:17:20Z","1","909"
"1001-2012","5.4332933","52.9205346","2012-05-26T01:47:40Z","1","910"
"1001-2012","5.4330443","52.9207725","2012-05-26T02:17:53Z","1","911"
"1001-2012","5.43296","52.9209512","2012-05-26T02:47:46Z","1","912"
"1001-2012","5.4329803","52.9209646","2012-05-26T03:19:30Z","1","913"
"1001-2012","5.4330939","52.9207635","2012-05-26T03:50:14Z","1","914"
"1001-2012","5.4331801","52.9211345","2012-05-26T04:21:03Z","1","915"
"1001-2012","5.4335859","52.9203822","2012-05-26T04:50:57Z","1","916"
"1001-2012","5.4338519","52.9203075","2012-05-26T05:21:10Z","1","917"
"1001-2012","5.4333748","52.920689","2012-05-26T05:50:57Z","1","918"
"1001-2012","5.4334748","52.9207328","2012-05-26T06:21:08Z","1","919"
"1001-2012","5.4334957","52.9210444","2012-05-26T06:50:59Z","1","920"
"1001-2012","5.4335139","52.9210096","2012-05-26T07:21:09Z","1","921"
"1001-2012","5.4321692","52.920984","2012-05-26T07:51:11Z","1","922"
"1001-2012","5.4314351","52.9211741","2012-05-26T08:21:05Z","1","923"
"1001-2012","5.4321559","52.9209764","2012-05-26T08:51:24Z","1","924"
"1001-2012","5.4323594","52.9208686","2012-05-26T09:21:39Z","1","925"
"1001-2012","5.4325785","52.9208557","2012-05-26T09:51:28Z","1","926"
"1001-2012","5.4327145","52.920944","2012-05-26T10:23:10Z","1","927"
"1001-2012","5.4332573","52.9210004","2012-05-26T10:53:32Z","1","928"
"1001-2012","5.4335794","52.9210894","2012-05-26T11:23:45Z","1","929"
"1001-2012","5.4335038","52.9211993","2012-05-26T11:53:35Z","1","930"
"1001-2012","5.4333196","52.9208534","2012-05-26T12:24:03Z","1","931"
"1001-2012","5.4334729","52.921249","2012-05-26T12:54:25Z","1","932"
"1001-2012","5.4321034","52.9213381","2012-05-26T13:24:29Z","1","933"
"1001-2012","5.4335367","52.9212145","2012-05-26T13:55:40Z","1","934"
"1001-2012","5.4332946","52.9211706","2012-05-26T14:25:49Z","1","935"
"1001-2012","5.4370904","52.9082148","2012-05-26T14:55:58Z","1","936"
"1001-2012","5.4371579","52.9081797","2012-05-26T15:25:52Z","1","937"
"1001-2012","5.4372181","52.9081461","2012-05-26T15:55:43Z","1","938"
"1001-2012","5.4371915","52.9081139","2012-05-26T16:26:03Z","1","939"
"1001-2012","5.4370338","52.9080578","2012-05-26T16:56:13Z","1","940"
"1001-2012","5.4369491","52.9081151","2012-05-26T17:26:08Z","1","941"
"1001-2012","5.4370748","52.9080323","2012-05-26T17:55:59Z","1","942"
"1001-2012","5.4375572","52.908052","2012-05-26T18:26:08Z","1","943"
"1001-2012","5.409616","52.9150686","2012-05-26T18:56:09Z","1","944"
"1001-2012","5.4095327","52.915013","2012-05-26T19:26:13Z","1","945"
"1001-2012","5.4094278","52.9150422","2012-05-26T19:56:40Z","1","946"
"1001-2012","5.409433","52.9150657","2012-05-26T20:27:09Z","1","947"
"1001-2012","5.4093938","52.9150649","2012-05-26T20:56:58Z","1","948"
"1001-2012","5.4093838","52.9150552","2012-05-26T21:27:01Z","1","949"
"1001-2012","5.4094301","52.9150563","2012-05-26T21:57:18Z","1","950"
"1001-2012","5.4094611","52.9150786","2012-05-26T22:27:09Z","1","951"
"1001-2012","5.4093817","52.915056","2012-05-26T22:57:27Z","1","952"
"1001-2012","5.4095107","52.9149976","2012-05-26T23:27:38Z","1","953"
"1001-2012","5.4095246","52.9150265","2012-05-26T23:57:49Z","1","954"
"1001-2012","5.4369304","52.9080276","2012-05-27T00:28:09Z","1","955"
"1001-2012","5.437108","52.9081102","2012-05-27T00:58:20Z","1","956"
"1001-2012","5.4373065","52.9081158","2012-05-27T01:28:38Z","1","957"
"1001-2012","5.433061","52.9183286","2012-05-27T01:58:49Z","1","958"
"1001-2012","5.4331685","52.9209126","2012-05-27T02:29:28Z","1","959"
"1001-2012","5.4338445","52.9201866","2012-05-27T02:59:21Z","1","960"
"1001-2012","5.4337506","52.9201392","2012-05-27T03:29:15Z","1","961"
"1001-2012","5.4334438","52.9207646","2012-05-27T03:59:30Z","1","962"
"1001-2012","5.4334345","52.9206079","2012-05-27T04:30:03Z","1","963"
"1001-2012","5.4335582","52.9207277","2012-05-27T05:00:10Z","1","964"
"1001-2012","5.4328615","52.9209378","2012-05-27T05:30:00Z","1","965"
"1001-2012","5.4329215","52.9210275","2012-05-27T06:00:29Z","1","966"
"1001-2012","5.4334404","52.9205076","2012-05-27T06:30:48Z","1","967"
"1001-2012","5.4332346","52.920714","2012-05-27T07:00:41Z","1","968"
"1001-2012","5.4330329","52.9207746","2012-05-27T07:30:47Z","1","969"
"1001-2012","5.4330607","52.9205863","2012-05-27T08:01:09Z","1","970"
"1001-2012","5.4328713","52.9207664","2012-05-27T08:31:03Z","1","971"
"1001-2012","5.4331936","52.9208089","2012-05-27T09:01:13Z","1","972"
"1001-2012","5.4336757","52.920558","2012-05-27T09:31:04Z","1","973"
"1001-2012","5.4334272","52.9211904","2012-05-27T10:00:58Z","1","974"
"1001-2012","5.4326231","52.9208928","2012-05-27T10:31:10Z","1","975"
"1001-2012","5.4322687","52.920842","2012-05-27T11:03:34Z","1","976"
"1001-2012","5.4316373","52.9210849","2012-05-27T11:33:25Z","1","977"
"1001-2012","5.4334622","52.9206292","2012-05-27T12:06:14Z","1","978"
"1001-2012","5.4334843","52.9204925","2012-05-27T12:37:25Z","1","979"
"1001-2012","5.4338287","52.920632","2012-05-27T13:07:38Z","1","980"
"1001-2012","5.433053","52.9209133","2012-05-27T13:38:27Z","1","981"
"1001-2012","5.4331054","52.9205725","2012-05-27T14:08:53Z","1","982"
"1001-2012","5.437195","52.9085635","2012-05-27T14:38:44Z","1","983"
"1001-2012","5.4370866","52.9083082","2012-05-27T15:39:17Z","1","984"
"1001-2012","5.43295","52.920617","2012-05-27T16:40:09Z","1","985"
"1001-2012","5.432972","52.9205257","2012-05-27T17:40:02Z","1","986"
"1001-2012","5.4329987","52.9206019","2012-05-27T18:10:00Z","1","987"
"1001-2012","5.4337379","52.920339","2012-05-27T18:39:48Z","1","988"
"1001-2012","5.4095373","52.9150256","2012-05-27T19:40:09Z","1","989"
"1001-2012","5.4095252","52.915031","2012-05-27T20:09:53Z","1","990"
"1001-2012","5.4095082","52.915024","2012-05-27T20:40:03Z","1","991"
"1001-2012","5.4094807","52.9150236","2012-05-27T22:10:39Z","1","992"
"1001-2012","5.4094656","52.9150209","2012-05-27T23:40:34Z","1","993"
"1001-2012","5.4094203","52.9150594","2012-05-28T00:10:41Z","1","994"
"1001-2012","5.4094585","52.9150617","2012-05-28T00:41:08Z","1","995"
"1001-2012","5.4333577","52.9204203","2012-05-28T01:41:53Z","1","996"
"1001-2012","5.4331468","52.9204837","2012-05-28T02:12:35Z","1","997"
"1001-2012","5.43349","52.9203283","2012-05-28T02:42:23Z","1","998"
"1001-2012","5.4332657","52.9205221","2012-05-28T03:13:06Z","1","999"
"1001-2012","5.4332481","52.9205147","2012-05-28T03:44:31Z","1","1000"
"1001-2012","5.4335978","52.9202274","2012-05-28T04:14:57Z","1","1001"
"1001-2012","5.4331543","52.9205747","2012-05-28T04:45:03Z","1","1002"
"1001-2012","5.432944","52.9208528","2012-05-28T05:15:11Z","1","1003"
"1001-2012","5.4331559","52.9209721","2012-05-28T05:45:04Z","1","1004"
"1001-2012","5.4331976","52.9209439","2012-05-28T06:14:57Z","1","1005"
"1001-2012","5.4331819","52.9208223","2012-05-28T06:46:56Z","1","1006"
"1001-2012","5.4332742","52.9207948","2012-05-28T07:17:09Z","1","1007"
"1001-2012","5.4334096","52.9207665","2012-05-28T07:46:53Z","1","1008"
"1001-2012","5.4333312","52.9209509","2012-05-28T08:17:08Z","1","1009"
"1001-2012","5.432591","52.9207401","2012-05-28T08:46:53Z","1","1010"
"1001-2012","5.4322992","52.9208906","2012-05-28T09:17:06Z","1","1011"
"1001-2012","5.4327432","52.9208799","2012-05-28T09:47:44Z","1","1012"
"1001-2012","5.4325644","52.9210982","2012-05-28T10:18:13Z","1","1013"
"1001-2012","5.432446","52.9207525","2012-05-28T11:18:55Z","1","1014"
"1001-2012","5.4323804","52.9208324","2012-05-28T11:52:15Z","1","1015"
"1001-2012","5.4328854","52.920726","2012-05-28T12:22:33Z","1","1016"
"1001-2012","5.4331178","52.9207562","2012-05-28T12:52:48Z","1","1017"
"1001-2012","5.4333244","52.9205497","2012-05-28T13:23:10Z","1","1018"
"1001-2012","5.4330637","52.9206297","2012-05-28T13:53:15Z","1","1019"
"1001-2012","5.4328074","52.9208405","2012-05-28T14:24:42Z","1","1020"
"1001-2012","5.4334136","52.9203849","2012-05-28T15:25:17Z","1","1021"
"1001-2012","5.4329751","52.9205252","2012-05-28T15:55:10Z","1","1022"
"1001-2012","5.4331417","52.9207543","2012-05-28T16:25:39Z","1","1023"
"1001-2012","5.4331184","52.9207466","2012-05-28T16:55:38Z","1","1024"
"1001-2012","5.4328604","52.9208562","2012-05-28T17:25:46Z","1","1025"
"1001-2012","5.4331317","52.920952","2012-05-28T17:55:55Z","1","1026"
"1001-2012","5.4330683","52.921044","2012-05-28T18:26:05Z","1","1027"
"1001-2012","5.4094954","52.9150233","2012-05-28T19:26:09Z","1","1028"
"1001-2012","5.4094974","52.9150402","2012-05-28T19:56:24Z","1","1029"
"1001-2012","5.4093844","52.9150678","2012-05-28T20:26:16Z","1","1030"
"1001-2012","5.4093156","52.91507","2012-05-28T20:56:09Z","1","1031"
"1001-2012","5.409344","52.9150481","2012-05-28T21:26:15Z","1","1032"
"1001-2012","5.4095667","52.9149722","2012-05-28T21:56:24Z","1","1033"
"1001-2012","5.4095321","52.9149766","2012-05-28T22:26:39Z","1","1034"
"1001-2012","5.4096808","52.9149268","2012-05-28T22:56:44Z","1","1035"
"1001-2012","5.4097286","52.9149894","2012-05-28T23:56:40Z","1","1036"
"1001-2012","5.4099466","52.9150807","2012-05-29T00:26:40Z","1","1037"
"1001-2012","5.4333629","52.9205105","2012-05-29T00:57:05Z","1","1038"
"1001-2012","5.4338256","52.9206781","2012-05-29T01:27:04Z","1","1039"
"1001-2012","5.4330433","52.9205131","2012-05-29T01:57:06Z","1","1040"
"1001-2012","5.4331718","52.9205456","2012-05-29T02:27:39Z","1","1041"
"1001-2012","5.4328851","52.9209176","2012-05-29T02:57:26Z","1","1042"
"1001-2012","5.4328363","52.9208763","2012-05-29T03:27:39Z","1","1043"
"1001-2012","5.4334082","52.9207291","2012-05-29T03:58:09Z","1","1044"
"1001-2012","5.4334016","52.9199359","2012-05-29T04:28:37Z","1","1045"
"1001-2012","5.4327849","52.9206056","2012-05-29T04:58:30Z","1","1046"
"1001-2012","5.4326291","52.9206508","2012-05-29T05:28:23Z","1","1047"
"1001-2012","5.4327993","52.9207831","2012-05-29T06:28:34Z","1","1048"
"1001-2012","5.4333691","52.9207094","2012-05-29T06:58:33Z","1","1049"
"1001-2012","5.4332107","52.9206153","2012-05-29T07:28:37Z","1","1050"
"1001-2012","5.433017","52.9210224","2012-05-29T07:58:32Z","1","1051"
"1001-2012","5.4327551","52.9209733","2012-05-29T08:28:25Z","1","1052"
"1001-2012","5.4323586","52.9210121","2012-05-29T08:59:30Z","1","1053"
"1001-2012","5.432829","52.9208082","2012-05-29T09:31:33Z","1","1054"
"1001-2012","5.4330282","52.9209738","2012-05-29T10:03:35Z","1","1055"
"1001-2012","5.4330499","52.9210471","2012-05-29T10:33:28Z","1","1056"
"1001-2012","5.4329844","52.9209983","2012-05-29T11:03:34Z","1","1057"
"1001-2012","5.4331768","52.9209238","2012-05-29T11:33:24Z","1","1058"
"1001-2012","5.4330644","52.9205941","2012-05-29T12:34:25Z","1","1059"
"1001-2012","5.4332772","52.9207511","2012-05-29T13:04:50Z","1","1060"
"1001-2012","5.4330107","52.9208998","2012-05-29T13:34:55Z","1","1061"
"1001-2012","5.4318811","52.9212914","2012-05-29T14:05:39Z","1","1062"
"1001-2012","5.4314789","52.9211812","2012-05-29T14:35:30Z","1","1063"
"1001-2012","5.4315805","52.9212254","2012-05-29T15:05:23Z","1","1064"
"1001-2012","5.4315836","52.92118","2012-05-29T15:35:30Z","1","1065"
"1001-2012","5.4315937","52.9212217","2012-05-29T16:05:22Z","1","1066"
"1001-2012","5.4316805","52.9211716","2012-05-29T16:35:22Z","1","1067"
"1001-2012","5.4318027","52.9212075","2012-05-29T17:05:39Z","1","1068"
"1001-2012","5.4326278","52.9206292","2012-05-29T17:36:00Z","1","1069"
"1001-2012","5.4334804","52.9203843","2012-05-29T18:06:09Z","1","1070"
"1001-2012","5.432791","52.920601","2012-05-29T18:36:06Z","1","1071"
"1001-2012","5.4398608","52.9304213","2012-05-29T19:06:39Z","1","1072"
"1001-2012","5.4400414","52.9309372","2012-05-29T19:36:34Z","1","1073"
"1001-2012","5.4401376","52.9310287","2012-05-29T20:06:23Z","1","1074"
"1001-2012","5.4400111","52.9309332","2012-05-29T20:36:32Z","1","1075"
"1001-2012","5.4399186","52.9309148","2012-05-29T21:06:28Z","1","1076"
"1001-2012","5.44005","52.9310436","2012-05-29T21:36:29Z","1","1077"
"1001-2012","5.4400515","52.9310244","2012-05-29T22:06:39Z","1","1078"
"1001-2012","5.4401885","52.9310828","2012-05-29T22:36:46Z","1","1079"
"1001-2012","5.4402639","52.9311093","2012-05-29T23:06:42Z","1","1080"
"1001-2012","5.440163","52.9309711","2012-05-29T23:36:31Z","1","1081"
"1001-2012","5.431731","52.9204565","2012-05-30T00:06:54Z","1","1082"
"1001-2012","5.4324173","52.9199141","2012-05-30T00:37:10Z","1","1083"
"1001-2012","5.4326495","52.9198464","2012-05-30T01:07:25Z","1","1084"
"1001-2012","5.432708","52.9198553","2012-05-30T01:37:41Z","1","1085"
"1001-2012","5.4330264","52.9198244","2012-05-30T02:08:28Z","1","1086"
"1001-2012","5.4329543","52.9205998","2012-05-30T02:38:40Z","1","1087"
"1001-2012","5.432926","52.9206314","2012-05-30T03:11:43Z","1","1088"
"1001-2012","5.4332848","52.9208204","2012-05-30T03:41:35Z","1","1089"
"1001-2012","5.4333396","52.9210414","2012-05-30T04:11:39Z","1","1090"
"1001-2012","5.4330148","52.9208444","2012-05-30T04:41:31Z","1","1091"
"1001-2012","5.4333258","52.919866","2012-05-30T05:12:13Z","1","1092"
"1001-2012","5.4326613","52.9205001","2012-05-30T05:42:04Z","1","1093"
"1001-2012","5.4315973","52.9210475","2012-05-30T06:12:01Z","1","1094"
"1001-2012","5.4318805","52.9209722","2012-05-30T06:42:33Z","1","1095"
"1001-2012","5.4324641","52.9207101","2012-05-30T07:12:46Z","1","1096"
"1001-2012","5.4324223","52.9206098","2012-05-30T07:43:03Z","1","1097"
"1001-2012","5.4320264","52.920807","2012-05-30T08:13:15Z","1","1098"
"1001-2012","5.4315819","52.9211181","2012-05-30T08:43:10Z","1","1099"
"1001-2012","5.4314479","52.9211734","2012-05-30T09:13:02Z","1","1100"
"1001-2012","5.431987","52.9209835","2012-05-30T09:43:36Z","1","1101"
"1001-2012","5.4324034","52.9208818","2012-05-30T10:14:04Z","1","1102"
"1001-2012","5.4330517","52.9216083","2012-05-30T10:43:54Z","1","1103"
"1001-2012","5.4328162","52.9214076","2012-05-30T11:15:54Z","1","1104"
"1001-2012","5.4331323","52.9209038","2012-05-30T11:47:05Z","1","1105"
"1001-2012","5.4329394","52.9208381","2012-05-30T12:17:01Z","1","1106"
"1001-2012","5.4329751","52.920866","2012-05-30T12:46:55Z","1","1107"
"1001-2012","5.4329001","52.9197288","2012-05-30T13:17:16Z","1","1108"
"1001-2012","5.4328109","52.9196895","2012-05-30T13:49:10Z","1","1109"
"1001-2012","5.432593","52.9196252","2012-05-30T14:19:05Z","1","1110"
"1001-2012","5.4333451","52.9196257","2012-05-30T14:51:04Z","1","1111"
"1001-2012","5.4331693","52.92","2012-05-30T15:20:55Z","1","1112"
"1001-2012","5.4330827","52.9197494","2012-05-30T15:50:49Z","1","1113"
"1001-2012","5.4333496","52.9196887","2012-05-30T16:21:39Z","1","1114"
"1001-2012","5.4335284","52.9195679","2012-05-30T17:21:26Z","1","1115"
"1001-2012","5.4333266","52.9196283","2012-05-30T17:51:36Z","1","1116"
"1001-2012","5.4329541","52.9197101","2012-05-30T18:21:31Z","1","1117"
"1001-2012","5.432672","52.9195318","2012-05-30T18:51:21Z","1","1118"
"1001-2012","5.409335","52.9150882","2012-05-30T19:21:34Z","1","1119"
"1001-2012","5.4095417","52.9149491","2012-05-30T19:51:49Z","1","1120"
"1001-2012","5.4095287","52.9149124","2012-05-30T20:21:43Z","1","1121"
"1001-2012","5.4095191","52.9149254","2012-05-30T20:51:35Z","1","1122"
"1001-2012","5.4094482","52.9149451","2012-05-30T21:21:46Z","1","1123"
"1001-2012","5.4094578","52.9149904","2012-05-30T21:52:06Z","1","1124"
"1001-2012","5.409458","52.9149663","2012-05-30T22:21:57Z","1","1125"
"1001-2012","5.4094414","52.9149694","2012-05-30T22:52:21Z","1","1126"
"1001-2012","5.4094728","52.9149585","2012-05-30T23:22:15Z","1","1127"
"1001-2012","5.409493","52.9149494","2012-05-30T23:52:17Z","1","1128"
"1001-2012","5.4153696","52.9143733","2012-05-31T00:22:39Z","1","1129"
"1001-2012","5.4369647","52.9080889","2012-05-31T00:52:56Z","1","1130"
"1001-2012","5.4369483","52.9081017","2012-05-31T01:23:08Z","1","1131"
"1001-2012","5.4371187","52.9084697","2012-05-31T01:53:08Z","1","1132"
"1001-2012","5.437127","52.9082092","2012-05-31T02:23:17Z","1","1133"
"1001-2012","5.4373481","52.9080282","2012-05-31T02:53:08Z","1","1134"
"1001-2012","5.4373654","52.9078476","2012-05-31T03:22:59Z","1","1135"
"1001-2012","5.4327116","52.9206802","2012-05-31T03:53:07Z","1","1136"
"1001-2012","5.4326465","52.9203984","2012-05-31T04:54:42Z","1","1137"
"1001-2012","5.4327934","52.9204481","2012-05-31T05:25:10Z","1","1138"
"1001-2012","5.4328117","52.9207132","2012-05-31T05:55:43Z","1","1139"
"1001-2012","5.4326307","52.9204785","2012-05-31T06:25:47Z","1","1140"
"1001-2012","5.4329082","52.9205996","2012-05-31T06:55:51Z","1","1141"
"1001-2012","5.4329129","52.9204282","2012-05-31T07:26:19Z","1","1142"
"1001-2012","5.4333194","52.9204452","2012-05-31T07:58:32Z","1","1143"
"1001-2012","5.4325466","52.9206765","2012-05-31T08:29:13Z","1","1144"
"1001-2012","5.4330753","52.9209474","2012-05-31T09:00:42Z","1","1145"
"1001-2012","5.4329101","52.9208513","2012-05-31T09:31:10Z","1","1146"
"1001-2012","5.4325975","52.9203035","2012-05-31T10:01:36Z","1","1147"
"1001-2012","5.4325425","52.9205715","2012-05-31T10:31:45Z","1","1148"
"1001-2012","5.4329479","52.9206163","2012-05-31T11:01:55Z","1","1149"
"1001-2012","5.4327483","52.9206868","2012-05-31T11:31:55Z","1","1150"
"1001-2012","5.4331899","52.9204729","2012-05-31T12:03:39Z","1","1151"
"1001-2012","5.4331117","52.9203947","2012-05-31T12:33:42Z","1","1152"
"1001-2012","5.4329953","52.9204533","2012-05-31T13:03:31Z","1","1153"
"1001-2012","5.4327021","52.920495","2012-05-31T13:33:38Z","1","1154"
"1001-2012","5.4329079","52.9206487","2012-05-31T14:03:58Z","1","1155"
"1001-2012","5.43312","52.9198299","2012-05-31T14:33:51Z","1","1156"
"1001-2012","5.4330219","52.9197769","2012-05-31T15:03:44Z","1","1157"
"1001-2012","5.4331085","52.919911","2012-05-31T15:34:07Z","1","1158"
"1001-2012","5.4328925","52.920306","2012-05-31T16:04:14Z","1","1159"
"1001-2012","5.4322961","52.9202266","2012-05-31T16:35:28Z","1","1160"
"1001-2012","5.4322373","52.9206988","2012-05-31T17:06:03Z","1","1161"
"1001-2012","5.4332493","52.9208746","2012-05-31T17:38:38Z","1","1162"
"1001-2012","5.4330995","52.9197148","2012-05-31T18:08:29Z","1","1163"
"1001-2012","5.4334791","52.9199758","2012-05-31T18:38:59Z","1","1164"
"1001-2012","5.4095999","52.9150167","2012-05-31T19:09:09Z","1","1165"
"1001-2012","5.4093963","52.9149852","2012-05-31T19:39:08Z","1","1166"
"1001-2012","5.4092679","52.9150711","2012-05-31T20:09:18Z","1","1167"
"1001-2012","5.4092168","52.9151016","2012-05-31T20:39:09Z","1","1168"
"1001-2012","5.409257","52.9150853","2012-05-31T21:09:12Z","1","1169"
"1001-2012","5.4090429","52.9151323","2012-05-31T21:39:33Z","1","1170"
"1001-2012","5.4093341","52.9150087","2012-05-31T22:10:03Z","1","1171"
"1001-2012","5.4093395","52.9150029","2012-05-31T22:39:56Z","1","1172"
"1001-2012","5.4094303","52.9149783","2012-05-31T23:09:48Z","1","1173"
"1001-2012","5.4093847","52.9150027","2012-05-31T23:39:55Z","1","1174"
"1001-2012","5.4095575","52.9149826","2012-06-01T00:10:10Z","1","1175"
"1001-2012","5.4099231","52.9149486","2012-06-01T00:39:56Z","1","1176"
"1001-2012","5.409314","52.915023","2012-06-01T01:10:04Z","1","1177"
"1001-2012","5.4332427","52.9197902","2012-06-01T01:40:10Z","1","1178"
"1001-2012","5.4327729","52.9205148","2012-06-01T02:10:35Z","1","1179"
"1001-2012","5.4327388","52.9207366","2012-06-01T02:40:42Z","1","1180"
"1001-2012","5.4329109","52.9208501","2012-06-01T03:10:35Z","1","1181"
"1001-2012","5.432343","52.9205631","2012-06-01T03:40:37Z","1","1182"
"1001-2012","5.4331282","52.9205265","2012-06-01T04:10:46Z","1","1183"
"1001-2012","5.4332721","52.920778","2012-06-01T04:41:40Z","1","1184"
"1001-2012","5.4329402","52.920814","2012-06-01T05:11:37Z","1","1185"
"1001-2012","5.4330268","52.9208415","2012-06-01T05:41:31Z","1","1186"
"1001-2012","5.4329381","52.9208578","2012-06-01T06:12:09Z","1","1187"
"1001-2012","5.4331159","52.9210834","2012-06-01T06:42:33Z","1","1188"
"1001-2012","5.4329107","52.9197058","2012-06-01T07:12:24Z","1","1189"
"1001-2012","5.4328726","52.9204251","2012-06-01T07:42:50Z","1","1190"
"1001-2012","5.4332934","52.9196713","2012-06-01T08:12:43Z","1","1191"
"1001-2012","5.4329307","52.9208484","2012-06-01T09:13:09Z","1","1192"
"1001-2012","5.4329071","52.9208955","2012-06-01T09:43:45Z","1","1193"
"1001-2012","5.4329006","52.9208401","2012-06-01T10:13:45Z","1","1194"
"1001-2012","5.4329317","52.9208411","2012-06-01T10:44:06Z","1","1195"
"1001-2012","5.4324497","52.9205569","2012-06-01T11:14:16Z","1","1196"
"1001-2012","5.4333245","52.9196823","2012-06-01T11:44:07Z","1","1197"
"1001-2012","5.4316059","52.920798","2012-06-01T12:13:59Z","1","1198"
"1001-2012","5.4334162","52.9196485","2012-06-01T12:44:09Z","1","1199"
"1001-2012","5.433736","52.9200857","2012-06-01T13:14:24Z","1","1200"
"1001-2012","5.4327752","52.9199366","2012-06-01T14:14:35Z","1","1201"
"1001-2012","5.4329274","52.9206508","2012-06-01T14:44:23Z","1","1202"
"1001-2012","5.4329341","52.9206474","2012-06-01T15:14:39Z","1","1203"
"1001-2012","5.4329302","52.9208651","2012-06-01T15:44:51Z","1","1204"
"1001-2012","5.4329211","52.9208482","2012-06-01T16:15:33Z","1","1205"
"1001-2012","5.4332604","52.9208814","2012-06-01T16:45:37Z","1","1206"
"1001-2012","5.4329133","52.9205793","2012-06-01T17:15:40Z","1","1207"
"1001-2012","5.4329949","52.9208283","2012-06-01T17:46:30Z","1","1208"
"1001-2012","5.4329685","52.9208293","2012-06-01T18:16:23Z","1","1209"
"1001-2012","5.4329399","52.9208474","2012-06-01T18:46:39Z","1","1210"
"1001-2012","5.4329374","52.9208364","2012-06-01T19:16:53Z","1","1211"
"1001-2012","5.4329414","52.920873","2012-06-01T19:46:45Z","1","1212"
"1001-2012","5.4222031","52.9173451","2012-06-01T20:16:39Z","1","1213"
"1001-2012","5.4329373","52.9208393","2012-06-01T20:46:28Z","1","1214"
"1001-2012","5.4329401","52.9208553","2012-06-01T21:16:45Z","1","1215"
"1001-2012","5.433226","52.921155","2012-06-01T21:47:10Z","1","1216"
"1001-2012","5.4329235","52.9208614","2012-06-01T22:17:40Z","1","1217"
"1001-2012","5.4399488","52.9309199","2012-06-01T22:47:46Z","1","1218"
"1001-2012","5.4329248","52.9208511","2012-06-01T23:17:38Z","1","1219"
"1001-2012","5.4316952","52.9201477","2012-06-01T23:47:32Z","1","1220"
"1001-2012","5.4329043","52.920859","2012-06-02T00:17:34Z","1","1221"
"1001-2012","5.4329259","52.9208768","2012-06-02T00:47:29Z","1","1222"
"1001-2012","5.4328933","52.9208481","2012-06-02T01:17:23Z","1","1223"
"1001-2012","5.4328618","52.9197318","2012-06-02T01:47:28Z","1","1224"
"1001-2012","5.4327108","52.9198535","2012-06-02T02:17:53Z","1","1225"
"1001-2012","5.4328822","52.9208713","2012-06-02T02:48:43Z","1","1226"
"1001-2012","5.4329348","52.9208502","2012-06-02T03:19:09Z","1","1227"
"1001-2012","5.4329062","52.9208478","2012-06-02T03:49:20Z","1","1228"
"1001-2012","5.4329361","52.9198446","2012-06-02T04:19:12Z","1","1229"
"1001-2012","5.4331987","52.9199533","2012-06-02T04:49:04Z","1","1230"
"1001-2012","5.4330184","52.9208067","2012-06-02T05:19:01Z","1","1231"
"1001-2012","5.4333656","52.92077","2012-06-02T05:49:10Z","1","1232"
"1001-2012","5.4333959","52.9206821","2012-06-02T06:18:58Z","1","1233"
"1001-2012","5.4329643","52.9206392","2012-06-02T06:49:34Z","1","1234"
"1001-2012","5.4329319","52.9208625","2012-06-02T07:19:29Z","1","1235"
"1001-2012","5.4329525","52.9208686","2012-06-02T07:49:19Z","1","1236"
"1001-2012","5.4329096","52.9208449","2012-06-02T08:19:25Z","1","1237"
"1001-2012","5.4329801","52.9208213","2012-06-02T08:50:04Z","1","1238"
"1001-2012","5.433268","52.9206745","2012-06-02T09:20:04Z","1","1239"
"1001-2012","5.4329147","52.9211406","2012-06-02T09:49:51Z","1","1240"
"1001-2012","5.4325658","52.9213476","2012-06-02T10:20:15Z","1","1241"
"1001-2012","5.4319477","52.9208214","2012-06-02T10:50:37Z","1","1242"
"1001-2012","5.4318523","52.9209594","2012-06-02T11:20:31Z","1","1243"
"1001-2012","5.4315443","52.9212109","2012-06-02T11:50:36Z","1","1244"
"1001-2012","5.4315849","52.9211693","2012-06-02T12:20:30Z","1","1245"
"1001-2012","5.4329295","52.92088","2012-06-02T12:51:46Z","1","1246"
"1001-2012","5.432959","52.9208847","2012-06-02T13:22:03Z","1","1247"
"1001-2012","5.4329318","52.9208976","2012-06-02T13:52:04Z","1","1248"
"1001-2012","5.4330438","52.9209113","2012-06-02T14:22:30Z","1","1249"
"1001-2012","5.433062","52.9198111","2012-06-02T14:52:59Z","1","1250"
"1001-2012","5.4333107","52.9205263","2012-06-02T15:23:39Z","1","1251"
"1001-2012","5.4330707","52.9206317","2012-06-02T15:54:13Z","1","1252"
"1001-2012","5.4332617","52.9205475","2012-06-02T16:24:11Z","1","1253"
"1001-2012","5.4333841","52.9205389","2012-06-02T16:54:14Z","1","1254"
"1001-2012","5.4336689","52.9201445","2012-06-02T17:24:11Z","1","1255"
"1001-2012","5.4332155","52.9207781","2012-06-02T17:54:36Z","1","1256"
"1001-2012","5.4328964","52.9196992","2012-06-02T18:24:57Z","1","1257"
"1001-2012","5.4328721","52.9195838","2012-06-02T18:55:06Z","1","1258"
"1001-2012","5.4327797","52.9195162","2012-06-02T19:25:15Z","1","1259"
"1001-2012","5.4093745","52.9149628","2012-06-02T19:55:07Z","1","1260"
"1001-2012","5.4093805","52.9149729","2012-06-02T20:24:59Z","1","1261"
"1001-2012","5.4094072","52.9149841","2012-06-02T20:55:15Z","1","1262"
"1001-2012","5.4091909","52.9150562","2012-06-02T21:25:28Z","1","1263"
"1001-2012","5.409368","52.9150303","2012-06-02T21:55:35Z","1","1264"
"1001-2012","5.4093705","52.915024","2012-06-02T22:25:29Z","1","1265"
"1001-2012","5.4093648","52.9150198","2012-06-02T22:55:37Z","1","1266"
"1001-2012","5.4093326","52.915006","2012-06-02T23:25:29Z","1","1267"
"1001-2012","5.4094152","52.9150452","2012-06-02T23:55:42Z","1","1268"
"1001-2012","5.4099645","52.9150266","2012-06-03T00:26:09Z","1","1269"
"1001-2012","5.4328477","52.9196195","2012-06-03T00:56:07Z","1","1270"
"1001-2012","5.4327304","52.9194978","2012-06-03T01:26:01Z","1","1271"
"1001-2012","5.4326164","52.920385","2012-06-03T01:56:11Z","1","1272"
"1001-2012","5.4328877","52.9195134","2012-06-03T02:25:59Z","1","1273"
"1001-2012","5.4329683","52.9208115","2012-06-03T02:55:56Z","1","1274"
"1001-2012","5.4329297","52.9208869","2012-06-03T03:26:29Z","1","1275"
"1001-2012","5.4329255","52.9208316","2012-06-03T03:56:39Z","1","1276"
"1001-2012","5.4329234","52.9208347","2012-06-03T04:28:56Z","1","1277"
"1001-2012","5.4329089","52.9208516","2012-06-03T04:58:48Z","1","1278"
"1001-2012","5.4329938","52.9208549","2012-06-03T05:29:13Z","1","1279"
"1001-2012","5.4332981","52.9205453","2012-06-03T05:59:08Z","1","1280"
"1001-2012","5.4330655","52.9196825","2012-06-03T06:29:27Z","1","1281"
"1001-2012","5.4334969","52.9200919","2012-06-03T06:59:51Z","1","1282"
"1001-2012","5.4333884","52.9205227","2012-06-03T07:29:59Z","1","1283"
"1001-2012","5.4326518","52.9209775","2012-06-03T08:00:02Z","1","1284"
"1001-2012","5.432917","52.9208532","2012-06-03T08:30:39Z","1","1285"
"1001-2012","5.4328933","52.9208702","2012-06-03T09:01:45Z","1","1286"
"1001-2012","5.4329071","52.920865","2012-06-03T09:32:10Z","1","1287"
"1001-2012","5.4329354","52.9208139","2012-06-03T10:02:05Z","1","1288"
"1001-2012","5.4331642","52.9207383","2012-06-03T10:34:28Z","1","1289"
"1001-2012","5.4328648","52.9208543","2012-06-03T11:34:49Z","1","1290"
"1001-2012","5.4329349","52.9208531","2012-06-03T12:05:06Z","1","1291"
"1001-2012","5.4331537","52.9199022","2012-06-03T12:34:59Z","1","1292"
"1001-2012","5.4334865","52.9201087","2012-06-03T13:05:04Z","1","1293"
"1001-2012","5.4337641","52.9201537","2012-06-03T13:35:40Z","1","1294"
"1001-2012","5.4333594","52.9196598","2012-06-03T14:05:43Z","1","1295"
"1001-2012","5.4333847","52.9196096","2012-06-03T14:35:30Z","1","1296"
"1001-2012","5.4327864","52.9208382","2012-06-03T15:05:50Z","1","1297"
"1001-2012","5.4394659","52.9218696","2012-06-03T15:36:12Z","1","1298"
"1001-2012","5.4388998","52.9222425","2012-06-03T16:06:39Z","1","1299"
"1001-2012","5.4335782","52.9202816","2012-06-03T16:37:38Z","1","1300"
"1001-2012","5.4336547","52.9202036","2012-06-03T17:07:47Z","1","1301"
"1001-2012","5.4333124","52.9207768","2012-06-03T17:37:39Z","1","1302"
"1001-2012","5.4374511","52.9235669","2012-06-03T18:07:31Z","1","1303"
"1001-2012","5.4331463","52.9209043","2012-06-03T18:37:44Z","1","1304"
"1001-2012","5.4095653","52.9148494","2012-06-03T19:07:43Z","1","1305"
"1001-2012","5.4095741","52.9149136","2012-06-03T19:38:09Z","1","1306"
"1001-2012","5.4095602","52.9149017","2012-06-03T20:08:17Z","1","1307"
"1001-2012","5.4095578","52.9149032","2012-06-03T20:38:10Z","1","1308"
"1001-2012","5.4094663","52.9149296","2012-06-03T21:08:01Z","1","1309"
"1001-2012","5.4094132","52.9150469","2012-06-03T21:37:58Z","1","1310"
"1001-2012","5.4093936","52.9150274","2012-06-03T22:08:33Z","1","1311"
"1001-2012","5.4094119","52.9150279","2012-06-03T22:38:23Z","1","1312"
"1001-2012","5.4094106","52.9150241","2012-06-03T23:08:19Z","1","1313"
"1001-2012","5.4094124","52.9150499","2012-06-03T23:38:27Z","1","1314"
"1001-2012","5.4094327","52.9150169","2012-06-04T00:08:31Z","1","1315"
"1001-2012","5.4099806","52.9149381","2012-06-04T00:38:24Z","1","1316"
"1001-2012","5.4328088","52.919672","2012-06-04T01:09:04Z","1","1317"
"1001-2012","5.4328685","52.9197722","2012-06-04T01:40:16Z","1","1318"
"1001-2012","5.4328022","52.9208654","2012-06-04T02:10:25Z","1","1319"
"1001-2012","5.432798","52.9208795","2012-06-04T02:40:32Z","1","1320"
"1001-2012","5.432915","52.920867","2012-06-04T03:12:09Z","1","1321"
"1001-2012","5.432818","52.9207736","2012-06-04T03:42:21Z","1","1322"
"1001-2012","5.4329808","52.9197378","2012-06-04T04:13:19Z","1","1323"
"1001-2012","5.4331988","52.9198576","2012-06-04T04:44:45Z","1","1324"
"1001-2012","5.4326968","52.920849","2012-06-04T05:15:24Z","1","1325"
"1001-2012","5.4327132","52.9208863","2012-06-04T05:45:40Z","1","1326"
"1001-2012","5.4329295","52.9208833","2012-06-04T06:17:34Z","1","1327"
"1001-2012","5.4318316","52.920412","2012-06-04T06:47:26Z","1","1328"
"1001-2012","5.4331389","52.9207576","2012-06-04T07:17:19Z","1","1329"
"1001-2012","5.4329942","52.9209649","2012-06-04T07:47:11Z","1","1330"
"1001-2012","5.432907","52.9208631","2012-06-04T08:17:33Z","1","1331"
"1001-2012","5.432888","52.9208571","2012-06-04T08:47:30Z","1","1332"
"1001-2012","5.4329046","52.9208825","2012-06-04T09:17:34Z","1","1333"
"1001-2012","5.4325002","52.919964","2012-06-04T09:47:24Z","1","1334"
"1001-2012","5.432449","52.9199616","2012-06-04T10:17:19Z","1","1335"
"1001-2012","5.4294864","52.9201287","2012-06-04T10:47:39Z","1","1336"
"1001-2012","5.4394994","52.9226011","2012-06-04T11:17:47Z","1","1337"
"1001-2012","5.4413157","52.9251388","2012-06-04T11:47:41Z","1","1338"
"1001-2012","5.4324022","52.920209","2012-06-04T12:17:35Z","1","1339"
"1001-2012","5.4331191","52.9207566","2012-06-04T12:47:39Z","1","1340"
"1001-2012","5.4329064","52.9208663","2012-06-04T13:18:03Z","1","1341"
"1001-2012","5.4321876","52.9202626","2012-06-04T13:49:46Z","1","1342"
"1001-2012","5.4330588","52.9206222","2012-06-04T14:19:57Z","1","1343"
"1001-2012","5.4324336","52.9207829","2012-06-04T14:50:08Z","1","1344"
"1001-2012","5.4327649","52.9198157","2012-06-04T15:20:31Z","1","1345"
"1001-2012","5.4321479","52.9208901","2012-06-04T15:51:11Z","1","1346"
"1001-2012","5.4329358","52.9208568","2012-06-04T16:21:27Z","1","1347"
"1001-2012","5.4325882","52.9200586","2012-06-04T16:52:27Z","1","1348"
"1001-2012","5.4328066","52.9204438","2012-06-04T17:22:35Z","1","1349"
"1001-2012","5.4323931","52.92084","2012-06-04T17:52:26Z","1","1350"
"1001-2012","5.4316485","52.921024","2012-06-04T18:22:39Z","1","1351"
"1001-2012","5.4095583","52.9150795","2012-06-04T18:52:44Z","1","1352"
"1001-2012","5.4091131","52.9149609","2012-06-04T19:22:32Z","1","1353"
"1001-2012","5.4091715","52.9148539","2012-06-04T19:52:25Z","1","1354"
"1001-2012","5.4091559","52.914869","2012-06-04T20:22:19Z","1","1355"
"1001-2012","5.4091364","52.9148507","2012-06-04T20:52:37Z","1","1356"
"1001-2012","5.4091031","52.9148867","2012-06-04T21:22:31Z","1","1357"
"1001-2012","5.4092082","52.9149337","2012-06-04T21:52:23Z","1","1358"