"","X","x","y","t","date_time","year"
"1",1,663404.47682511,5866549.46425418,1336722052,2012-05-11 03:40:52,"2012"
"2",2,663404.568679145,5866548.83829078,1336723404,2012-05-11 04:03:24,"2012"
"3",3,663650.339121881,5866160.88407839,1336726107,2012-05-11 04:48:27,"2012"
"4",4,664025.674243713,5866872.55129039,1336732527,2012-05-11 06:35:27,"2012"
"5",5,663809.792261342,5867261.00052087,1336734369,2012-05-11 07:06:09,"2012"
"6",6,663794.536320223,5867290.6280844,1336735707,2012-05-11 07:28:27,"2012"
"7",7,663789.428710381,5867290.66062602,1336737051,2012-05-11 07:50:51,"2012"
"8",8,663803.232057572,5867285.67922211,1336740202.5,2012-05-11 08:43:22,"2012"
"9",9,663793.018125745,5867266.88311794,1336742022,2012-05-11 09:13:42,"2012"
"10",10,663793.020745876,5867269.28261019,1336743370,2012-05-11 09:36:10,"2012"
"11",11,663793.600045177,5867269.16310497,1336744722,2012-05-11 09:58:42,"2012"
"12",12,663795.734736466,5867269.00734387,1336746522,2012-05-11 10:28:42,"2012"
"13",13,663790.484303277,5867274.83034653,1336747868,2012-05-11 10:51:08,"2012"
"14",14,663796.78860179,5867269.27694829,1336749212.5,2012-05-11 11:13:32,"2012"
"15",15,663812.130928447,5867297.82812371,1336751032,2012-05-11 11:43:52,"2012"
"16",16,663809.282910026,5867293.82888943,1336752429,2012-05-11 12:07:09,"2012"
"17",17,663791.003754448,5867275.48263053,1336753775,2012-05-11 12:29:35,"2012"
"18",18,663795.510401146,5867276.60433158,1336755608.5,2012-05-11 13:00:08,"2012"
"19",19,663824.819872361,5867287.03030427,1336757012,2012-05-11 13:23:32,"2012"
"20",20,663798.922185895,5867287.38111175,1336758408,2012-05-11 13:46:48,"2012"
"21",21,663797.006715703,5867271.96767741,1336760649,2012-05-11 14:24:09,"2012"
"22",22,663794.236466569,5867272.9090799,1336762467,2012-05-11 14:54:27,"2012"
"23",23,663794.579052288,5867272.33060471,1336764265,2012-05-11 15:24:25,"2012"
"24",24,663794.88380536,5867272.07373439,1336766109,2012-05-11 15:55:09,"2012"
"25",25,663796.300229833,5867275.13917988,1336767927,2012-05-11 16:25:27,"2012"
"26",26,663794.800829169,5867271.34719878,1336769719,2012-05-11 16:55:19,"2012"
"27",27,663795.010695851,5867268.33697818,1336771518,2012-05-11 17:25:18,"2012"
"28",28,663794.617988997,5867267.2213648,1336773339,2012-05-11 17:55:39,"2012"
"29",29,663794.700597375,5867266.96808515,1336775126,2012-05-11 18:25:26,"2012"
"30",30,663795.009281354,5867273.92625953,1336776922,2012-05-11 18:55:22,"2012"
"31",31,663795.118189945,5867271.31343904,1336778730,2012-05-11 19:25:30,"2012"
"32",32,663794.750524216,5867273.02674302,1336780531,2012-05-11 19:55:31,"2012"
"33",33,663793.630243576,5867277.48688673,1336782361,2012-05-11 20:26:01,"2012"
"34",34,663793.564328344,5867269.32333689,1336784151,2012-05-11 20:55:51,"2012"
"35",35,663791.230883644,5867271.27051062,1336785962,2012-05-11 21:26:02,"2012"
"36",36,663794.040466669,5867270.9539529,1336787770,2012-05-11 21:56:10,"2012"
"37",37,663794.873018273,5867271.00449235,1336789559,2012-05-11 22:25:59,"2012"
"38",38,663794.10629388,5867272.58177005,1336791393,2012-05-11 22:56:33,"2012"
"39",39,663793.714419987,5867271.24350257,1336793193,2012-05-11 23:26:33,"2012"
"40",40,663794.509080778,5867269.83418528,1336795026,2012-05-11 23:57:06,"2012"
"41",41,663789.722180981,5867277.06469429,1336796873,2012-05-12 00:27:53,"2012"
"42",42,663792.780316188,5867278.44339552,1336799126.5,2012-05-12 01:05:26,"2012"
"43",43,663805.311685072,5867279.21966476,1336800483,2012-05-12 01:28:03,"2012"
"44",44,663795.637770272,5867277.90578456,1336801875,2012-05-12 01:51:15,"2012"
"45",45,663793.697406699,5867273.72583409,1336803221,2012-05-12 02:13:41,"2012"
"46",46,663790.017788304,5867277.7706147,1336804582,2012-05-12 02:36:22,"2012"
"47",47,663801.052523642,5867268.13575157,1336806264,2012-05-12 03:04:24,"2012"
"48",48,663803.411784972,5867259.78177154,1336807630,2012-05-12 03:27:10,"2012"
"49",49,663795.601457986,5867277.19196519,1336809441.5,2012-05-12 03:57:21,"2012"
"50",50,663826.257720626,5867271.63610607,1336810786,2012-05-12 04:19:46,"2012"
"51",51,663807.156612764,5867272.93586765,1336812178,2012-05-12 04:42:58,"2012"
"52",52,663810.970944094,5867284.43891562,1336814001,2012-05-12 05:13:21,"2012"
"53",53,663807.239213606,5867282.2913368,1336815362,2012-05-12 05:36:02,"2012"
"54",54,663800.307219735,5867281.365616,1336816867,2012-05-12 06:01:07,"2012"
"55",55,663802.397113761,5867282.62793673,1336818530,2012-05-12 06:28:50,"2012"
"56",56,663814.820192795,5867299.17204218,1336819746,2012-05-12 06:49:06,"2012"
"57",57,663794.554794196,5867281.96079681,1336820946,2012-05-12 07:09:06,"2012"
"58",58,663790.827314362,5867273.14960895,1336822764.5,2012-05-12 07:39:24,"2012"
"59",59,663798.944283409,5867276.13083061,1336824589,2012-05-12 08:09:49,"2012"
"60",60,663802.517937399,5867294.52328377,1336825795,2012-05-12 08:29:55,"2012"
"61",61,663804.019807943,5867283.28430238,1336827361.5,2012-05-12 08:56:01,"2012"
"62",62,663791.697181325,5867276.65856072,1336828948.5,2012-05-12 09:22:28,"2012"
"63",63,663792.210438036,5867272.53966063,1336830768,2012-05-12 09:52:48,"2012"
"64",64,663796.079140618,5867275.30981816,1336831980,2012-05-12 10:13:00,"2012"
"65",65,663794.418812797,5867273.48311215,1336833499,2012-05-12 10:38:19,"2012"
"66",66,663796.318569598,5867274.75548672,1336834994,2012-05-12 11:03:14,"2012"
"67",67,663795.145806367,5867273.27398236,1336836488,2012-05-12 11:28:08,"2012"
"68",68,663795.350892126,5867280.2119378,1336837717,2012-05-12 11:48:37,"2012"
"69",69,663801.367934285,5867283.21649776,1336838992,2012-05-12 12:09:52,"2012"
"70",70,663799.491624602,5867284.282895,1336840798.5,2012-05-12 12:39:58,"2012"
"71",71,663797.427960315,5867243.71244545,1336842607,2012-05-12 13:10:07,"2012"
"72",72,663794.953103949,5867288.85521016,1336843806,2012-05-12 13:30:06,"2012"
"73",73,663792.271774083,5867278.06426794,1336845018,2012-05-12 13:50:18,"2012"
"74",74,663796.200938868,5867271.2277312,1336846869.5,2012-05-12 14:21:09,"2012"
"75",75,663796.678625489,5867272.71365651,1336848670,2012-05-12 14:51:10,"2012"
"76",76,663793.972131555,5867270.9850348,1336850473,2012-05-12 15:21:13,"2012"
"77",77,663795.121578956,5867272.20428391,1336852300,2012-05-12 15:51:40,"2012"
"78",78,663793.70661555,5867274.04903634,1336854094,2012-05-12 16:21:34,"2012"
"79",79,663795.57643277,5867272.87664283,1336855904,2012-05-12 16:51:44,"2012"
"80",80,663796.742071449,5867270.84527842,1336857697,2012-05-12 17:21:37,"2012"
"81",81,663794.007611267,5867271.92150585,1336859489,2012-05-12 17:51:29,"2012"
"82",82,663793.393137382,5867270.79836198,1336861299,2012-05-12 18:21:39,"2012"
"83",83,663795.463574448,5867270.25629168,1336863087,2012-05-12 18:51:27,"2012"
"84",84,663793.084337752,5867275.73142627,1336864892,2012-05-12 19:21:32,"2012"
"85",85,663796.146103015,5867269.17719058,1336866687,2012-05-12 19:51:27,"2012"
"86",86,663794.635089656,5867271.27476597,1336868491,2012-05-12 20:21:31,"2012"
"87",87,663796.664264417,5867274.12720241,1336870299,2012-05-12 20:51:39,"2012"
"88",88,663797.366198121,5867273.07102868,1336872092,2012-05-12 21:21:32,"2012"
"89",89,663797.619910795,5867272.53407223,1336873905,2012-05-12 21:51:45,"2012"
"90",90,663797.424144995,5867269.97771036,1336875723,2012-05-12 22:22:03,"2012"
"91",91,663790.996317894,5867275.40443889,1336877528,2012-05-12 22:52:08,"2012"
"92",92,663794.928425978,5867272.54288272,1336879357,2012-05-12 23:22:37,"2012"
"93",93,663795.074169635,5867271.22287125,1336881190,2012-05-12 23:53:10,"2012"
"94",94,663808.196376111,5867297.88934798,1336882987,2012-05-13 00:23:07,"2012"
"95",95,663785.057962931,5867278.89932427,1336884780,2012-05-13 00:53:00,"2012"
"96",96,663789.781925241,5867275.10711756,1336886583,2012-05-13 01:23:03,"2012"
"97",97,663785.496100379,5867283.23424051,1336888390,2012-05-13 01:53:10,"2012"
"98",98,663800.232952943,5867288.50563471,1336891862,2012-05-13 02:51:02,"2012"
"99",99,663796.737312828,5867278.31611307,1336893401,2012-05-13 03:16:41,"2012"
"100",100,663793.217942639,5867272.49036658,1336894745,2012-05-13 03:39:05,"2012"
"101",101,663794.141236405,5867274.42565386,1336896537.5,2012-05-13 04:08:57,"2012"
"102",102,663796.989852872,5867259.58596065,1336897885,2012-05-13 04:31:25,"2012"
"103",103,663793.346551702,5867270.58523471,1336899225,2012-05-13 04:53:45,"2012"
"104",104,663790.056032584,5867273.47414281,1336901047.5,2012-05-13 05:24:07,"2012"
"105",105,663790.47658083,5867268.71745147,1336902393,2012-05-13 05:46:33,"2012"
"106",106,663795.145591328,5867271.89334462,1336903768.5,2012-05-13 06:09:28,"2012"
"107",107,663827.127894487,5867297.51910239,1336906030,2012-05-13 06:47:10,"2012"
"108",108,663792.003033868,5867278.84566502,1336906919,2012-05-13 07:01:59,"2012"
"109",109,663802.469029408,5867285.36381853,1336908272,2012-05-13 07:24:32,"2012"
"110",110,663786.684374898,5867247.54519642,1336910096.5,2012-05-13 07:54:56,"2012"
"111",111,663793.226128914,5867273.041784,1336912838.5,2012-05-13 08:40:38,"2012"
"112",112,663797.294585799,5867272.40611686,1336914632,2012-05-13 09:10:32,"2012"
"113",113,663798.830862139,5867276.89523349,1336915978,2012-05-13 09:32:58,"2012"
"114",114,663800.028128076,5867265.51228107,1336917328.5,2012-05-13 09:55:28,"2012"
"115",115,663803.943535294,5867275.32638088,1336919143.5,2012-05-13 10:25:43,"2012"
"116",116,663801.518522844,5867280.96138455,1336920486,2012-05-13 10:48:06,"2012"
"117",117,663803.850507441,5867268.35881008,1336921383,2012-05-13 11:03:03,"2012"
"118",118,663793.746355283,5867287.14411365,1336923810,2012-05-13 11:43:30,"2012"
"119",119,663783.784421522,5867291.63805193,1336924731,2012-05-13 11:58:51,"2012"
"120",120,663812.671995328,5867263.6703027,1336926220,2012-05-13 12:23:40,"2012"
"121",121,663826.283862668,5867275.42259862,1336928086.5,2012-05-13 12:54:46,"2012"
"122",122,663817.119042834,5867282.59346426,1336929445,2012-05-13 13:17:25,"2012"
"123",123,663807.816776356,5867280.93589963,1336930797,2012-05-13 13:39:57,"2012"
"124",124,663812.060262155,5867264.15056301,1336934084.5,2012-05-13 14:34:44,"2012"
"125",125,663801.463583753,5867258.01209129,1336935428,2012-05-13 14:57:08,"2012"
"126",126,663801.3181941,5867261.30285442,1336937239,2012-05-13 15:27:19,"2012"
"127",127,663800.464759348,5867265.03720653,1336939032,2012-05-13 15:57:12,"2012"
"128",128,663800.492103958,5867257.0995056,1336940979,2012-05-13 16:29:39,"2012"
"129",129,663799.595658381,5867258.13793959,1336942772,2012-05-13 16:59:32,"2012"
"130",130,663805.73369193,5867267.38728842,1336944573,2012-05-13 17:29:33,"2012"
"131",131,663802.210984395,5867269.68376471,1336946521,2012-05-13 18:02:01,"2012"
"132",132,663801.813980506,5867261.36422715,1336948329,2012-05-13 18:32:09,"2012"
"133",133,663801.217023877,5867260.31961601,1336950115,2012-05-13 19:01:55,"2012"
"134",134,663799.931249973,5867262.12421749,1336951988,2012-05-13 19:33:08,"2012"
"135",135,663801.568575496,5867261.65651484,1336953796,2012-05-13 20:03:16,"2012"
"136",136,663800.005860821,5867261.31396019,1336955588,2012-05-13 20:33:08,"2012"
"137",137,663802.112180969,5867259.71536935,1336957394,2012-05-13 21:03:14,"2012"
"138",138,663808.376517643,5867258.11324037,1336959206,2012-05-13 21:33:26,"2012"
"139",139,663801.188699113,5867261.15371335,1336961019,2012-05-13 22:03:39,"2012"
"140",140,663798.753119887,5867259.76831281,1336962977,2012-05-13 22:36:17,"2012"
"141",141,663800.104175988,5867260.99440925,1336964769,2012-05-13 23:06:09,"2012"
"142",142,663803.30712622,5867263.95351277,1336966563,2012-05-13 23:36:03,"2012"
"143",143,663788.889922342,5867269.47636531,1336968356,2012-05-14 00:05:56,"2012"
"144",144,663811.169752498,5867261.44812964,1336970170,2012-05-14 00:36:10,"2012"
"145",145,663805.845776644,5867258.53946664,1336972000,2012-05-14 01:06:40,"2012"
"146",146,663807.155993664,5867264.9304116,1336973796,2012-05-14 01:36:36,"2012"
"147",147,663802.868352334,5867295.8935467,1336975632,2012-05-14 02:07:12,"2012"
"148",148,663813.510177974,5867296.14360633,1336977426,2012-05-14 02:37:06,"2012"
"149",149,663813.353620457,5867282.13156026,1336978863,2012-05-14 03:01:03,"2012"
"150",150,663808.417615729,5867304.05403386,1336980227,2012-05-14 03:23:47,"2012"
"151",151,663797.726298651,5867287.03431284,1336981612,2012-05-14 03:46:52,"2012"
"152",152,663807.813817059,5867309.05501775,1336983133.5,2012-05-14 04:12:13,"2012"
"153",153,663819.983154714,5867300.7781253,1336984927,2012-05-14 04:42:07,"2012"
"154",154,663823.887640147,5867273.6710934,1336986352,2012-05-14 05:05:52,"2012"
"155",155,663799.174202919,5867316.7113837,1336988148,2012-05-14 05:35:48,"2012"
"156",156,663805.60197377,5867306.53039549,1336989509,2012-05-14 05:58:29,"2012"
"157",157,663811.515239471,5867286.93473918,1336990944,2012-05-14 06:22:24,"2012"
"158",158,663824.564461933,5867268.60021808,1336992303.5,2012-05-14 06:45:03,"2012"
"159",159,663806.933102781,5867279.8147346,1336994128.5,2012-05-14 07:15:28,"2012"
"160",160,663801.306320523,5867276.51166324,1336995482,2012-05-14 07:38:02,"2012"
"161",161,663820.29670887,5867270.94374921,1336996857.5,2012-05-14 08:00:57,"2012"
"162",162,663826.145534289,5867279.69340315,1336998254,2012-05-14 08:24:14,"2012"
"163",163,663803.846059046,5867252.83770192,1336999596.5,2012-05-14 08:46:36,"2012"
"164",164,663786.51638557,5867262.59839442,1337001421.5,2012-05-14 09:17:01,"2012"
"165",165,663776.810556379,5867262.61955652,1337002765,2012-05-14 09:39:25,"2012"
"166",166,663798.043283245,5867262.44423652,1337004124.5,2012-05-14 10:02:04,"2012"
"167",167,663814.962384819,5867252.98695515,1337005920.5,2012-05-14 10:32:00,"2012"
"168",168,663802.798030869,5867272.20887792,1337007359,2012-05-14 10:55:59,"2012"
"169",169,663806.272892143,5867294.99595849,1337008712,2012-05-14 11:18:32,"2012"
"170",170,663797.980728658,5867286.57532132,1337010532,2012-05-14 11:48:52,"2012"
"171",171,663814.37664379,5867279.14895577,1337011886,2012-05-14 12:11:26,"2012"
"172",172,663807.661375459,5867267.68102785,1337013263,2012-05-14 12:34:23,"2012"
"173",173,663825.13877293,5867282.19779636,1337015080.5,2012-05-14 13:04:40,"2012"
"174",174,663819.837976471,5867254.43852997,1337016428,2012-05-14 13:27:08,"2012"
"175",175,663823.237873227,5867260.21570297,1337017788.5,2012-05-14 13:49:48,"2012"
"176",176,663823.197423081,5867280.62319386,1337019626,2012-05-14 14:20:26,"2012"
"177",177,663806.333808813,5867243.97033854,1337020987,2012-05-14 14:43:07,"2012"
"178",178,663797.41596214,5867293.99373538,1337023686,2012-05-14 15:28:06,"2012"
"179",179,663808.589527135,5867270.06738902,1337028361,2012-05-14 16:46:01,"2012"
"180",180,663809.691200001,5867269.32541351,1337030155,2012-05-14 17:15:55,"2012"
"181",181,663947.4032008,5867418.65892165,1337032865,2012-05-14 18:01:05,"2012"
"182",182,663948.190888756,5867390.93385269,1337034219,2012-05-14 18:23:39,"2012"
"183",183,663956.950261316,5867376.19492491,1337036036.5,2012-05-14 18:53:56,"2012"
"184",184,663951.115421987,5867378.52403873,1337037417,2012-05-14 19:16:57,"2012"
"185",185,663948.987537998,5867388.77306163,1337038760.5,2012-05-14 19:39:20,"2012"
"186",186,663948.88661685,5867385.507327,1337040104,2012-05-14 20:01:44,"2012"
"187",187,663951.008188276,5867382.27260018,1337041898,2012-05-14 20:31:38,"2012"
"188",188,663950.341494522,5867382.48932277,1337043241,2012-05-14 20:54:01,"2012"
"189",189,663951.406756038,5867379.55271783,1337045041.5,2012-05-14 21:24:01,"2012"
"190",190,663948.115075541,5867380.69342027,1337046408,2012-05-14 21:46:48,"2012"
"191",191,663944.837593669,5867380.03087894,1337047752.5,2012-05-14 22:09:12,"2012"
"192",192,663813.836642719,5867260.38075078,1337083641,2012-05-15 08:07:21,"2012"
"193",193,663803.079541187,5867265.00909439,1337085447.5,2012-05-15 08:37:27,"2012"
"194",194,663795.712944943,5867280.94238313,1337087262,2012-05-15 09:07:42,"2012"
"195",195,663791.74396331,5867271.02071418,1337088489,2012-05-15 09:28:09,"2012"
"196",196,663782.646763691,5867258.76490012,1337089685,2012-05-15 09:48:05,"2012"
"197",197,663764.817654724,5867266.8887001,1337091484,2012-05-15 10:18:04,"2012"
"198",198,663766.899232059,5867290.98680076,1337093284,2012-05-15 10:48:04,"2012"
"199",199,663768.588492669,5867257.08509122,1337094494,2012-05-15 11:08:14,"2012"
"200",200,663771.610007937,5867262.01988572,1337162925,2012-05-16 06:08:45,"2012"
"201",201,663735.527862279,5867251.61487119,1337164723.5,2012-05-16 06:38:43,"2012"
"202",202,663726.917107182,5867248.51121859,1337166546,2012-05-16 07:09:06,"2012"
"203",203,663746.829571307,5867243.2303976,1337167738,2012-05-16 07:28:58,"2012"
"204",204,663742.624348236,5867239.66947084,1337168939,2012-05-16 07:48:59,"2012"
"205",205,663757.008044951,5867238.89960917,1337170747.5,2012-05-16 08:19:07,"2012"
"206",206,663739.123228107,5867270.06923184,1337172558,2012-05-16 08:49:18,"2012"
"207",207,663801.888914923,5867298.18731762,1337175003,2012-05-16 09:30:03,"2012"
"208",208,663804.061528596,5867271.95116753,1337176948.5,2012-05-16 10:02:28,"2012"
"209",209,663834.633547814,5867219.35637738,1337178779,2012-05-16 10:32:59,"2012"
"210",210,663863.512573996,5867194.92925844,1337179995,2012-05-16 10:53:15,"2012"
"211",211,663847.705440352,5867203.33300808,1337181322,2012-05-16 11:15:22,"2012"
"212",212,663780.060653634,5867274.09784688,1337241201,2012-05-17 03:53:21,"2012"
"213",213,663758.880531446,5867263.21328662,1337242486,2012-05-17 04:14:46,"2012"
"214",214,663734.198381205,5867264.51871389,1337244300,2012-05-17 04:45:00,"2012"
"215",215,663735.501711271,5867270.12444368,1337246100,2012-05-17 05:15:00,"2012"
"216",216,663739.125940872,5867266.81816223,1337247333,2012-05-17 05:35:33,"2012"
"217",217,663726.802762899,5867259.80846268,1337248557,2012-05-17 05:55:57,"2012"
"218",218,663761.489157269,5867300.52321687,1337250377,2012-05-17 06:26:17,"2012"
"219",219,663797.392678346,5867289.52816138,1337252199,2012-05-17 06:56:39,"2012"
"220",220,663802.125063826,5867314.0169271,1337253438,2012-05-17 07:17:18,"2012"
"221",221,663880.330147748,5867364.51673146,1337265531,2012-05-17 10:38:51,"2012"
"222",222,663853.396673157,5867377.84226581,1337266736,2012-05-17 10:58:56,"2012"
"223",223,663847.707937264,5867391.22152472,1337267936,2012-05-17 11:18:56,"2012"
"224",224,663860.916375958,5867356.41399851,1337269768,2012-05-17 11:49:28,"2012"
"225",225,663814.433368721,5867349.78577491,1337420391,2012-05-19 05:39:51,"2012"
"226",226,663822.446544452,5867358.09676751,1337421600,2012-05-19 06:00:00,"2012"
"227",227,663830.91141605,5867327.75428969,1337422827,2012-05-19 06:20:27,"2012"
"228",228,663824.138676605,5867289.45667611,1337424034,2012-05-19 06:40:34,"2012"
"229",229,663830.429729283,5867365.70530622,1337426463,2012-05-19 07:21:03,"2012"
"230",230,663807.229021252,5867387.78682629,1337427681,2012-05-19 07:41:21,"2012"
"231",231,663788.433406338,5867350.4838718,1337430110,2012-05-19 08:21:50,"2012"
"232",232,663805.766699956,5867400.5358443,1337431910,2012-05-19 08:51:50,"2012"
"233",233,663818.104782713,5867397.38638473,1337433710,2012-05-19 09:21:50,"2012"
"234",234,663800.603808089,5867415.27466933,1337434930,2012-05-19 09:42:10,"2012"
"235",235,663797.105347401,5867407.35084031,1337436125,2012-05-19 10:02:05,"2012"
"236",236,663818.973751791,5867376.95137146,1337437326,2012-05-19 10:22:06,"2012"
"237",237,663792.57379753,5867286.80367556,1337610700,2012-05-21 10:31:40,"2012"
"238",238,663817.649802419,5867306.7836766,1337616132,2012-05-21 12:02:12,"2012"
"239",239,663846.864539924,5867333.26199356,1337621545,2012-05-21 13:32:25,"2012"
"240",240,663798.087490875,5867290.46475404,1337686401,2012-05-22 07:33:21,"2012"
"241",241,663808.473215938,5867278.24702021,1337691844,2012-05-22 09:04:04,"2012"
"242",242,663843.189040318,5867313.31839235,1337702673,2012-05-22 12:04:33,"2012"
"243",243,663832.080361403,5867293.7346971,1337708098,2012-05-22 13:34:58,"2012"
"244",244,663891.669349334,5867336.12026593,1337713533,2012-05-22 15:05:33,"2012"
"245",245,663947.919051872,5867415.35848084,1337724369,2012-05-22 18:06:09,"2012"
"246",246,663965.141496239,5867399.74373208,1337729794,2012-05-22 19:36:34,"2012"
"247",247,663965.905507818,5867386.174912,1337735189,2012-05-22 21:06:29,"2012"
"248",248,663820.766601322,5867282.76188098,1337773239,2012-05-23 07:40:39,"2012"
"249",249,663859.401244484,5867275.15574126,1337778672,2012-05-23 09:11:12,"2012"
"250",250,663829.38129678,5867330.01821726,1337784146,2012-05-23 10:42:26,"2012"
"251",251,663838.915975282,5867340.87495991,1337789563,2012-05-23 12:12:43,"2012"
"252",252,663841.014125497,5867275.14352821,1337963185,2012-05-25 12:26:25,"2012"
"253",253,663800.178259307,5867223.94256594,1337968629,2012-05-25 13:57:09,"2012"
"254",254,663705.378560451,5867222.80637273,1338022701,2012-05-26 04:58:21,"2012"
"255",255,663782.929400792,5867287.89022302,1338028119,2012-05-26 06:28:39,"2012"
"256",256,663787.476557322,5867304.95735547,1338033520,2012-05-26 07:58:40,"2012"
"257",257,663780.092975922,5867284.24212825,1338038949,2012-05-26 09:29:09,"2012"
"258",258,663809.732773014,5867283.35582184,1338044364,2012-05-26 10:59:24,"2012"
"259",259,663657.673361077,5867361.12101823,1338049987,2012-05-26 12:33:07,"2012"
"260",260,663523.042440935,5867277.39149972,1338055412,2012-05-26 14:03:32,"2012"
"261",261,663418.172302037,5867398.78404411,1338060840,2012-05-26 15:34:00,"2012"
"262",262,663950.027779522,5867439.02341078,1338071703,2012-05-26 18:35:03,"2012"
"263",263,663954.52275971,5867391.29938058,1338077139,2012-05-26 20:05:39,"2012"
"264",264,663943.765151862,5867419.20331208,1338082553,2012-05-26 21:35:53,"2012"
"265",265,663521.844154555,5867325.43900916,1338104230,2012-05-27 03:37:10,"2012"
"266",266,663732.502304533,5867269.88902016,1338115107,2012-05-27 06:38:27,"2012"
"267",267,663834.960592134,5867290.34754405,1338125948,2012-05-27 09:39:08,"2012"
"268",268,663858.641594835,5867337.32519018,1338131379,2012-05-27 11:09:39,"2012"
"269",269,664001.36558826,5867404.24871369,1338136770,2012-05-27 12:39:30,"2012"
"270",270,663808.882222971,5867308.40098512,1338142219,2012-05-27 14:10:19,"2012"
"271",271,663791.002435676,5867291.47118475,1338147670,2012-05-27 15:41:10,"2012"
"272",272,663950.869518373,5867432.27132851,1338153099,2012-05-27 17:11:39,"2012"
"273",273,663952.831982317,5867427.38334149,1338158496,2012-05-27 18:41:36,"2012"
"274",274,663985.714620625,5867399.36312835,1338163947,2012-05-27 20:12:27,"2012"
"275",275,663948.348770764,5867406.47690623,1338169347,2012-05-27 21:42:27,"2012"
"276",276,663323.312539732,5867471.66128088,1338180199,2012-05-28 00:43:19,"2012"
"277",277,663392.827314441,5867399.22809091,1338185607,2012-05-28 02:13:27,"2012"
"278",278,663405.583132496,5867389.69521818,1338191019,2012-05-28 03:43:39,"2012"
"279",279,663472.365305583,5867379.49908777,1338196449,2012-05-28 05:14:09,"2012"
"280",280,663658.613081539,5867268.58394144,1338201872,2012-05-28 06:44:32,"2012"
"281",281,663793.821263411,5867294.25022752,1338207319,2012-05-28 08:15:19,"2012"
"282",282,663831.407573099,5867327.80454431,1338212711,2012-05-28 09:45:11,"2012"
"283",283,663827.225555843,5867326.33754031,1338218200,2012-05-28 11:16:40,"2012"
"284",284,663703.06181362,5867352.91891121,1338223604,2012-05-28 12:46:44,"2012"
"285",285,663464.691174508,5867312.1338832,1338229029,2012-05-28 14:17:09,"2012"
"286",286,663390.487450179,5867402.16616192,1338234459,2012-05-28 15:47:39,"2012"
"287",287,663955.539263895,5867438.38683022,1338245259,2012-05-28 18:47:39,"2012"
"288",288,663955.596238042,5867407.81440428,1338250687,2012-05-28 20:18:07,"2012"
"289",289,663964.043253533,5867395.0411914,1338256083,2012-05-28 21:48:03,"2012"
"290",290,663374.094737905,5867477.95723406,1338266928,2012-05-29 00:48:48,"2012"
"291",291,663383.61869885,5867435.52499217,1338272373,2012-05-29 02:19:33,"2012"
"292",292,663378.544257378,5867505.68705861,1338277827,2012-05-29 03:50:27,"2012"
"293",293,663429.336981694,5867511.66108347,1338283239,2012-05-29 05:20:39,"2012"
"294",294,663593.120909536,5867296.42435888,1338288663,2012-05-29 06:51:03,"2012"
"295",295,663699.826542778,5867281.52852709,1338294099,2012-05-29 08:21:39,"2012"
"296",296,663804.26638418,5867295.33978041,1338299486,2012-05-29 09:51:26,"2012"
"297",297,663812.701148806,5867298.96646653,1338304898,2012-05-29 11:21:38,"2012"
"298",298,663800.336321654,5867291.99969112,1338310383,2012-05-29 12:53:03,"2012"
"299",299,663409.352692857,5867436.89780718,1338321219,2012-05-29 15:53:39,"2012"
"300",300,663979.973192632,5867398.05451791,1338332043,2012-05-29 18:54:03,"2012"
"301",301,663991.069196174,5867411.25830298,1338337432,2012-05-29 20:23:52,"2012"
"302",302,663982.428808305,5867414.28251721,1338342873,2012-05-29 21:54:33,"2012"
"303",303,663405.878495327,5867518.59331779,1338353679,2012-05-30 00:54:39,"2012"
"304",304,663411.065065895,5867540.4470943,1338359128,2012-05-30 02:25:28,"2012"
"305",305,663436.123938613,5867488.66536189,1338364535,2012-05-30 03:55:35,"2012"
"306",306,663411.717207951,5867445.94084952,1338369957,2012-05-30 05:25:57,"2012"
"307",307,663479.715761835,5867452.83235879,1338375370,2012-05-30 06:56:10,"2012"
"308",308,663588.419872702,5867295.97543495,1338380799,2012-05-30 08:26:39,"2012"
"309",309,663504.65454832,5867311.9407462,1338386202,2012-05-30 09:56:42,"2012"
"310",310,663382.663112521,5867411.69910433,1338391647,2012-05-30 11:27:27,"2012"
"311",311,663358.634736574,5867331.55498259,1338397060,2012-05-30 12:57:40,"2012"
"312",312,663385.200689885,5867470.45050678,1338402483,2012-05-30 14:28:03,"2012"
"313",313,663340.751080198,5867440.85373497,1338407872,2012-05-30 15:57:52,"2012"
"314",314,663979.386814752,5867409.95925494,1338418704,2012-05-30 18:58:24,"2012"
"315",315,663970.933862892,5867415.58411797,1338424119,2012-05-30 20:28:39,"2012"
"316",316,663972.845287869,5867415.76043961,1338429537,2012-05-30 21:58:57,"2012"
"317",317,663314.916696188,5867545.76370139,1338440334,2012-05-31 00:58:54,"2012"
"318",318,663387.600793936,5867529.08592257,1338445773,2012-05-31 02:29:33,"2012"
"319",319,663453.532289921,5867537.97804178,1338451167,2012-05-31 03:59:27,"2012"
"320",320,663482.70701358,5867550.95826454,1338456579,2012-05-31 05:29:39,"2012"
"321",321,663486.591092073,5867623.72873114,1338461967,2012-05-31 06:59:27,"2012"
"322",322,663532.878488922,5867688.72893405,1338467409,2012-05-31 08:30:09,"2012"
"323",323,663435.091647952,5867590.00621641,1338472804,2012-05-31 10:00:04,"2012"
"324",324,663329.56458791,5867539.34545713,1338478258,2012-05-31 11:30:58,"2012"
"325",325,663109.231744601,5867618.31161921,1338483699,2012-05-31 13:01:39,"2012"
"326",326,663234.03710117,5867632.86645333,1338489130,2012-05-31 14:32:10,"2012"
"327",327,663963.335190016,5867408.74552329,1338505351,2012-05-31 19:02:31,"2012"
"328",328,663963.823917453,5867406.04540544,1338510759,2012-05-31 20:32:39,"2012"
"329",329,662841.386225796,5867707.21782011,1338521619,2012-05-31 23:33:39,"2012"
"330",330,663254.013747091,5867607.93426133,1338532419,2012-06-01 02:33:39,"2012"
"331",331,663202.628463067,5867546.13809427,1338537832,2012-06-01 04:03:52,"2012"
"332",332,663262.696183075,5867589.13324116,1338543249,2012-06-01 05:34:09,"2012"
"333",333,663362.135078275,5867460.41680653,1338548652,2012-06-01 07:04:12,"2012"
"334",334,663792.019751787,5867267.45602594,1338559596,2012-06-01 10:06:36,"2012"
"335",335,663805.695435457,5867289.9103216,1338565053,2012-06-01 11:37:33,"2012"
"336",336,663785.084816453,5867291.58200033,1338570489,2012-06-01 13:08:09,"2012"
"337",337,663819.657397646,5867214.98419386,1338575919,2012-06-01 14:38:39,"2012"
"338",338,663751.099952007,5867204.63977735,1338581316,2012-06-01 16:08:36,"2012"
"339",339,663962.554611601,5867400.63559878,1338592209,2012-06-01 19:10:09,"2012"
"340",340,663966.078047399,5867439.68035002,1338597620,2012-06-01 20:40:20,"2012"
"341",341,663954.234183004,5867431.0607364,1338603039,2012-06-01 22:10:39,"2012"
"342",342,663808.860072319,5867293.40256702,1338608450,2012-06-01 23:40:50,"2012"
"343",343,663771.159082026,5867275.49912831,1338613869,2012-06-02 01:11:09,"2012"
"344",344,663787.208007203,5867275.22013151,1338619293,2012-06-02 02:41:33,"2012"
"345",345,663793.351664802,5867288.26639152,1338624729,2012-06-02 04:12:09,"2012"
"346",346,663810.75451199,5867297.05209173,1338630184,2012-06-02 05:43:04,"2012"
"347",347,663798.759310539,5867294.85214422,1338635581,2012-06-02 07:13:01,"2012"
"348",348,663807.785285124,5867264.42847848,1338641019,2012-06-02 08:43:39,"2012"
"349",349,663775.444604019,5867264.20989338,1338646492,2012-06-02 10:14:52,"2012"
"350",350,663807.819147348,5867297.30869679,1338651909,2012-06-02 11:45:09,"2012"
"351",351,663767.216126085,5867276.50093677,1338657307,2012-06-02 13:15:07,"2012"
"352",352,663788.366258589,5867214.75664796,1338662799,2012-06-02 14:46:39,"2012"
"353",353,663949.792646466,5867429.11716365,1338673648,2012-06-02 17:47:28,"2012"
"354",354,663964.701255354,5867406.95482718,1338679089,2012-06-02 19:18:09,"2012"
"355",355,663965.978514907,5867400.65178337,1338684496,2012-06-02 20:48:16,"2012"
"356",356,663962.89740219,5867404.00976345,1338689937,2012-06-02 22:18:57,"2012"
"357",357,663764.084363071,5867152.73910226,1338700768,2012-06-03 01:19:28,"2012"
"358",358,663792.794702192,5867290.00666997,1338706208,2012-06-03 02:50:08,"2012"
"359",359,665434.355983817,5867966.46754871,1338722470,2012-06-03 07:21:10,"2012"
"360",360,663825.138435327,5867268.73662054,1338733327,2012-06-03 10:22:07,"2012"
"361",361,663995.318311306,5867404.02083178,1338738727,2012-06-03 11:52:07,"2012"
"362",362,663801.893727225,5867293.48888086,1338744153,2012-06-03 13:22:33,"2012"
"363",363,663960.540660673,5867419.50631932,1338749589,2012-06-03 14:53:09,"2012"
"364",364,663969.376578741,5867422.80177546,1338754997,2012-06-03 16:23:17,"2012"
"365",365,663967.948064953,5867394.96238365,1338760419,2012-06-03 17:53:39,"2012"
"366",366,663970.858565079,5867394.24853319,1338771249,2012-06-03 20:54:09,"2012"
"367",367,663974.75393784,5867392.66630019,1338776653,2012-06-03 22:24:13,"2012"
"368",368,663794.244215198,5867465.45175388,1338782089,2012-06-03 23:54:49,"2012"
"369",369,663841.552851815,5867537.35947428,1338787509,2012-06-04 01:25:09,"2012"
"370",370,663867.591076574,5867582.43545416,1338792902,2012-06-04 02:55:02,"2012"
"371",371,663867.191734849,5867609.63371942,1338798309,2012-06-04 04:25:09,"2012"
"372",372,663898.17761165,5867592.6381549,1338803758,2012-06-04 05:55:58,"2012"
"373",373,663890.843577951,5867612.66420356,1338809193,2012-06-04 07:26:33,"2012"
"374",374,663994.07025348,5867394.42529732,1338814599,2012-06-04 08:56:39,"2012"
"375",375,663875.346892238,5867604.44394456,1338820029,2012-06-04 10:27:09,"2012"
"376",376,663887.654779209,5867569.70053952,1338836259,2012-06-04 14:57:39,"2012"
"377",377,663958.732261128,5867429.95547952,1338841677,2012-06-04 16:27:57,"2012"
"378",378,663975.165108499,5867434.39992855,1338847087,2012-06-04 17:58:07,"2012"
"379",379,663967.688730233,5867406.94504311,1338852481,2012-06-04 19:28:01,"2012"
"380",380,663968.046196442,5867406.52296337,1338857919,2012-06-04 20:58:39,"2012"
"381",381,663965.116072319,5867402.47073355,1338863320,2012-06-04 22:28:40,"2012"
"382",382,663885.250525374,5867606.99615187,1338868749,2012-06-04 23:59:09,"2012"
"383",383,663862.27548567,5867623.25074947,1338879565,2012-06-05 02:59:25,"2012"
"384",384,663839.182831638,5867597.22514243,1338884979,2012-06-05 04:29:39,"2012"
"385",385,663975.839819669,5867379.92121535,1338890379,2012-06-05 05:59:39,"2012"
"386",386,663985.338724361,5867370.44610028,1338895800,2012-06-05 07:30:00,"2012"
"387",387,662019.349806383,5874797.78115118,1338912041,2012-06-05 12:00:41,"2012"
"388",388,662044.791698404,5874778.12894481,1338917441,2012-06-05 13:30:41,"2012"
"389",389,663970.467449565,5867395.66040789,1338933699,2012-06-05 18:01:39,"2012"
"390",390,663968.022183435,5867397.13606177,1338939095,2012-06-05 19:31:35,"2012"
"391",391,663981.933600249,5867392.83244637,1338944514,2012-06-05 21:01:54,"2012"
"392",392,663995.914983492,5867395.17833581,1338949929,2012-06-05 22:32:09,"2012"
"393",393,666437.458626853,5869243.92504289,1338966133,2012-06-06 03:02:13,"2012"
"394",394,666160.775567597,5869336.83918124,1338976948,2012-06-06 06:02:28,"2012"
"395",395,666197.683741786,5869335.10527399,1338982383,2012-06-06 07:33:03,"2012"
"396",396,666132.846945952,5869309.85531957,1338987776,2012-06-06 09:02:56,"2012"
"397",397,666178.998833863,5869335.35183978,1338993189,2012-06-06 10:33:09,"2012"
"398",398,666191.548109108,5869325.99729576,1338998607,2012-06-06 12:03:27,"2012"
"399",399,663961.936745896,5867400.60346122,1339020276,2012-06-06 18:04:36,"2012"
"400",400,664013.37326282,5867394.99256568,1339025662,2012-06-06 19:34:22,"2012"
"401",401,663987.109948612,5867395.52474958,1339031097,2012-06-06 21:04:57,"2012"
"402",402,663882.606916296,5867589.96016224,1339041939,2012-06-07 00:05:39,"2012"
"403",403,666168.403669493,5869328.40612212,1339052770,2012-06-07 03:06:10,"2012"
"404",404,666262.373000448,5869221.88278356,1339063599,2012-06-07 06:06:39,"2012"
"405",405,665326.146113164,5867540.29823474,1339090759,2012-06-07 13:39:19,"2012"
"406",406,665369.783429803,5867492.9813552,1339096179,2012-06-07 15:09:39,"2012"
"407",407,663972.765316228,5867397.53112239,1339107012,2012-06-07 18:10:12,"2012"
"408",408,663968.226442857,5867387.36722526,1339112403,2012-06-07 19:40:03,"2012"
"409",409,663966.984045089,5867392.44669771,1339123267,2012-06-07 22:41:07,"2012"
"410",410,666303.239083158,5869298.45015351,1339144893,2012-06-08 04:41:33,"2012"
"411",411,666333.233763153,5869328.88008651,1339155710,2012-06-08 07:41:50,"2012"
"412",412,664006.873948019,5866357.325813,1339166529,2012-06-08 10:42:09,"2012"
"413",413,664005.402274292,5866321.23461566,1339171918,2012-06-08 12:11:58,"2012"
"414",414,663973.727384542,5867342.31619483,1339188159,2012-06-08 16:42:39,"2012"
"415",415,663970.501422703,5867389.51551402,1339193544,2012-06-08 18:12:24,"2012"
"416",416,663972.994369901,5867393.56401884,1339198954,2012-06-08 19:42:34,"2012"
"417",417,663976.870135292,5867385.43424245,1339204378,2012-06-08 21:12:58,"2012"
"418",418,663973.968859909,5867381.12690309,1339209769,2012-06-08 22:42:49,"2012"
"419",419,663870.545839535,5867589.1272556,1339215207,2012-06-09 00:13:27,"2012"
"420",420,666257.895763074,5869340.57768315,1339231419,2012-06-09 04:43:39,"2012"
"421",421,666198.869367257,5869353.77410901,1339236805,2012-06-09 06:13:25,"2012"
"422",422,666361.856040227,5869213.93560478,1339242219,2012-06-09 07:43:39,"2012"
"423",423,666306.608665584,5869359.85056052,1339247603,2012-06-09 09:13:23,"2012"
"424",424,666242.219450797,5869375.07718886,1339253049,2012-06-09 10:44:09,"2012"
"425",425,665487.317153322,5868140.21012232,1339263853,2012-06-09 13:44:13,"2012"
"426",426,666612.77206192,5866705.64007196,1339274703,2012-06-09 16:45:03,"2012"
"427",427,666591.421537845,5866718.47568139,1339280098,2012-06-09 18:14:58,"2012"
"428",428,666606.743822813,5866697.03650982,1339285534,2012-06-09 19:45:34,"2012"
"429",429,666605.160141296,5866697.10429887,1339290927,2012-06-09 21:15:27,"2012"
"430",430,666608.427360064,5866695.24632879,1339296339,2012-06-09 22:45:39,"2012"
"431",431,666347.199544965,5869379.63420126,1339307147,2012-06-10 01:45:47,"2012"
"432",432,666303.050826839,5869391.62808663,1339312587,2012-06-10 03:16:27,"2012"
"433",433,661903.53157144,5874798.74830209,1339328826,2012-06-10 07:47:06,"2012"
"434",434,662038.872312099,5874808.09178732,1339334225,2012-06-10 09:17:05,"2012"
"435",435,662080.779926212,5874768.25152061,1339339678,2012-06-10 10:47:58,"2012"
"436",436,663851.503394527,5867603.48911137,1339355900,2012-06-10 15:18:20,"2012"
"437",437,663990.289099813,5867393.43941,1339361319,2012-06-10 16:48:39,"2012"
"438",438,663953.692210243,5867432.55655733,1339366714,2012-06-10 18:18:34,"2012"
"439",439,663958.576985218,5867409.58584916,1339372108,2012-06-10 19:48:28,"2012"
"440",440,663986.445163451,5867400.43457561,1339377543,2012-06-10 21:19:03,"2012"
"441",441,663974.945070421,5867445.22597392,1339382949,2012-06-10 22:49:09,"2012"
"442",442,666325.761999063,5869422.43025559,1339393781,2012-06-11 01:49:41,"2012"
"443",443,666380.311482352,5869369.2194112,1339399177,2012-06-11 03:19:37,"2012"
"444",444,666425.652819237,5869412.10475975,1339404607,2012-06-11 04:50:07,"2012"
"445",445,661920.773606425,5875098.57849844,1339426264,2012-06-11 10:51:04,"2012"
"446",446,661883.124245684,5875276.28037918,1339431679,2012-06-11 12:21:19,"2012"
"447",447,663998.164084692,5867378.49791154,1339442499,2012-06-11 15:21:39,"2012"
"448",448,663961.244064528,5867413.26170639,1339447918,2012-06-11 16:51:58,"2012"
"449",449,663988.082842134,5867404.30926755,1339458719,2012-06-11 19:51:59,"2012"
"450",450,663962.382722478,5867396.58806085,1339464163,2012-06-11 21:22:43,"2012"
"451",451,663977.184674049,5867429.61409872,1339469589,2012-06-11 22:53:09,"2012"
"452",452,665365.928985999,5867533.77896535,1339485819,2012-06-12 03:23:39,"2012"
"453",453,665333.15113854,5867566.9489572,1339491249,2012-06-12 04:54:09,"2012"
"454",454,662486.839040843,5872323.23775356,1339507480,2012-06-12 09:24:40,"2012"
"455",455,662583.822285784,5872528.39431684,1339512903,2012-06-12 10:55:03,"2012"
"456",456,662598.383423953,5872286.43016283,1339518316,2012-06-12 12:25:16,"2012"
"457",457,662721.500191276,5872332.25251657,1339523733,2012-06-12 13:55:33,"2012"
"458",458,662562.06509338,5872308.49651732,1339529134,2012-06-12 15:25:34,"2012"
"459",459,661728.584663939,5872341.66958265,1339539972,2012-06-12 18:26:12,"2012"
"460",460,661733.307186325,5872344.53374581,1339545392,2012-06-12 19:56:32,"2012"
"461",461,661734.240947342,5872339.34327119,1339550818,2012-06-12 21:26:58,"2012"
"462",462,662567.278464791,5872264.15846539,1339561656,2012-06-13 00:27:36,"2012"
"463",463,662558.514061984,5872268.55005198,1339567074,2012-06-13 01:57:54,"2012"
"464",464,662595.431817236,5872284.87193932,1339572480,2012-06-13 03:28:00,"2012"
"465",465,662611.380517095,5872275.71267027,1339577913,2012-06-13 04:58:33,"2012"
"466",466,662583.819888939,5872305.72371391,1339583310,2012-06-13 06:28:30,"2012"
"467",467,662123.040721514,5872999.76090063,1339594149,2012-06-13 09:29:09,"2012"
"468",468,662163.411946823,5873015.56137541,1339599580,2012-06-13 10:59:40,"2012"
"469",469,662264.598841481,5873047.45156452,1339604998,2012-06-13 12:29:58,"2012"
"470",470,662395.271448811,5873024.53446948,1339610413,2012-06-13 14:00:13,"2012"
"471",471,662393.235259352,5872929.90411988,1339615833,2012-06-13 15:30:33,"2012"
"472",472,661763.874109295,5872416.11649951,1339626699,2012-06-13 18:31:39,"2012"
"473",473,661753.859587992,5872445.95318623,1339632095,2012-06-13 20:01:35,"2012"
"474",474,661751.799593682,5872450.05923274,1339637499,2012-06-13 21:31:39,"2012"
"475",475,662306.061481203,5872873.77721925,1339648323,2012-06-14 00:32:03,"2012"
"476",476,662359.051402517,5872899.60226725,1339653722,2012-06-14 02:02:02,"2012"
"477",477,662584.556066905,5872920.42811076,1339659129,2012-06-14 03:32:09,"2012"
"478",478,662346.407005235,5873010.72809353,1339664559,2012-06-14 05:02:39,"2012"
"479",479,662194.061311823,5872954.51036607,1339669988,2012-06-14 06:33:08,"2012"
"480",480,662076.828695039,5872948.85895744,1339675381,2012-06-14 08:03:01,"2012"
"481",481,662031.730791789,5873040.93364945,1339680820,2012-06-14 09:33:40,"2012"
"482",482,662025.689601177,5873030.95465903,1339686243,2012-06-14 11:04:03,"2012"
"483",483,662511.891123952,5872426.68360613,1339702476,2012-06-14 15:34:36,"2012"
"484",484,661780.423362164,5872412.82010452,1339713309,2012-06-14 18:35:09,"2012"
"485",485,661779.57969554,5872383.72092661,1339718740,2012-06-14 20:05:40,"2012"
"486",486,661786.985846111,5872392.92147125,1339724131,2012-06-14 21:35:31,"2012"
"487",487,663854.531661503,5866748.60233482,1339745766,2012-06-15 03:36:06,"2012"
"488",488,663858.428887247,5866744.40352936,1339751199,2012-06-15 05:06:39,"2012"
"489",489,663848.278249252,5866727.0792472,1339756617,2012-06-15 06:36:57,"2012"
"490",490,663857.559325121,5866708.78935241,1339762013,2012-06-15 08:06:53,"2012"
"491",491,666656.756166312,5869375.89661182,1339772845,2012-06-15 11:07:25,"2012"
"492",492,666680.720029786,5869383.25003219,1339778259,2012-06-15 12:37:39,"2012"
"493",493,666720.756082037,5869265.41722786,1339783656,2012-06-15 14:07:36,"2012"
"494",494,663957.030953295,5867385.79529865,1339805351,2012-06-15 20:09:11,"2012"
"495",495,663955.3498884,5867385.57114359,1339810773,2012-06-15 21:39:33,"2012"
"496",496,663943.817206744,5867397.48236762,1339816178,2012-06-15 23:09:38,"2012"
"497",497,666627.789701635,5869157.79444326,1339826996,2012-06-16 02:09:56,"2012"
"498",498,666626.966898918,5869257.67598979,1339832409,2012-06-16 03:40:09,"2012"
"499",499,666684.407783895,5869363.73625297,1339837809,2012-06-16 05:10:09,"2012"
"500",500,666659.583597293,5869369.59201917,1339843239,2012-06-16 06:40:39,"2012"
"501",501,666587.588885473,5869346.41544312,1339848639,2012-06-16 08:10:39,"2012"
"502",502,666669.103191151,5869364.83268874,1339854064,2012-06-16 09:41:04,"2012"
"503",503,666709.459413407,5869300.35638086,1339859499,2012-06-16 11:11:39,"2012"
"504",504,666657.977073775,5869309.26531827,1339864905,2012-06-16 12:41:45,"2012"
"505",505,666729.718849617,5865096.18625285,1339886600,2012-06-16 18:43:20,"2012"
"506",506,666714.483239045,5864990.42847137,1339892019,2012-06-16 20:13:39,"2012"
"507",507,666603.504807759,5865095.83672898,1339897421,2012-06-16 21:43:41,"2012"
"508",508,666720.646916522,5865035.32383929,1339902843,2012-06-16 23:14:03,"2012"
"509",509,666646.853461597,5869158.67612301,1339913673,2012-06-17 02:14:33,"2012"
"510",510,666737.058339588,5869221.48751523,1339919066,2012-06-17 03:44:26,"2012"
"511",511,666679.482043989,5869258.97935979,1339924479,2012-06-17 05:14:39,"2012"
"512",512,666700.563910847,5869219.1898354,1339929883,2012-06-17 06:44:43,"2012"
"513",513,666709.242282255,5869219.12251465,1339935303,2012-06-17 08:15:03,"2012"
"514",514,666718.068091159,5869232.48854573,1339940711,2012-06-17 09:45:11,"2012"
"515",515,666721.178655522,5869197.38875787,1339946139,2012-06-17 11:15:39,"2012"
"516",516,666595.363721343,5866715.58323714,1339956963,2012-06-17 14:16:03,"2012"
"517",517,666617.568602757,5866709.76959006,1339962369,2012-06-17 15:46:09,"2012"
"518",518,666630.812509773,5866724.93562253,1339967799,2012-06-17 17:16:39,"2012"
"519",519,666622.014910916,5866699.10045525,1339973190,2012-06-17 18:46:30,"2012"
"520",520,666627.90698377,5866704.4369383,1339978599,2012-06-17 20:16:39,"2012"
"521",521,666588.432023719,5866722.03568825,1339984002,2012-06-17 21:46:42,"2012"
"522",522,666754.313631807,5869285.13923416,1340000243,2012-06-18 02:17:23,"2012"
"523",523,666705.771338203,5869274.56375355,1340005659,2012-06-18 03:47:39,"2012"
"524",524,666687.787249724,5869175.75763282,1340011057,2012-06-18 05:17:37,"2012"
"525",525,666683.668746236,5869235.15150343,1340016477,2012-06-18 06:47:57,"2012"
"526",526,666668.110969775,5869259.12064647,1340021920,2012-06-18 08:18:40,"2012"
"527",527,666890.514776548,5869751.62498647,1340043578,2012-06-18 14:19:38,"2012"
"528",528,666955.048268665,5869664.80576103,1340049003,2012-06-18 15:50:03,"2012"
"529",529,666616.820630217,5866717.20384565,1340059837,2012-06-18 18:50:37,"2012"
"530",530,666611.002688008,5866708.55186734,1340065242,2012-06-18 20:20:42,"2012"
"531",531,666628.468990016,5866721.09123279,1340070666,2012-06-18 21:51:06,"2012"
"532",532,666607.008824763,5866695.20847584,1340076076,2012-06-18 23:21:16,"2012"
"533",533,666971.897150812,5869712.28821734,1340086904,2012-06-19 02:21:44,"2012"
"534",534,666797.324487176,5869691.6796285,1340092329,2012-06-19 03:52:09,"2012"
"535",535,666937.519834848,5869651.88379602,1340097727,2012-06-19 05:22:07,"2012"
"536",536,666813.610642686,5869649.56455235,1340103183,2012-06-19 06:53:03,"2012"
"537",537,666820.063032076,5869655.11018561,1340108609,2012-06-19 08:23:29,"2012"
"538",538,666826.404065066,5869662.90115267,1340114019,2012-06-19 09:53:39,"2012"
"539",539,666951.732768827,5869626.36574966,1340119425,2012-06-19 11:23:45,"2012"
"540",540,666926.888357403,5869724.87006855,1340124849,2012-06-19 12:54:09,"2012"
"541",541,666955.571180945,5869681.93769944,1340130257,2012-06-19 14:24:17,"2012"
"542",542,666972.034867785,5869704.04227421,1340135679,2012-06-19 15:54:39,"2012"
"543",543,663954.617020278,5867428.90259157,1340146509,2012-06-19 18:55:09,"2012"
"544",544,663971.872425405,5867391.93369478,1340151906,2012-06-19 20:25:06,"2012"
"545",545,663953.23564216,5867413.92474741,1340157309,2012-06-19 21:55:09,"2012"
"546",546,663968.940083504,5867385.17579018,1340162729,2012-06-19 23:25:29,"2012"
"547",547,666922.891342491,5869755.61891077,1340173677,2012-06-20 02:27:57,"2012"
"548",548,663921.833179072,5867261.80055723,1340179821,2012-06-20 04:10:21,"2012"
"549",549,663529.083087148,5866781.62848723,1340183408,2012-06-20 05:10:08,"2012"
"550",550,663516.654207095,5866790.7936439,1340185198,2012-06-20 05:39:58,"2012"
"551",551,663528.786653113,5866790.77065239,1340187009,2012-06-20 06:10:09,"2012"
"552",552,663520.268354192,5866805.45725149,1340188794,2012-06-20 06:39:54,"2012"
"553",553,663500.218448252,5866792.11825017,1340191627,2012-06-20 07:27:07,"2012"
"554",554,663499.831436202,5866782.09559965,1340193420,2012-06-20 07:57:00,"2012"
"555",555,663524.108255385,5866794.99889843,1340195211,2012-06-20 08:26:51,"2012"
"556",556,663527.071428439,5866792.73891427,1340197030,2012-06-20 08:57:10,"2012"
"557",557,663524.77962779,5866783.33087232,1340198841,2012-06-20 09:27:21,"2012"
"558",558,663545.810586123,5866828.06794435,1340200658,2012-06-20 09:57:38,"2012"
"559",559,663987.110388596,5867375.32741964,1340204251,2012-06-20 10:57:31,"2012"
"560",560,663992.900452238,5867391.23455998,1340206045,2012-06-20 11:27:25,"2012"
"561",561,660528.63133743,5860759.20132562,1340211448,2012-06-20 12:57:28,"2012"
"562",562,663975.487123827,5867412.06464172,1340234919,2012-06-20 19:28:39,"2012"
"563",563,664006.644413907,5867411.64313528,1340240313,2012-06-20 20:58:33,"2012"
"564",564,663956.731168527,5867419.3545551,1340245719,2012-06-20 22:28:39,"2012"
"565",565,663519.417735326,5866816.06146486,1340263746,2012-06-21 03:29:06,"2012"
"566",566,663530.90860359,5866805.78451584,1340267332,2012-06-21 04:28:52,"2012"
"567",567,663516.454940201,5866715.67640452,1340270931,2012-06-21 05:28:51,"2012"
"568",568,663526.183558777,5866720.67133039,1340272749,2012-06-21 05:59:09,"2012"
"569",569,663511.725282063,5866735.31248924,1340274545,2012-06-21 06:29:05,"2012"
"570",570,663554.2016918,5866696.85890798,1340276339,2012-06-21 06:58:59,"2012"
"571",571,663540.662671009,5866709.98351498,1340278130,2012-06-21 07:28:50,"2012"
"572",572,663523.116300114,5866717.86178391,1340279921,2012-06-21 07:58:41,"2012"
"573",573,663535.23055284,5866721.55696453,1340281746,2012-06-21 08:29:06,"2012"
"574",574,663518.791645134,5866735.47405467,1340283536,2012-06-21 08:58:56,"2012"
"575",575,663533.270376432,5866718.84060911,1340285328,2012-06-21 09:28:48,"2012"
"576",576,663519.106527457,5866735.11730283,1340287133,2012-06-21 09:58:53,"2012"
"577",577,663581.821265862,5866743.94610364,1340288957,2012-06-21 10:29:17,"2012"
"578",578,663508.658604366,5866743.60364528,1340290767,2012-06-21 10:59:27,"2012"
"579",579,663531.039400609,5866724.51017052,1340293929,2012-06-21 11:52:09,"2012"
"580",580,663540.931370293,5866728.85375427,1340295759,2012-06-21 12:22:39,"2012"
"581",581,663539.466225101,5866726.42139484,1340297552,2012-06-21 12:52:32,"2012"
"582",582,664006.815912591,5867392.35348304,1340301135,2012-06-21 13:52:15,"2012"
"583",583,664007.506228741,5867386.29770932,1340302926,2012-06-21 14:22:06,"2012"
"584",584,663951.662786291,5867427.14318389,1340319249,2012-06-21 18:54:09,"2012"
"585",585,663948.791080671,5867403.16283162,1340324654,2012-06-21 20:24:14,"2012"
"586",586,663950.75163835,5867388.63261005,1340330073,2012-06-21 21:54:33,"2012"
"587",587,663524.792547207,5866688.45783213,1340340909,2012-06-22 00:55:09,"2012"
"588",588,663531.685219573,5866683.22463192,1340346314,2012-06-22 02:25:14,"2012"
"589",589,663523.181355445,5866693.11293557,1340348460,2012-06-22 03:01:00,"2012"
"590",590,663518.689101663,5866699.98627625,1340350251,2012-06-22 03:30:51,"2012"
"591",591,663543.759605278,5866709.93262031,1340354967,2012-06-22 04:49:27,"2012"
"592",592,663515.901180025,5866692.3094779,1340356760,2012-06-22 05:19:20,"2012"
"593",593,663552.378602886,5866735.15401214,1340358610,2012-06-22 05:50:10,"2012"
"594",594,663563.974732411,5866741.62635817,1340360423,2012-06-22 06:20:23,"2012"
"595",595,663572.790959472,5866750.30923413,1340362215,2012-06-22 06:50:15,"2012"
"596",596,663541.067003827,5866755.02344021,1340364012,2012-06-22 07:20:12,"2012"
"597",597,663548.130199142,5866745.35354911,1340365801,2012-06-22 07:50:01,"2012"
"598",598,663554.146475427,5866720.71737157,1340367609,2012-06-22 08:20:09,"2012"
"599",599,663656.230278548,5867524.79912645,1340371194,2012-06-22 09:19:54,"2012"
"600",600,663640.624527164,5867508.67073971,1340372983,2012-06-22 09:49:43,"2012"
"601",601,663642.537175547,5867511.58596433,1340374804,2012-06-22 10:20:04,"2012"
"602",602,663648.494753003,5867497.20241639,1340376597,2012-06-22 10:49:57,"2012"
"603",603,663639.731859473,5867513.96255711,1340378408,2012-06-22 11:20:08,"2012"
"604",604,663644.480978145,5867526.47141418,1340380198,2012-06-22 11:49:58,"2012"
"605",605,663636.476064019,5867519.10739485,1340381989,2012-06-22 12:19:49,"2012"
"606",606,663657.845818608,5867491.46274697,1340383781,2012-06-22 12:49:41,"2012"
"607",607,663808.85782021,5867384.20128326,1340387553,2012-06-22 13:52:33,"2012"
"608",608,663787.915326191,5867404.17729195,1340389359,2012-06-22 14:22:39,"2012"
"609",609,663800.504746818,5867392.63562752,1340391189,2012-06-22 14:53:09,"2012"
"610",610,663965.341930559,5867371.68136467,1340396853,2012-06-22 16:27:33,"2012"
"611",611,663970.957193335,5867378.28552032,1340402357,2012-06-22 17:59:17,"2012"
"612",612,663969.096582789,5867384.13450061,1340407779,2012-06-22 19:29:39,"2012"
"613",613,663968.254438812,5867382.98132348,1340413179,2012-06-22 20:59:39,"2012"
"614",614,663936.140151474,5867405.61657663,1340418609,2012-06-22 22:30:09,"2012"
"615",615,663852.249024218,5867419.74555473,1340424002,2012-06-23 00:00:02,"2012"
"616",616,663657.928970571,5867536.00201093,1340429409,2012-06-23 01:30:09,"2012"
"617",617,663554.527567447,5867552.62496137,1340434821,2012-06-23 03:00:21,"2012"
"618",618,663517.209543751,5867603.43378719,1340436611,2012-06-23 03:30:11,"2012"
"619",619,663536.576031459,5867633.25062081,1340438440,2012-06-23 04:00:40,"2012"
"620",620,663524.001847799,5867632.07828908,1340440246,2012-06-23 04:30:46,"2012"
"621",621,663557.642353223,5867684.74761738,1340442030,2012-06-23 05:00:30,"2012"
"622",622,663554.679733596,5867638.00639804,1340443839,2012-06-23 05:30:39,"2012"
"623",623,663603.895400502,5867632.71681806,1340447038,2012-06-23 06:23:58,"2012"
"624",624,663580.110331649,5867617.74746471,1340448829,2012-06-23 06:53:49,"2012"
"625",625,663592.698360594,5867558.2172745,1340450679,2012-06-23 07:24:39,"2012"
"626",626,663599.050955881,5867553.80096283,1340452478,2012-06-23 07:54:38,"2012"
"627",627,663585.008703487,5867563.17835192,1340454285,2012-06-23 08:24:45,"2012"
"628",628,663582.741548462,5867546.91247234,1340456109,2012-06-23 08:55:09,"2012"
"629",629,663578.39118313,5867567.27394078,1340457900,2012-06-23 09:25:00,"2012"
"630",630,663553.888877942,5867565.50772358,1340459693,2012-06-23 09:54:53,"2012"
"631",631,663546.426850484,5867566.53510807,1340461487,2012-06-23 10:24:47,"2012"
"632",632,663555.305832121,5867549.71195082,1340463279,2012-06-23 10:54:39,"2012"
"633",633,663563.825953854,5867608.14315542,1340466909,2012-06-23 11:55:09,"2012"
"634",634,663553.592517855,5867589.32464611,1340468736,2012-06-23 12:25:36,"2012"
"635",635,663574.022627955,5867612.17435627,1340470523,2012-06-23 12:55:23,"2012"
"636",636,663569.145929376,5867580.81121119,1340472318,2012-06-23 13:25:18,"2012"
"637",637,663572.648710487,5867627.49282087,1340474108,2012-06-23 13:55:08,"2012"
"638",638,663549.194156907,5867649.9899475,1340475927,2012-06-23 14:25:27,"2012"
"639",639,663814.759524922,5867394.85666327,1340481409,2012-06-23 15:56:49,"2012"
"640",640,663950.694660862,5867420.19597206,1340485048,2012-06-23 16:57:28,"2012"
"641",641,663951.557957186,5867390.64189532,1340488651,2012-06-23 17:57:31,"2012"
"642",642,663946.224165222,5867391.19544986,1340492278,2012-06-23 18:57:58,"2012"
"643",643,663951.826759364,5867390.65103223,1340495882,2012-06-23 19:58:02,"2012"
"644",644,663952.943293688,5867391.84693573,1340499483,2012-06-23 20:58:03,"2012"
"645",645,663951.405865968,5867394.52254182,1340503120,2012-06-23 21:58:40,"2012"
"646",646,663944.390718764,5867400.00704336,1340506791,2012-06-23 22:59:51,"2012"
"647",647,663580.21988906,5867655.77414472,1340514009,2012-06-24 01:00:09,"2012"
"648",648,663661.928761473,5867685.37938605,1340517606,2012-06-24 02:00:06,"2012"
"649",649,663649.472689149,5867692.42770263,1340521228,2012-06-24 03:00:28,"2012"
"650",650,663636.64351197,5867760.83461883,1340524839,2012-06-24 04:00:39,"2012"
"651",651,663645.856623525,5867686.58206996,1340528438,2012-06-24 05:00:38,"2012"
"652",652,663655.195100651,5867686.75420032,1340532070,2012-06-24 06:01:10,"2012"
"653",653,663658.960367217,5867673.53216571,1340535668,2012-06-24 07:01:08,"2012"
"654",654,663645.668798324,5867693.9019431,1340539429,2012-06-24 08:03:49,"2012"
"655",655,663631.443914855,5867681.50579878,1340543079,2012-06-24 09:04:39,"2012"
"656",656,663663.380583832,5867693.54542285,1340546709,2012-06-24 10:05:09,"2012"
"657",657,663637.364675624,5867686.83950781,1340550339,2012-06-24 11:05:39,"2012"
"658",658,663640.871744242,5867683.40671983,1340554047,2012-06-24 12:07:27,"2012"
"659",659,663653.420374301,5867687.70718314,1340557667,2012-06-24 13:07:47,"2012"
"660",660,663635.798810194,5867684.21439952,1340561319,2012-06-24 14:08:39,"2012"
"661",661,663651.225245375,5867681.6202758,1340564915,2012-06-24 15:08:35,"2012"
"662",662,663942.824196908,5867387.505826,1340572210,2012-06-24 17:10:10,"2012"
"663",663,663939.806769424,5867404.62778529,1340575809,2012-06-24 18:10:09,"2012"
"664",664,663937.64140727,5867406.38018689,1340579436,2012-06-24 19:10:36,"2012"
"665",665,663938.170275021,5867409.42664915,1340583056,2012-06-24 20:10:56,"2012"
"666",666,663950.618251545,5867406.6097187,1340586666,2012-06-24 21:11:06,"2012"
"667",667,663942.818139541,5867410.84278405,1340590299,2012-06-24 22:11:39,"2012"
