,ID,date_time,latitude,longitude,b,t
19378,2002-2015,2/5/2015 10:29,22.5266966,-11.8972315,-1,02/05/2015 10:29:45
19379,2002-2015,2/5/2015 10:46,22.6649503,-11.7032401,2,02/05/2015 10:46:53
19380,2002-2015,2/5/2015 10:56,22.7424666,-11.5994788,2,02/05/2015 10:56:45
19381,2002-2015,2/5/2015 11:06,22.8193,-11.4783353,2,02/05/2015 11:06:37
19382,2002-2015,2/5/2015 11:16,22.8998686,-11.3828557,2,02/05/2015 11:16:30
19383,2002-2015,2/5/2015 11:26,22.9833538,-11.2621554,2,02/05/2015 11:26:21
19384,2002-2015,2/5/2015 11:36,23.0618403,-11.1460677,2,02/05/2015 11:36:40
19385,2002-2015,2/5/2015 11:46,23.1404614,-11.0169041,2,02/05/2015 11:46:38
19386,2002-2015,2/5/2015 11:56,23.2300272,-10.8896274,2,02/05/2015 11:56:29
19387,2002-2015,2/5/2015 12:06,23.3089919,-10.7964287,2,02/05/2015 12:06:53
19388,2002-2015,2/5/2015 12:17,23.4029623,-10.6769838,2,02/05/2015 12:17:33
19389,2002-2015,2/5/2015 12:31,23.5293319,-10.5623988,2,02/05/2015 12:31:08
19390,2002-2015,2/5/2015 12:43,23.6382194,-10.440859,2,02/05/2015 12:43:57
19391,2002-2015,2/5/2015 12:59,23.770531,-10.293969,2,02/05/2015 12:59:09
19392,2002-2015,2/5/2015 13:09,23.8626763,-10.2023743,2,02/05/2015 13:09:35
19393,2002-2015,2/5/2015 13:28,24.0324461,-10.0301037,2,02/05/2015 13:28:49
19394,2002-2015,2/5/2015 13:39,24.1342524,-9.9069681,2,02/05/2015 13:39:13
19395,2002-2015,2/5/2015 13:58,24.3046611,-9.7330806,2,02/05/2015 13:58:23
19396,2002-2015,2/5/2015 14:28,24.561618,-9.3678586,2,02/05/2015 14:28:31
19397,2002-2015,2/5/2015 14:58,24.8116122,-8.9977071,2,02/05/2015 14:58:35
19398,2002-2015,2/5/2015 15:19,25.0073259,-8.7592332,2,02/05/2015 15:19:23
19399,2002-2015,2/5/2015 15:49,25.2697987,-8.4801549,2,02/05/2015 15:49:15
19400,2002-2015,2/5/2015 15:59,25.3525438,-8.4147226,2,02/05/2015 15:59:14
19401,2002-2015,2/5/2015 16:29,25.6302614,-8.2048559,2,02/05/2015 16:29:19
19402,2002-2015,2/5/2015 16:39,25.7317258,-8.1252248,2,02/05/2015 16:39:50
19403,2002-2015,2/5/2015 16:49,25.8411303,-8.0449225,2,02/05/2015 16:49:52
19404,2002-2015,2/5/2015 16:59,25.9412039,-7.9849604,2,02/05/2015 16:59:44
19405,2002-2015,2/5/2015 17:09,26.0323688,-7.9206839,2,02/05/2015 17:09:31
19406,2002-2015,2/5/2015 17:19,26.1236538,-7.8565789,2,02/05/2015 17:19:47
19407,2002-2015,2/5/2015 17:30,26.2130681,-7.7834069,2,02/05/2015 17:30:09
19408,2002-2015,2/5/2015 17:39,26.3097751,-7.6779055,2,02/05/2015 17:39:55
19409,2002-2015,2/5/2015 17:49,26.3958219,-7.6102395,2,02/05/2015 17:49:46
19410,2002-2015,2/5/2015 17:59,26.4758028,-7.5787249,2,02/05/2015 17:59:39
19411,2002-2015,2/5/2015 18:09,26.546316,-7.5574742,2,02/05/2015 18:09:33
19412,2002-2015,2/5/2015 18:19,26.6077537,-7.5221418,2,02/05/2015 18:19:24
19413,2002-2015,2/5/2015 18:49,26.8652628,-7.3789653,2,02/05/2015 18:49:15
19414,2002-2015,2/5/2015 19:19,27.1676327,-7.3274811,2,02/05/2015 19:19:07
19415,2002-2015,2/5/2015 19:49,27.3727946,-7.3339564,2,02/05/2015 19:49:00
19416,2002-2015,2/5/2015 20:19,27.5911598,-7.4205137,2,02/05/2015 20:19:39
19417,2002-2015,2/5/2015 20:49,27.7983831,-7.4469049,2,02/05/2015 20:49:30
19418,2002-2015,2/5/2015 21:19,28.008086,-7.3946212,2,02/05/2015 21:19:22
19419,2002-2015,2/5/2015 21:49,28.2447937,-7.31768,2,02/05/2015 21:49:39
19420,2002-2015,2/5/2015 22:19,28.4524629,-7.2035643,2,02/05/2015 22:19:39
19421,2002-2015,2/5/2015 22:49,28.6316669,-7.0659749,2,02/05/2015 22:49:33
19422,2002-2015,2/5/2015 23:19,28.8795627,-6.9450057,2,02/05/2015 23:19:41
19423,2002-2015,2/5/2015 23:49,29.2046336,-6.9710008,2,02/05/2015 23:49:34
19424,2002-2015,2/6/2015 0:19,29.5376292,-7.0590965,2,02/06/2015 00:19:49
19425,2002-2015,2/6/2015 0:50,29.8381587,-7.173961,2,02/06/2015 00:50:10
19426,2002-2015,2/6/2015 1:20,30.0921211,-7.1963517,2,02/06/2015 01:20:07
19427,2002-2015,2/6/2015 1:50,30.364483,-7.1686777,2,02/06/2015 01:50:01
19428,2002-2015,2/6/2015 2:19,30.6942627,-7.0635633,2,02/06/2015 02:19:54
19429,2002-2015,2/6/2015 2:50,31.0075833,-7.0772826,2,02/06/2015 02:50:05
19430,2002-2015,2/6/2015 3:19,31.2469537,-7.1384185,2,02/06/2015 03:19:57
19431,2002-2015,2/6/2015 3:50,31.4829282,-7.1752355,2,02/06/2015 03:50:02
19432,2002-2015,2/6/2015 4:20,31.7265296,-7.3230744,2,02/06/2015 04:20:19
19433,2002-2015,2/6/2015 4:50,31.9027704,-7.5219419,2,02/06/2015 04:50:14
19434,2002-2015,2/6/2015 5:20,32.0900615,-7.6865129,2,02/06/2015 05:20:09
19435,2002-2015,2/6/2015 5:50,32.2583148,-7.8729196,2,02/06/2015 05:50:16
19436,2002-2015,2/6/2015 6:20,32.397764,-8.0639209,2,02/06/2015 06:20:37
19437,2002-2015,2/6/2015 6:50,32.6124684,-8.2544772,2,02/06/2015 06:50:30
19438,2002-2015,2/6/2015 7:20,32.7468383,-8.4733258,2,02/06/2015 07:20:22
19439,2002-2015,2/6/2015 7:50,32.9433866,-8.4520163,2,02/06/2015 07:50:12
19440,2002-2015,2/6/2015 8:20,33.1353344,-8.5310566,2,02/06/2015 08:20:22
19441,2002-2015,2/6/2015 8:50,33.1353507,-8.531102,2,02/06/2015 08:50:14
19442,2002-2015,2/6/2015 9:20,33.1344048,-8.5335718,2,02/06/2015 09:20:13
19443,2002-2015,2/6/2015 9:50,33.1345324,-8.533601,2,02/06/2015 09:50:25
19444,2002-2015,2/6/2015 10:20,33.134337,-8.5335047,2,02/06/2015 10:20:39
19445,2002-2015,2/6/2015 10:50,33.1345602,-8.5334154,2,02/06/2015 10:50:44
19446,2002-2015,2/6/2015 11:20,33.1343307,-8.5334288,2,02/06/2015 11:20:37
19447,2002-2015,2/6/2015 11:50,33.1345783,-8.533457,2,02/06/2015 11:50:30
19448,2002-2015,2/6/2015 12:20,33.1344796,-8.5334885,2,02/06/2015 12:20:20
19449,2002-2015,2/6/2015 12:50,33.1344739,-8.5335139,2,02/06/2015 12:50:11
19450,2002-2015,2/6/2015 13:20,33.134526,-8.5334869,2,02/06/2015 13:20:21
19451,2002-2015,2/6/2015 13:50,33.1344904,-8.5330834,2,02/06/2015 13:50:20
19452,2002-2015,2/6/2015 14:20,33.1344659,-8.5333631,2,02/06/2015 14:20:49
19453,2002-2015,2/6/2015 14:51,33.1342197,-8.5327546,2,02/06/2015 14:51:10
19454,2002-2015,2/6/2015 15:21,33.1342951,-8.5328869,2,02/06/2015 15:21:07
19455,2002-2015,2/6/2015 15:51,33.1343145,-8.5329087,2,02/06/2015 15:51:16
19456,2002-2015,2/6/2015 16:21,33.134094,-8.533061,2,02/06/2015 16:21:08
19457,2002-2015,2/6/2015 16:51,33.134715,-8.5334497,2,02/06/2015 16:51:00
19458,2002-2015,2/6/2015 17:20,33.1345115,-8.5332413,2,02/06/2015 17:20:55
19459,2002-2015,2/6/2015 17:50,33.1345145,-8.5331912,2,02/06/2015 17:50:47
19460,2002-2015,2/6/2015 18:21,33.1345141,-8.5331347,-1,02/06/2015 18:21:09
19461,2002-2015,2/6/2015 18:50,33.1344604,-8.5333823,-1,02/06/2015 18:50:58
19462,2002-2015,2/6/2015 19:20,33.1344748,-8.5332858,-1,02/06/2015 19:20:49
19463,2002-2015,2/6/2015 19:50,33.1345263,-8.5332505,-1,02/06/2015 19:50:39
19464,2002-2015,2/6/2015 20:20,33.1346748,-8.533229,-1,02/06/2015 20:20:35
19465,2002-2015,2/6/2015 20:50,33.2102329,-8.5251362,-1,02/06/2015 20:50:27
19466,2002-2015,2/6/2015 21:53,33.1345402,-8.5334742,-1,02/06/2015 21:53:52
19467,2002-2015,2/6/2015 22:23,33.1344466,-8.5335206,-1,02/06/2015 22:23:41
19468,2002-2015,2/6/2015 22:53,33.1424571,-8.5228375,-1,02/06/2015 22:53:47
19469,2002-2015,2/6/2015 23:23,33.1408792,-8.526107,-1,02/06/2015 23:23:58
19470,2002-2015,2/6/2015 23:53,33.1405046,-8.5257547,-1,02/06/2015 23:53:54
19471,2002-2015,2/7/2015 0:24,33.1404594,-8.5258708,-1,02/07/2015 00:24:09
19472,2002-2015,2/7/2015 0:54,33.1404931,-8.5259617,-1,02/07/2015 00:54:22
19473,2002-2015,2/7/2015 1:24,33.1405201,-8.5259921,-1,02/07/2015 01:24:19
19474,2002-2015,2/7/2015 1:54,33.1405937,-8.5261233,-1,02/07/2015 01:54:50
19475,2002-2015,2/7/2015 2:24,33.1409205,-8.5261262,-1,02/07/2015 02:24:49
19476,2002-2015,2/7/2015 2:54,33.1405415,-8.5260373,-1,02/07/2015 02:54:53
19477,2002-2015,2/7/2015 3:24,33.1405631,-8.5261221,-1,02/07/2015 03:24:57
19478,2002-2015,2/7/2015 3:55,33.1405859,-8.5261191,-1,02/07/2015 03:55:04
19479,2002-2015,2/7/2015 4:25,33.1402582,-8.5261954,-1,02/07/2015 04:25:39
19480,2002-2015,2/7/2015 4:55,33.1384219,-8.5263425,-1,02/07/2015 04:55:41
19481,2002-2015,2/7/2015 5:25,33.1383573,-8.526375,-1,02/07/2015 05:25:32
19482,2002-2015,2/7/2015 5:55,33.1383475,-8.5263673,-1,02/07/2015 05:55:36
19483,2002-2015,2/7/2015 6:25,33.1375797,-8.5272827,-1,02/07/2015 06:25:34
19484,2002-2015,2/7/2015 6:55,33.1348213,-8.5318056,-1,02/07/2015 06:55:41
19485,2002-2015,2/7/2015 7:25,33.1337469,-8.5334982,-1,02/07/2015 07:25:30
19486,2002-2015,2/7/2015 7:55,33.1344763,-8.5332972,-1,02/07/2015 07:55:32
19487,2002-2015,2/7/2015 8:26,33.1341572,-8.5330401,-1,02/07/2015 08:26:09
19488,2002-2015,2/7/2015 8:56,33.1322183,-8.533582,-1,02/07/2015 08:56:24
19489,2002-2015,2/7/2015 9:26,33.1338856,-8.5332463,-1,02/07/2015 09:26:47
19490,2002-2015,2/7/2015 9:57,33.133905,-8.5332588,-1,02/07/2015 09:57:39
19491,2002-2015,2/7/2015 10:27,33.1324785,-8.5333347,-1,02/07/2015 10:27:36
19492,2002-2015,2/7/2015 10:57,33.1321399,-8.5336395,-1,02/07/2015 10:57:28
19493,2002-2015,2/7/2015 11:27,33.134386,-8.5334943,-1,02/07/2015 11:27:22
19494,2002-2015,2/7/2015 11:57,33.1343818,-8.5335068,-1,02/07/2015 11:57:28
19495,2002-2015,2/7/2015 12:27,33.1340407,-8.5332044,-1,02/07/2015 12:27:38
19496,2002-2015,2/7/2015 12:57,33.1344235,-8.5328548,-1,02/07/2015 12:57:31
19497,2002-2015,2/7/2015 13:27,33.1342701,-8.5336106,-1,02/07/2015 13:27:23
19498,2002-2015,2/7/2015 13:57,33.1340323,-8.5329783,-1,02/07/2015 13:57:17
19499,2002-2015,2/7/2015 14:27,33.1340887,-8.5330937,-1,02/07/2015 14:27:38
19500,2002-2015,2/7/2015 14:57,33.1344242,-8.5333047,-1,02/07/2015 14:57:29
19501,2002-2015,2/7/2015 15:27,33.1347447,-8.5334528,-1,02/07/2015 15:27:20
19502,2002-2015,2/7/2015 15:57,33.1344688,-8.5333982,-1,02/07/2015 15:57:25
19503,2002-2015,2/7/2015 16:27,33.1345835,-8.533181,-1,02/07/2015 16:27:38
19504,2002-2015,2/7/2015 16:57,33.1346486,-8.5330832,-1,02/07/2015 16:57:42
19505,2002-2015,2/7/2015 17:27,33.1344834,-8.5332902,-1,02/07/2015 17:27:35
19506,2002-2015,2/7/2015 17:57,33.1344036,-8.5332593,-1,02/07/2015 17:57:57
19507,2002-2015,2/7/2015 18:27,33.1345247,-8.5331456,-1,02/07/2015 18:27:51
19508,2002-2015,2/7/2015 18:57,33.1339405,-8.5333883,-1,02/07/2015 18:57:42
19509,2002-2015,2/7/2015 19:27,33.1338397,-8.5336229,-1,02/07/2015 19:27:50
19510,2002-2015,2/7/2015 19:57,33.1339215,-8.5336531,-1,02/07/2015 19:57:40
19511,2002-2015,2/7/2015 20:28,33.1338637,-8.5336419,-1,02/07/2015 20:28:09
19512,2002-2015,2/7/2015 20:58,33.1338277,-8.5335677,-1,02/07/2015 20:58:14
19513,2002-2015,2/7/2015 21:28,33.1338347,-8.5335804,-1,02/07/2015 21:28:08
19514,2002-2015,2/7/2015 21:57,33.136094,-8.5375376,-1,02/07/2015 21:57:56
19515,2002-2015,2/7/2015 22:28,33.1408003,-8.5261318,-1,02/07/2015 22:28:09
19516,2002-2015,2/7/2015 22:58,33.1404896,-8.5258122,-1,02/07/2015 22:58:12
19517,2002-2015,2/7/2015 23:28,33.1392892,-8.5262268,-1,02/07/2015 23:28:04
19518,2002-2015,2/7/2015 23:57,33.1394058,-8.5263263,-1,02/07/2015 23:57:57
19519,2002-2015,2/8/2015 0:28,33.1393287,-8.526344,-1,02/08/2015 00:28:08
19520,2002-2015,2/8/2015 0:57,33.139303,-8.5263499,-1,02/08/2015 00:57:58
19521,2002-2015,2/8/2015 1:28,33.1393594,-8.5263731,-1,02/08/2015 01:28:15
19522,2002-2015,2/8/2015 1:58,33.1393839,-8.5263587,-1,02/08/2015 01:58:28
19523,2002-2015,2/8/2015 2:28,33.1393111,-8.5263351,-1,02/08/2015 02:28:22
19524,2002-2015,2/8/2015 2:58,33.1392162,-8.5264776,-1,02/08/2015 02:58:19
19525,2002-2015,2/8/2015 3:28,33.1392741,-8.5264489,-1,02/08/2015 03:28:20
19526,2002-2015,2/8/2015 3:58,33.1392968,-8.5263316,-1,02/08/2015 03:58:36
19527,2002-2015,2/8/2015 4:28,33.1392906,-8.5263235,-1,02/08/2015 04:28:34
19528,2002-2015,2/8/2015 4:58,33.1392618,-8.5263413,-1,02/08/2015 04:58:25
19529,2002-2015,2/8/2015 5:28,33.1392651,-8.526278,-1,02/08/2015 05:28:33
19530,2002-2015,2/8/2015 5:58,33.1392408,-8.5263319,-1,02/08/2015 05:58:25
19531,2002-2015,2/8/2015 6:28,33.1392841,-8.5263029,-1,02/08/2015 06:28:38
19532,2002-2015,2/8/2015 6:58,33.1392783,-8.526272,-1,02/08/2015 06:58:27
19533,2002-2015,2/8/2015 7:28,33.1392297,-8.5263094,-1,02/08/2015 07:28:15
19534,2002-2015,2/8/2015 7:58,33.1322633,-8.5335986,-1,02/08/2015 07:58:38
19535,2002-2015,2/8/2015 8:28,33.1326218,-8.535402,-1,02/08/2015 08:28:33
19536,2002-2015,2/8/2015 8:58,33.1321909,-8.5336976,-1,02/08/2015 08:58:33
19537,2002-2015,2/8/2015 9:28,33.1318088,-8.5341229,-1,02/08/2015 09:28:31
19538,2002-2015,2/8/2015 9:58,33.1318204,-8.5343146,-1,02/08/2015 09:58:24
19539,2002-2015,2/8/2015 10:29,33.117126,-8.5430189,-1,02/08/2015 10:29:06
19540,2002-2015,2/8/2015 10:58,33.1343644,-8.5335187,-1,02/08/2015 10:58:57
19541,2002-2015,2/8/2015 11:28,33.1344064,-8.5335506,-1,02/08/2015 11:28:46
19542,2002-2015,2/8/2015 11:58,33.1344151,-8.5336319,-1,02/08/2015 11:58:41
19543,2002-2015,2/8/2015 12:28,33.134235,-8.5335871,-1,02/08/2015 12:28:35
19544,2002-2015,2/8/2015 12:59,33.1342955,-8.5335646,-1,02/08/2015 12:59:08
19545,2002-2015,2/8/2015 13:29,33.1342484,-8.5335666,-1,02/08/2015 13:29:04
19546,2002-2015,2/8/2015 13:58,33.1342552,-8.5335634,-1,02/08/2015 13:58:54
19547,2002-2015,2/8/2015 14:28,33.1339707,-8.5330636,-1,02/08/2015 14:28:44
19548,2002-2015,2/8/2015 14:58,33.1342682,-8.5334892,-1,02/08/2015 14:58:39
19549,2002-2015,2/8/2015 15:28,33.1266492,-8.609357,-1,02/08/2015 15:28:47
19550,2002-2015,2/8/2015 15:59,32.9576294,-8.7723915,-1,02/08/2015 15:59:08
19551,2002-2015,2/8/2015 16:29,32.9577605,-8.7725323,-1,02/08/2015 16:29:01
19552,2002-2015,2/8/2015 16:58,32.9577447,-8.7726314,-1,02/08/2015 16:58:52
19553,2002-2015,2/8/2015 17:28,32.9577656,-8.7726607,-1,02/08/2015 17:28:43
19554,2002-2015,2/8/2015 17:59,32.9548523,-8.7739591,-1,02/08/2015 17:59:05
19555,2002-2015,2/8/2015 18:29,32.9553637,-8.7737715,-1,02/08/2015 18:29:32
19556,2002-2015,2/8/2015 18:59,32.9566299,-8.7737829,-1,02/08/2015 18:59:24
19557,2002-2015,2/8/2015 19:29,32.9588836,-8.7749835,-1,02/08/2015 19:29:16
19558,2002-2015,2/8/2015 19:59,32.9589086,-8.7749755,-1,02/08/2015 19:59:09
19559,2002-2015,2/8/2015 20:29,32.9580428,-8.7743179,-1,02/08/2015 20:29:00
19560,2002-2015,2/8/2015 20:59,32.9584056,-8.7743763,-1,02/08/2015 20:59:09
19561,2002-2015,2/8/2015 21:29,32.9589431,-8.7751984,-1,02/08/2015 21:29:13
19562,2002-2015,2/8/2015 21:59,32.9589495,-8.7751241,-1,02/08/2015 21:59:18
19563,2002-2015,2/8/2015 22:29,32.9589272,-8.7751445,-1,02/08/2015 22:29:48
19564,2002-2015,2/8/2015 22:59,32.9587808,-8.774895,-1,02/08/2015 22:59:40
19565,2002-2015,2/8/2015 23:29,32.9583163,-8.7743817,-1,02/08/2015 23:29:33
19566,2002-2015,2/8/2015 23:59,32.9583074,-8.7744395,-1,02/08/2015 23:59:51
19567,2002-2015,2/9/2015 0:29,32.9583705,-8.7744819,-1,02/09/2015 00:29:53
19568,2002-2015,2/9/2015 0:59,32.9584019,-8.7745761,-1,02/09/2015 00:59:58
19569,2002-2015,2/9/2015 1:30,32.9583437,-8.7744493,-1,02/09/2015 01:30:08
19570,2002-2015,2/9/2015 2:00,32.9584056,-8.7744317,-1,02/09/2015 02:00:09
19571,2002-2015,2/9/2015 2:30,32.9583273,-8.7744211,-1,02/09/2015 02:30:03
19572,2002-2015,2/9/2015 2:59,32.9583533,-8.7744069,-1,02/09/2015 02:59:55
19573,2002-2015,2/9/2015 3:30,32.9583723,-8.7743953,-1,02/09/2015 03:30:07
19574,2002-2015,2/9/2015 4:00,32.9583578,-8.7744145,-1,02/09/2015 04:00:38
19575,2002-2015,2/9/2015 4:30,32.9583346,-8.7744114,-1,02/09/2015 04:30:31
19576,2002-2015,2/9/2015 5:00,32.9583275,-8.7743921,-1,02/09/2015 05:00:22
19577,2002-2015,2/9/2015 5:30,32.9582972,-8.7743415,-1,02/09/2015 05:30:15
19578,2002-2015,2/9/2015 6:00,32.9578754,-8.7740748,-1,02/09/2015 06:00:07
19579,2002-2015,2/9/2015 6:30,32.9578665,-8.7743367,-1,02/09/2015 06:30:26
19580,2002-2015,2/9/2015 7:00,32.9555444,-8.7738521,-1,02/09/2015 07:00:22
19581,2002-2015,2/9/2015 7:30,32.9556122,-8.7738776,-1,02/09/2015 07:30:32
19582,2002-2015,2/9/2015 8:00,32.955311,-8.7732066,-1,02/09/2015 08:00:38
19583,2002-2015,2/9/2015 8:30,32.9552872,-8.7732279,-1,02/09/2015 08:30:29
19584,2002-2015,2/9/2015 9:00,32.9546332,-8.7730421,-1,02/09/2015 09:00:36
19585,2002-2015,2/9/2015 9:30,32.9546509,-8.7740043,-1,02/09/2015 09:30:34
19586,2002-2015,2/9/2015 10:00,32.9546441,-8.7739619,-1,02/09/2015 10:00:22
19587,2002-2015,2/9/2015 10:30,32.9547413,-8.774051,-1,02/09/2015 10:30:25
19588,2002-2015,2/9/2015 11:00,32.9549011,-8.7749027,-1,02/09/2015 11:00:39
19589,2002-2015,2/9/2015 11:30,32.9548729,-8.7744208,-1,02/09/2015 11:30:42
19590,2002-2015,2/9/2015 12:00,32.9551223,-8.7744864,-1,02/09/2015 12:00:40
19591,2002-2015,2/9/2015 12:30,32.9550236,-8.7745162,-1,02/09/2015 12:30:31
19592,2002-2015,2/9/2015 13:00,32.9555706,-8.7740856,-1,02/09/2015 13:00:20
19593,2002-2015,2/9/2015 13:30,32.9551993,-8.77467,-1,02/09/2015 13:30:13
19594,2002-2015,2/9/2015 14:00,32.9549675,-8.7744725,-1,02/09/2015 14:00:38
19595,2002-2015,2/9/2015 14:30,32.9550079,-8.7744182,-1,02/09/2015 14:30:27
19596,2002-2015,2/9/2015 15:00,32.9553435,-8.7744373,-1,02/09/2015 15:00:18
19597,2002-2015,2/9/2015 15:30,32.9550318,-8.774342,-1,02/09/2015 15:30:11
19598,2002-2015,2/9/2015 16:00,32.9549743,-8.7743608,-1,02/09/2015 16:00:31
19599,2002-2015,2/9/2015 16:30,32.9551038,-8.774454,-1,02/09/2015 16:30:44
19600,2002-2015,2/9/2015 17:00,32.9546751,-8.773799,-1,02/09/2015 17:00:36
19601,2002-2015,2/9/2015 17:30,32.9546975,-8.7739263,-1,02/09/2015 17:30:35
19602,2002-2015,2/26/2015 11:41,36.4499278,-6.1531967,-1,02/26/2015 11:41:46
19603,2002-2015,2/26/2015 12:11,36.4499848,-6.1527762,5,02/26/2015 12:11:46
19604,2002-2015,2/26/2015 12:41,36.4495149,-6.156357,5,02/26/2015 12:41:35
19605,2002-2015,2/26/2015 13:11,36.4500894,-6.1547684,5,02/26/2015 13:11:46
19606,2002-2015,2/26/2015 13:41,36.4502149,-6.1550323,5,02/26/2015 13:41:35
19607,2002-2015,2/26/2015 14:12,36.4527358,-6.1562787,5,02/26/2015 14:12:04
19608,2002-2015,2/26/2015 14:41,36.4528192,-6.1559772,5,02/26/2015 14:41:55
19609,2002-2015,2/26/2015 15:12,36.452785,-6.156066,5,02/26/2015 15:12:08
19610,2002-2015,2/26/2015 15:42,36.452829,-6.1560452,5,02/26/2015 15:42:22
19611,2002-2015,2/26/2015 16:12,36.4527896,-6.1560397,5,02/26/2015 16:12:16
19612,2002-2015,2/26/2015 16:42,36.4528219,-6.1560404,5,02/26/2015 16:42:17
19613,2002-2015,2/26/2015 17:12,36.452802,-6.1560223,5,02/26/2015 17:12:18
19614,2002-2015,2/26/2015 17:42,36.4528248,-6.1559444,5,02/26/2015 17:42:11
19615,2002-2015,2/26/2015 18:13,36.4528575,-6.1558921,5,02/26/2015 18:13:03
19616,2002-2015,2/26/2015 18:43,36.452848,-6.1559654,5,02/26/2015 18:43:28
19617,2002-2015,2/26/2015 19:13,36.4494717,-6.1567934,5,02/26/2015 19:13:16
19618,2002-2015,2/26/2015 19:43,36.4494365,-6.1567016,5,02/26/2015 19:43:24
19619,2002-2015,2/26/2015 20:13,36.4493939,-6.1567187,5,02/26/2015 20:13:16
19620,2002-2015,2/26/2015 20:43,36.4494681,-6.1567651,5,02/26/2015 20:43:23
19621,2002-2015,2/26/2015 21:13,36.4486889,-6.1645742,5,02/26/2015 21:13:59
19622,2002-2015,2/26/2015 21:43,36.4487637,-6.1649756,5,02/26/2015 21:43:55
19623,2002-2015,2/26/2015 22:13,36.4487807,-6.1649192,5,02/26/2015 22:13:52
19624,2002-2015,2/26/2015 22:44,36.4487776,-6.1650314,5,02/26/2015 22:44:18
19625,2002-2015,2/26/2015 23:14,36.4487893,-6.164828,5,02/26/2015 23:14:33
19626,2002-2015,2/26/2015 23:44,36.4488139,-6.1650679,5,02/26/2015 23:44:55
19627,2002-2015,2/27/2015 0:15,36.4488162,-6.1650152,5,02/27/2015 00:15:20
19628,2002-2015,2/27/2015 0:45,36.4487814,-6.1649962,5,02/27/2015 00:45:36
19629,2002-2015,2/27/2015 1:15,36.4488132,-6.1649785,5,02/27/2015 01:15:25
19630,2002-2015,2/27/2015 1:45,36.4487947,-6.1649975,5,02/27/2015 01:45:19
19631,2002-2015,2/27/2015 2:15,36.4487264,-6.1650788,5,02/27/2015 02:15:10
19632,2002-2015,2/27/2015 2:45,36.4487615,-6.165061,5,02/27/2015 02:45:02
19633,2002-2015,2/27/2015 3:14,36.448774,-6.1650495,5,02/27/2015 03:14:57
19634,2002-2015,2/27/2015 3:45,36.4488101,-6.1651355,5,02/27/2015 03:45:32
19635,2002-2015,2/27/2015 4:15,36.4488353,-6.1650123,5,02/27/2015 04:15:48
19636,2002-2015,3/13/2015 9:23,43.7772892,1.3311575,5,03/13/2015 09:23:49
19637,2002-2015,3/13/2015 9:53,43.9432307,1.1959662,5,03/13/2015 09:53:47
19638,2002-2015,3/13/2015 10:23,43.9541413,1.0208723,5,03/13/2015 10:23:55
19639,2002-2015,3/13/2015 10:54,43.9217941,0.8929595,5,03/13/2015 10:54:05
19640,2002-2015,3/13/2015 11:56,43.9599454,0.8105599,5,03/13/2015 11:56:16
19641,2002-2015,3/13/2015 12:26,44.1176343,0.7965324,5,03/13/2015 12:26:08
19642,2002-2015,3/13/2015 12:56,44.1338395,0.7042294,5,03/13/2015 12:56:00
19643,2002-2015,3/13/2015 13:26,44.1338493,0.7042867,5,03/13/2015 13:26:10
19644,2002-2015,3/13/2015 13:56,44.1337764,0.704057,5,03/13/2015 13:56:19
19645,2002-2015,3/13/2015 14:26,44.1338354,0.704245,5,03/13/2015 14:26:09
19646,2002-2015,3/13/2015 14:56,44.1337114,0.7039025,5,03/13/2015 14:56:26
19647,2002-2015,3/13/2015 15:26,44.1334917,0.7058319,5,03/13/2015 15:26:23
19648,2002-2015,3/13/2015 15:56,44.1325874,0.7103004,5,03/13/2015 15:56:15
19649,2002-2015,3/13/2015 16:26,44.189236,0.5630726,5,03/13/2015 16:26:38
19650,2002-2015,3/13/2015 16:57,44.2273474,0.4305374,5,03/13/2015 16:57:08
19651,2002-2015,3/13/2015 17:27,44.2272698,0.4309962,5,03/13/2015 17:27:32
19652,2002-2015,3/13/2015 17:58,44.27494,0.3076805,5,03/13/2015 17:58:15
19653,2002-2015,3/13/2015 18:29,44.2749354,0.3072479,5,03/13/2015 18:29:02
19654,2002-2015,3/13/2015 18:59,44.2749844,0.3072078,5,03/13/2015 18:59:31
19655,2002-2015,3/13/2015 19:29,44.274951,0.3071488,5,03/13/2015 19:29:32
19656,2002-2015,3/13/2015 19:59,44.2749043,0.3069407,5,03/13/2015 19:59:45
19657,2002-2015,3/13/2015 20:29,44.2750089,0.307054,5,03/13/2015 20:29:54
19658,2002-2015,3/13/2015 21:01,44.274999,0.3070449,5,03/13/2015 21:01:23
19659,2002-2015,3/13/2015 21:32,44.2749332,0.3070704,5,03/13/2015 21:32:32
19660,2002-2015,3/13/2015 22:02,44.2748505,0.3069072,5,03/13/2015 22:02:52
19661,2002-2015,3/13/2015 22:32,44.2748848,0.3066235,5,03/13/2015 22:32:59
19662,2002-2015,3/13/2015 23:02,44.2750269,0.3060688,5,03/13/2015 23:02:57
19663,2002-2015,3/13/2015 23:33,44.2747644,0.3066886,5,03/13/2015 23:33:30
19664,2002-2015,3/14/2015 0:03,44.2748991,0.3069789,5,03/14/2015 00:03:38
19665,2002-2015,3/14/2015 0:33,44.2748929,0.3068809,5,03/14/2015 00:33:52
19666,2002-2015,3/14/2015 1:03,44.2749122,0.3070507,5,03/14/2015 01:03:59
19667,2002-2015,3/14/2015 1:34,44.2748547,0.3068465,5,03/14/2015 01:34:03
19668,2002-2015,3/14/2015 2:05,44.2748898,0.3062403,5,03/14/2015 02:05:07
19669,2002-2015,3/14/2015 2:35,44.2748576,0.3064121,5,03/14/2015 02:35:08
19670,2002-2015,3/14/2015 3:05,44.274904,0.3064239,5,03/14/2015 03:05:10
19671,2002-2015,3/14/2015 3:35,44.2749498,0.3066693,5,03/14/2015 03:35:36
19672,2002-2015,3/14/2015 4:05,44.2749558,0.3068414,5,03/14/2015 04:05:26
19673,2002-2015,3/14/2015 4:35,44.2748718,0.3064583,5,03/14/2015 04:35:37
19674,2002-2015,3/14/2015 5:05,44.2748711,0.3068037,5,03/14/2015 05:05:26
19675,2002-2015,3/14/2015 5:35,44.2748289,0.3069242,5,03/14/2015 05:35:29
19676,2002-2015,3/14/2015 6:06,44.2750196,0.3071473,5,03/14/2015 06:06:06
19677,2002-2015,3/14/2015 6:36,44.2750657,0.3082098,5,03/14/2015 06:36:08
19678,2002-2015,3/14/2015 7:05,44.2750505,0.307413,5,03/14/2015 07:05:59
19679,2002-2015,3/14/2015 7:36,44.2749672,0.3070717,5,03/14/2015 07:36:12
19680,2002-2015,3/14/2015 8:06,44.2749819,0.3069597,5,03/14/2015 08:06:09
19681,2002-2015,3/14/2015 8:36,44.2749272,0.3069743,5,03/14/2015 08:36:24
19682,2002-2015,3/14/2015 9:06,44.2749684,0.3072942,5,03/14/2015 09:06:39
19683,2002-2015,3/14/2015 9:36,44.2749235,0.3064444,5,03/14/2015 09:36:52
19684,2002-2015,3/14/2015 10:07,44.274883,0.3061339,5,03/14/2015 10:07:21
19685,2002-2015,3/14/2015 10:37,44.2749637,0.3065927,5,03/14/2015 10:37:23
19686,2002-2015,3/14/2015 11:07,44.2750478,0.3079371,5,03/14/2015 11:07:31
19687,2002-2015,3/14/2015 11:37,44.2750226,0.3080194,5,03/14/2015 11:37:35
19688,2002-2015,3/16/2015 14:01,45.7431582,-1.0061058,5,03/16/2015 14:01:09
19689,2002-2015,3/16/2015 14:31,45.74398,-1.0055138,5,03/16/2015 14:31:24
19690,2002-2015,3/16/2015 15:01,45.7435948,-1.0059575,5,03/16/2015 15:01:40
19691,2002-2015,3/16/2015 15:31,45.7433891,-1.0056033,5,03/16/2015 15:31:29
19692,2002-2015,3/16/2015 16:01,45.7430731,-1.0060036,5,03/16/2015 16:01:19
19693,2002-2015,3/16/2015 16:31,45.743799,-1.0052065,5,03/16/2015 16:31:14
19694,2002-2015,3/16/2015 17:01,45.743158,-1.0040941,5,03/16/2015 17:01:36
19695,2002-2015,3/16/2015 17:31,45.7514186,-1.038049,5,03/16/2015 17:31:57
19696,2002-2015,3/16/2015 18:02,45.7500691,-1.0475528,5,03/16/2015 18:02:09
19697,2002-2015,3/16/2015 18:31,45.7501623,-1.0473861,5,03/16/2015 18:31:59
19698,2002-2015,3/16/2015 19:01,45.7501066,-1.0475704,5,03/16/2015 19:01:54
19699,2002-2015,3/16/2015 19:32,45.7502081,-1.0478033,5,03/16/2015 19:32:02
19700,2002-2015,3/16/2015 20:02,45.7501865,-1.0478056,5,03/16/2015 20:02:09
19701,2002-2015,3/16/2015 20:32,45.7501047,-1.0475367,5,03/16/2015 20:32:14
19702,2002-2015,3/16/2015 21:02,45.7501011,-1.0475699,5,03/16/2015 21:02:39
19703,2002-2015,3/16/2015 21:32,45.7501027,-1.047562,5,03/16/2015 21:32:30
19704,2002-2015,3/16/2015 22:02,45.7500906,-1.0476494,5,03/16/2015 22:02:25
19705,2002-2015,3/16/2015 22:32,45.750091,-1.0476688,5,03/16/2015 22:32:30
19706,2002-2015,3/16/2015 23:02,45.7501243,-1.0476644,5,03/16/2015 23:02:39
19707,2002-2015,3/16/2015 23:32,45.7501003,-1.0476874,5,03/16/2015 23:32:56
19708,2002-2015,3/17/2015 0:03,45.7501386,-1.0478286,5,03/17/2015 00:03:19
19709,2002-2015,3/17/2015 0:33,45.7502041,-1.0478264,5,03/17/2015 00:33:38
19710,2002-2015,3/17/2015 15:33,45.7358387,-1.0265546,5,03/17/2015 15:33:30
19711,2002-2015,3/17/2015 16:03,45.7354098,-1.0277059,5,03/17/2015 16:03:20
19712,2002-2015,3/17/2015 16:33,45.735057,-1.0270546,5,03/17/2015 16:33:13
19713,2002-2015,3/17/2015 17:03,45.7347506,-1.0123727,5,03/17/2015 17:03:10
19714,2002-2015,3/17/2015 17:33,45.7337214,-0.9999102,5,03/17/2015 17:33:48
19715,2002-2015,3/17/2015 18:04,45.7337981,-0.9999462,5,03/17/2015 18:04:39
19716,2002-2015,3/17/2015 18:34,45.7338024,-0.9999504,5,03/17/2015 18:34:27
19717,2002-2015,3/17/2015 19:04,45.734162,-1.0007566,5,03/17/2015 19:04:21
19718,2002-2015,3/17/2015 19:34,45.7449378,-1.0510075,5,03/17/2015 19:34:15
19719,2002-2015,3/17/2015 20:04,45.7449858,-1.0510411,5,03/17/2015 20:04:06
19720,2002-2015,3/17/2015 20:33,45.7449636,-1.0510435,5,03/17/2015 20:33:59
19721,2002-2015,3/17/2015 21:04,45.7449706,-1.0510519,5,03/17/2015 21:04:05
19722,2002-2015,3/17/2015 21:35,45.7453598,-1.0265658,5,03/17/2015 21:35:02
19723,2002-2015,3/17/2015 22:05,45.7448803,-1.0500123,5,03/17/2015 22:05:08
19724,2002-2015,3/17/2015 22:35,45.7242556,-1.0176136,5,03/17/2015 22:35:08
19725,2002-2015,3/17/2015 23:05,45.7242771,-1.0176622,5,03/17/2015 23:05:12
19726,2002-2015,3/17/2015 23:35,45.7242122,-1.0175695,5,03/17/2015 23:35:32
19727,2002-2015,3/18/2015 0:05,45.7241268,-1.0175081,5,03/18/2015 00:05:25
19728,2002-2015,3/18/2015 0:35,45.7241431,-1.0174816,5,03/18/2015 00:35:32
19729,2002-2015,3/18/2015 1:05,45.724119,-1.017525,5,03/18/2015 01:05:38
19730,2002-2015,3/18/2015 1:35,45.7241126,-1.0175203,5,03/18/2015 01:35:29
19731,2002-2015,3/18/2015 2:05,45.7241179,-1.0175343,5,03/18/2015 02:05:37
19732,2002-2015,3/18/2015 2:35,45.7241259,-1.0175678,5,03/18/2015 02:35:29
19733,2002-2015,3/18/2015 3:05,45.7242324,-1.0176558,5,03/18/2015 03:05:39
19734,2002-2015,3/18/2015 3:35,45.7242916,-1.0175857,5,03/18/2015 03:35:44
19735,2002-2015,3/18/2015 4:05,45.7241487,-1.0175282,5,03/18/2015 04:05:40
19736,2002-2015,3/18/2015 4:35,45.7241456,-1.0171842,5,03/18/2015 04:35:31
19737,2002-2015,3/18/2015 5:05,45.7370277,-1.013755,5,03/18/2015 05:05:22
19738,2002-2015,3/18/2015 5:35,45.7438249,-1.0045631,5,03/18/2015 05:35:16
19739,2002-2015,3/18/2015 6:05,45.7437622,-1.004251,5,03/18/2015 06:05:32
19740,2002-2015,3/18/2015 6:35,45.7433534,-1.0043471,5,03/18/2015 06:35:46
19741,2002-2015,3/18/2015 7:05,45.7428698,-1.0054122,5,03/18/2015 07:05:39
19742,2002-2015,3/18/2015 7:35,45.7430955,-1.0055846,5,03/18/2015 07:35:56
19743,2002-2015,3/18/2015 8:06,45.7433303,-1.0055511,5,03/18/2015 08:06:19
19744,2002-2015,3/18/2015 8:36,45.7432121,-1.0048245,5,03/18/2015 08:36:39
19745,2002-2015,3/18/2015 9:06,45.7431872,-1.0054142,5,03/18/2015 09:06:57
19746,2002-2015,3/18/2015 9:36,45.7433384,-1.005342,5,03/18/2015 09:36:47
19747,2002-2015,3/18/2015 10:06,45.7431489,-1.0055691,5,03/18/2015 10:06:42
19748,2002-2015,3/18/2015 10:36,45.7431247,-1.0060154,5,03/18/2015 10:36:29
19749,2002-2015,3/18/2015 11:06,45.7437043,-1.0029274,5,03/18/2015 11:06:24
19750,2002-2015,3/18/2015 11:36,45.7438338,-1.0042143,5,03/18/2015 11:36:33
19751,2002-2015,3/18/2015 12:07,45.7438985,-1.0040777,5,03/18/2015 12:07:08
19752,2002-2015,3/18/2015 12:37,45.7439529,-1.0037166,5,03/18/2015 12:37:04
19753,2002-2015,3/18/2015 13:07,45.7440707,-1.0038386,5,03/18/2015 13:07:12
19754,2002-2015,3/18/2015 13:37,45.7437292,-1.0044544,5,03/18/2015 13:37:10
19755,2002-2015,3/18/2015 14:07,45.7438796,-1.0041705,5,03/18/2015 14:07:29
19756,2002-2015,3/18/2015 14:37,45.7441781,-1.0032807,5,03/18/2015 14:37:20
19757,2002-2015,3/18/2015 15:07,45.7433332,-1.0038423,5,03/18/2015 15:07:38
19758,2002-2015,3/18/2015 15:37,45.7433798,-1.003753,5,03/18/2015 15:37:32
19759,2002-2015,3/18/2015 16:07,45.7436022,-1.0040334,5,03/18/2015 16:07:23
19760,2002-2015,3/18/2015 16:37,45.7430645,-1.0054894,5,03/18/2015 16:37:31
19761,2002-2015,3/18/2015 17:07,45.7435793,-1.0041493,5,03/18/2015 17:07:26
19762,2002-2015,3/18/2015 17:37,45.7436073,-1.003978,5,03/18/2015 17:37:38
19763,2002-2015,3/18/2015 18:07,45.7437301,-1.0043033,5,03/18/2015 18:07:42
19764,2002-2015,3/18/2015 18:37,45.7438381,-1.004491,5,03/18/2015 18:37:34
19765,2002-2015,3/18/2015 19:07,45.737781,-1.0274996,5,03/18/2015 19:07:40
19766,2002-2015,3/18/2015 19:37,45.7377869,-1.0275201,5,03/18/2015 19:37:33
19767,2002-2015,3/18/2015 20:07,45.7365207,-1.0255222,5,03/18/2015 20:07:38
19768,2002-2015,3/18/2015 20:37,45.7365026,-1.0254815,5,03/18/2015 20:37:38
19769,2002-2015,3/25/2015 10:44,45.7426541,-1.0051441,5,03/25/2015 10:44:51
19770,2002-2015,3/25/2015 11:15,45.742589,-1.0050237,5,03/25/2015 11:15:03
19771,2002-2015,3/25/2015 11:45,45.7426511,-1.0050949,5,03/25/2015 11:45:26
19772,2002-2015,3/25/2015 12:15,45.7426341,-1.0050029,5,03/25/2015 12:15:25
19773,2002-2015,3/25/2015 12:46,45.7425475,-1.0049359,5,03/25/2015 12:46:00
19774,2002-2015,3/25/2015 13:15,45.7426332,-1.0050787,5,03/25/2015 13:15:54
19775,2002-2015,3/25/2015 13:45,45.7427595,-1.0051091,5,03/25/2015 13:45:48
19776,2002-2015,3/25/2015 14:15,45.7426461,-1.0049793,5,03/25/2015 14:15:41
19777,2002-2015,3/25/2015 14:45,45.74253,-1.0049986,5,03/25/2015 14:45:41
19778,2002-2015,3/25/2015 15:16,45.7425432,-1.0048313,5,03/25/2015 15:16:10
19779,2002-2015,3/25/2015 15:46,45.7425174,-1.0048177,5,03/25/2015 15:46:03
19780,2002-2015,3/25/2015 16:15,45.7426566,-1.0046482,5,03/25/2015 16:15:56
19781,2002-2015,3/25/2015 16:46,45.7426498,-1.0046244,5,03/25/2015 16:46:09
19782,2002-2015,3/25/2015 17:16,45.7426023,-1.0046953,5,03/25/2015 17:16:15
19783,2002-2015,3/25/2015 17:47,45.7424845,-1.0047538,5,03/25/2015 17:47:04
19784,2002-2015,3/25/2015 18:17,45.7424188,-1.0047513,5,03/25/2015 18:17:40
19785,2002-2015,3/25/2015 18:47,45.7424239,-1.0047755,5,03/25/2015 18:47:44
19786,2002-2015,3/25/2015 19:17,45.7815886,-0.9476718,5,03/25/2015 19:17:55
19787,2002-2015,3/25/2015 20:51,46.2870433,-0.2654258,5,03/25/2015 20:51:35
19788,2002-2015,3/25/2015 21:21,46.4643385,-0.0502348,5,03/25/2015 21:21:28
19789,2002-2015,3/25/2015 21:51,46.6308789,0.1495651,5,03/25/2015 21:51:19
19790,2002-2015,3/25/2015 22:21,46.8360337,0.3928078,5,03/25/2015 22:21:49
19791,2002-2015,3/25/2015 22:52,47.0258094,0.607107,5,03/25/2015 22:52:00
19792,2002-2015,3/25/2015 23:22,47.2188575,0.7871001,5,03/25/2015 23:22:11
19793,2002-2015,3/25/2015 23:52,47.4214096,0.9543655,5,03/25/2015 23:52:28
19794,2002-2015,3/26/2015 0:22,47.6328382,1.157261,5,03/26/2015 00:22:58
19795,2002-2015,3/26/2015 0:53,47.8431938,1.3900781,5,03/26/2015 00:53:08
19796,2002-2015,3/26/2015 1:23,48.0591808,1.638342,5,03/26/2015 01:23:01
19797,2002-2015,3/26/2015 1:52,48.3022054,1.9086949,5,03/26/2015 01:52:51
19798,2002-2015,3/26/2015 11:52,50.7983867,3.1739284,5,03/26/2015 11:52:15
19799,2002-2015,3/26/2015 12:22,50.8654714,3.2046386,5,03/26/2015 12:22:18
19800,2002-2015,3/26/2015 12:53,51.0323714,3.1978047,5,03/26/2015 12:53:08
19801,2002-2015,3/26/2015 13:22,51.0323352,3.1976474,5,03/26/2015 13:22:54
19802,2002-2015,3/26/2015 13:53,51.0550448,3.2004619,5,03/26/2015 13:53:06
19803,2002-2015,3/26/2015 14:23,51.0551853,3.2004935,5,03/26/2015 14:23:27
19804,2002-2015,3/26/2015 14:53,51.0546646,3.200366,5,03/26/2015 14:53:37
19805,2002-2015,3/26/2015 15:24,51.0543442,3.2000763,5,03/26/2015 15:24:01
19806,2002-2015,3/26/2015 15:54,51.0544912,3.2004322,5,03/26/2015 15:54:09
19807,2002-2015,3/26/2015 16:24,51.0546592,3.201223,5,03/26/2015 16:24:39
19808,2002-2015,3/26/2015 16:55,51.0552326,3.2004282,5,03/26/2015 16:55:18
19809,2002-2015,3/26/2015 17:26,51.0551909,3.2006073,5,03/26/2015 17:26:09
19810,2002-2015,3/26/2015 17:56,51.0552932,3.2007361,5,03/26/2015 17:56:00
19811,2002-2015,3/26/2015 18:26,51.0552465,3.2006199,5,03/26/2015 18:26:29
19812,2002-2015,3/26/2015 18:57,51.0551762,3.2004675,5,03/26/2015 18:57:49
19813,2002-2015,3/27/2015 9:56,51.8729157,4.9837483,5,03/27/2015 09:56:24
19814,2002-2015,3/27/2015 10:26,51.8729428,4.9840055,5,03/27/2015 10:26:32
19815,2002-2015,3/27/2015 10:56,51.8729429,4.9840313,5,03/27/2015 10:56:38
19816,2002-2015,3/27/2015 11:27,51.8729357,4.9840688,5,03/27/2015 11:27:03
19817,2002-2015,3/27/2015 11:56,51.8729224,4.9840875,5,03/27/2015 11:56:53
19818,2002-2015,3/27/2015 12:26,51.8729101,4.9840238,5,03/27/2015 12:26:45
19819,2002-2015,3/27/2015 12:56,51.8729424,4.9839099,5,03/27/2015 12:56:54
19820,2002-2015,3/27/2015 13:26,51.8729375,4.9834054,5,03/27/2015 13:26:43
19821,2002-2015,3/27/2015 13:57,51.872945,4.983379,5,03/27/2015 13:57:08
19822,2002-2015,3/27/2015 14:27,51.8729423,4.9834767,5,03/27/2015 14:27:06
19823,2002-2015,3/27/2015 14:56,51.8729138,4.9832744,5,03/27/2015 14:56:55
19824,2002-2015,3/27/2015 15:27,51.8729387,4.9831377,5,03/27/2015 15:27:16
19825,2002-2015,3/27/2015 15:57,51.8729241,4.9835682,5,03/27/2015 15:57:38
19826,2002-2015,3/27/2015 16:28,51.8728742,4.9833762,5,03/27/2015 16:28:02
19827,2002-2015,3/27/2015 16:58,51.8694145,4.9798492,5,03/27/2015 16:58:12
19828,2002-2015,3/27/2015 17:28,51.8691361,4.9765687,5,03/27/2015 17:28:38
19829,2002-2015,3/27/2015 17:58,51.8691711,4.9764761,5,03/27/2015 17:58:48
19830,2002-2015,3/27/2015 18:29,51.8692744,4.9785229,5,03/27/2015 18:29:05
19831,2002-2015,3/27/2015 18:58,51.8692747,4.9770405,5,03/27/2015 18:58:58
19832,2002-2015,3/27/2015 19:28,51.8701617,4.9829834,-1,03/27/2015 19:28:55
19833,2002-2015,3/27/2015 19:58,51.9239089,5.0152156,-1,03/27/2015 19:58:46
19834,2002-2015,3/27/2015 20:28,51.9438032,5.0259852,-1,03/27/2015 20:28:57
19835,2002-2015,3/27/2015 20:59,51.9439546,5.0260322,-1,03/27/2015 20:59:26
19836,2002-2015,3/27/2015 21:29,51.9439833,5.0259537,-1,03/27/2015 21:29:23
19837,2002-2015,3/27/2015 21:59,51.9439549,5.026268,-1,03/27/2015 21:59:38
19838,2002-2015,3/27/2015 22:29,51.9436833,5.0265235,-1,03/27/2015 22:29:38
19839,2002-2015,3/27/2015 23:00,51.9435418,5.0270275,-1,03/27/2015 23:00:02
19840,2002-2015,3/27/2015 23:29,52.082304,5.1062256,-1,03/27/2015 23:29:52
19841,2002-2015,3/28/2015 0:00,52.3876322,5.3121597,-1,03/28/2015 00:00:21
19842,2002-2015,3/28/2015 0:30,52.6728155,5.3695332,-1,03/28/2015 00:30:16
19843,2002-2015,3/28/2015 1:00,52.9308428,5.4381206,-1,03/28/2015 01:00:36
19844,2002-2015,3/28/2015 1:30,52.9306802,5.4398203,-1,03/28/2015 01:30:25
19845,2002-2015,3/28/2015 2:00,52.930698,5.4398611,-1,03/28/2015 02:00:16
19846,2002-2015,3/28/2015 2:30,52.930699,5.439814,-1,03/28/2015 02:30:10
19847,2002-2015,3/28/2015 3:00,52.9306498,5.4398166,-1,03/28/2015 03:00:13
19848,2002-2015,3/28/2015 3:30,52.9306975,5.4397889,-1,03/28/2015 03:30:35
19849,2002-2015,3/28/2015 4:00,52.9306696,5.4398206,-1,03/28/2015 04:00:31
19850,2002-2015,3/28/2015 4:30,52.9306342,5.4398373,-1,03/28/2015 04:30:24
19851,2002-2015,3/30/2015 11:55,52.9243697,5.4430205,-1,03/30/2015 11:55:51
19852,2002-2015,3/30/2015 12:25,52.9243435,5.4429762,-1,03/30/2015 12:25:46
19853,2002-2015,3/30/2015 12:56,52.9244109,5.4428552,-1,03/30/2015 12:56:06
19854,2002-2015,3/30/2015 13:26,52.9243228,5.4431484,-1,03/30/2015 13:26:18
19855,2002-2015,3/30/2015 13:56,52.9243038,5.4429689,-1,03/30/2015 13:56:39
19856,2002-2015,3/30/2015 14:26,52.9243056,5.4431308,-1,03/30/2015 14:26:32
19857,2002-2015,3/30/2015 14:56,52.9242971,5.4430135,-1,03/30/2015 14:56:25
19858,2002-2015,3/30/2015 15:28,52.9243693,5.4430324,2,03/30/2015 15:28:26
19859,2002-2015,3/30/2015 15:58,52.9243496,5.4430069,2,03/30/2015 15:58:32
19860,2002-2015,3/30/2015 16:28,52.9242449,5.4426001,2,03/30/2015 16:28:57
19861,2002-2015,3/30/2015 16:58,52.9241928,5.4424705,2,03/30/2015 16:58:47
19862,2002-2015,3/30/2015 17:28,52.9241536,5.4424142,2,03/30/2015 17:28:39
19863,2002-2015,3/30/2015 17:58,52.9240528,5.4420128,2,03/30/2015 17:58:33
19864,2002-2015,3/30/2015 18:28,52.9240413,5.4419885,2,03/30/2015 18:28:40
19865,2002-2015,3/30/2015 18:58,52.9239419,5.4417758,2,03/30/2015 18:58:31
19866,2002-2015,3/30/2015 19:28,52.9309157,5.4382718,2,03/30/2015 19:28:39
19867,2002-2015,3/30/2015 19:58,52.9308601,5.4383083,2,03/30/2015 19:58:50
19868,2002-2015,3/30/2015 20:29,52.9309196,5.4383071,2,03/30/2015 20:29:09
19869,2002-2015,3/30/2015 20:59,52.9309144,5.4383096,2,03/30/2015 20:59:18
19870,2002-2015,3/30/2015 21:29,52.9308867,5.4378252,2,03/30/2015 21:29:40
19871,2002-2015,3/30/2015 22:00,52.9306785,5.4377272,2,03/30/2015 22:00:09
19872,2002-2015,3/30/2015 22:29,52.9305711,5.4377273,2,03/30/2015 22:29:55
19873,2002-2015,3/30/2015 22:59,52.9305919,5.4375535,2,03/30/2015 22:59:50
19874,2002-2015,3/30/2015 23:29,52.9308997,5.4381108,2,03/30/2015 23:29:43
19875,2002-2015,3/30/2015 23:59,52.9308898,5.4381057,2,03/30/2015 23:59:33
19876,2002-2015,3/31/2015 0:29,52.9307916,5.4382587,2,03/31/2015 00:29:58
19877,2002-2015,3/31/2015 1:00,52.9308323,5.4382486,2,03/31/2015 01:00:06
19878,2002-2015,3/31/2015 1:29,52.9308469,5.4382422,2,03/31/2015 01:29:54
19879,2002-2015,3/31/2015 2:00,52.9307894,5.4381026,2,03/31/2015 02:00:21
19880,2002-2015,3/31/2015 2:30,52.9307717,5.4379507,2,03/31/2015 02:30:27
19881,2002-2015,3/31/2015 3:03,52.9307832,5.4379822,2,03/31/2015 03:03:04
19882,2002-2015,3/31/2015 3:32,52.9307764,5.4379325,2,03/31/2015 03:32:55
19883,2002-2015,3/31/2015 4:04,52.930773,5.4380092,2,03/31/2015 04:04:07
19884,2002-2015,3/31/2015 4:34,52.9305473,5.4377864,2,03/31/2015 04:34:45
19885,2002-2015,3/31/2015 5:04,52.9306033,5.4377165,2,03/31/2015 05:04:35
19886,2002-2015,3/31/2015 5:34,52.9306288,5.4375691,2,03/31/2015 05:34:35
19887,2002-2015,3/31/2015 6:07,52.9241311,5.4417614,2,03/31/2015 06:07:39
19888,2002-2015,3/31/2015 13:52,52.9268685,5.4450988,2,03/31/2015 13:52:21
19889,2002-2015,3/31/2015 14:22,52.9268345,5.4447935,2,03/31/2015 14:22:22
19890,2002-2015,3/31/2015 14:52,52.9268644,5.4447965,2,03/31/2015 14:52:14
19891,2002-2015,3/31/2015 15:22,52.9270622,5.4449261,2,03/31/2015 15:22:18
19892,2002-2015,3/31/2015 15:52,52.9268698,5.4448572,2,03/31/2015 15:52:14
19893,2002-2015,3/31/2015 16:22,52.9268611,5.4449656,2,03/31/2015 16:22:39
19894,2002-2015,3/31/2015 16:52,52.9268377,5.4448173,2,03/31/2015 16:52:45
19895,2002-2015,3/31/2015 17:22,52.9268844,5.4447753,2,03/31/2015 17:22:37
19896,2002-2015,3/31/2015 17:52,52.9268717,5.444797,2,03/31/2015 17:52:30
19897,2002-2015,3/31/2015 18:22,52.9267164,5.4445132,2,03/31/2015 18:22:21
19898,2002-2015,3/31/2015 18:52,52.9269044,5.4428856,2,03/31/2015 18:52:13
19899,2002-2015,4/1/2015 9:50,52.9263616,5.4434498,2,04/01/2015 09:50:45
19900,2002-2015,4/1/2015 10:20,52.9262757,5.4434744,2,04/01/2015 10:20:57
19901,2002-2015,4/1/2015 10:50,52.9243698,5.4429615,2,04/01/2015 10:50:44
19902,2002-2015,4/1/2015 11:22,52.9243695,5.4429596,2,04/01/2015 11:22:40
19903,2002-2015,4/1/2015 11:55,52.9240888,5.4427438,2,04/01/2015 11:55:00
19904,2002-2015,4/1/2015 12:24,52.924054,5.4425356,2,04/01/2015 12:24:53
19905,2002-2015,4/1/2015 12:56,52.9240274,5.442545,2,04/01/2015 12:56:09
19906,2002-2015,4/1/2015 13:28,52.9243527,5.4419882,2,04/01/2015 13:28:38
19907,2002-2015,4/1/2015 13:59,52.9243497,5.4419841,2,04/01/2015 13:59:37
19908,2002-2015,4/1/2015 14:30,52.9242607,5.4420208,2,04/01/2015 14:30:08
19909,2002-2015,4/1/2015 15:00,52.9242371,5.4420264,2,04/01/2015 15:00:03
19910,2002-2015,4/1/2015 15:32,52.924673,5.4412338,2,04/01/2015 15:32:05
19911,2002-2015,4/1/2015 16:04,52.9244693,5.4411196,2,04/01/2015 16:04:39
19912,2002-2015,4/1/2015 16:37,52.9243707,5.4417847,2,04/01/2015 16:37:08
19913,2002-2015,4/1/2015 17:08,52.9244852,5.4417354,2,04/01/2015 17:08:21
19914,2002-2015,4/1/2015 17:39,52.9244678,5.4416119,2,04/01/2015 17:39:57
19915,2002-2015,4/1/2015 18:13,52.9268961,5.4451537,2,04/01/2015 18:13:15
19916,2002-2015,4/1/2015 18:43,52.9268677,5.4451225,2,04/01/2015 18:43:26
19917,2002-2015,4/1/2015 19:13,52.9267259,5.4451148,2,04/01/2015 19:13:38
19918,2002-2015,4/1/2015 19:43,52.9265878,5.4451854,2,04/01/2015 19:43:29
19919,2002-2015,4/1/2015 20:13,52.9266036,5.4451965,-1,04/01/2015 20:13:21
19920,2002-2015,4/1/2015 20:43,52.9266531,5.4451429,-1,04/01/2015 20:43:14
19921,2002-2015,4/1/2015 21:13,52.9266556,5.4451605,-1,04/01/2015 21:13:22
19922,2002-2015,4/2/2015 11:43,52.9269598,5.4445857,-1,04/02/2015 11:43:39
19923,2002-2015,4/2/2015 12:13,52.9266429,5.4452739,-1,04/02/2015 12:13:49
19924,2002-2015,4/2/2015 12:43,52.9240505,5.4424228,-1,04/02/2015 12:43:40
19925,2002-2015,4/2/2015 13:13,52.924085,5.4422674,-1,04/02/2015 13:13:30
19926,2002-2015,4/2/2015 13:44,52.9239325,5.4427112,-1,04/02/2015 13:44:39
19927,2002-2015,4/2/2015 14:15,52.9239586,5.4422724,-1,04/02/2015 14:15:40
19928,2002-2015,4/2/2015 14:45,52.9262778,5.4443064,-1,04/02/2015 14:45:29
19929,2002-2015,4/2/2015 15:15,52.9242969,5.4428725,-1,04/02/2015 15:15:28
19930,2002-2015,4/2/2015 15:46,52.9243631,5.4430882,-1,04/02/2015 15:46:38
19931,2002-2015,4/2/2015 16:18,52.9249668,5.4433443,-1,04/02/2015 16:18:47
19932,2002-2015,4/2/2015 16:49,52.9243222,5.4430798,-1,04/02/2015 16:49:27
19933,2002-2015,4/2/2015 17:20,52.923892,5.4430996,-1,04/02/2015 17:20:40
19934,2002-2015,4/2/2015 17:50,52.9242321,5.4429667,-1,04/02/2015 17:50:32
19935,2002-2015,4/2/2015 18:20,52.9242205,5.4428698,-1,04/02/2015 18:20:24
19936,2002-2015,4/2/2015 18:50,52.9242267,5.4428846,-1,04/02/2015 18:50:15
19937,2002-2015,4/2/2015 19:20,52.9239045,5.4423433,-1,04/02/2015 19:20:27
19938,2002-2015,4/2/2015 19:50,52.9240142,5.4425025,-1,04/02/2015 19:50:16
19939,2002-2015,4/2/2015 20:23,52.9241054,5.4421836,-1,04/02/2015 20:23:18
19940,2002-2015,4/2/2015 20:54,52.9240712,5.4422517,-1,04/02/2015 20:54:27
19941,2002-2015,4/2/2015 21:24,52.9240037,5.4422048,-1,04/02/2015 21:24:27
19942,2002-2015,4/2/2015 21:54,52.9240259,5.442252,-1,04/02/2015 21:54:38
19943,2002-2015,4/2/2015 22:25,52.9239933,5.4422275,-1,04/02/2015 22:25:45
19944,2002-2015,4/2/2015 22:55,52.9239384,5.4422336,-1,04/02/2015 22:55:52
19945,2002-2015,4/4/2015 15:01,52.9240568,5.4423866,-1,04/04/2015 15:01:39
19946,2002-2015,4/4/2015 15:31,52.9240645,5.4422586,-1,04/04/2015 15:31:37
19947,2002-2015,4/4/2015 16:01,52.9239884,5.4424186,-1,04/04/2015 16:01:28
19948,2002-2015,4/4/2015 16:31,52.9219053,5.44454,-1,04/04/2015 16:31:41
19949,2002-2015,4/4/2015 17:02,52.9239998,5.4426345,-1,04/04/2015 17:02:31
19950,2002-2015,4/4/2015 17:34,52.9239805,5.4425691,-1,04/04/2015 17:34:15
19951,2002-2015,4/4/2015 18:04,52.9239882,5.4425854,-1,04/04/2015 18:04:10
19952,2002-2015,4/4/2015 18:33,52.9239987,5.4426009,-1,04/04/2015 18:33:56
19953,2002-2015,4/4/2015 19:04,52.9239978,5.4423751,-1,04/04/2015 19:04:07
19954,2002-2015,4/4/2015 19:34,52.9238483,5.4423552,-1,04/04/2015 19:34:14
19955,2002-2015,4/4/2015 20:04,52.9237723,5.4424181,-1,04/04/2015 20:04:56
19956,2002-2015,4/4/2015 20:36,52.9238807,5.4422784,-1,04/04/2015 20:36:36
19957,2002-2015,4/4/2015 21:06,52.9238382,5.4423721,-1,04/04/2015 21:06:47
19958,2002-2015,4/4/2015 21:37,52.9238911,5.4422854,-1,04/04/2015 21:37:04
19959,2002-2015,4/4/2015 22:07,52.9238353,5.442369,-1,04/04/2015 22:07:27
19960,2002-2015,4/5/2015 10:07,52.9236956,5.4422584,-1,04/05/2015 10:07:45
19961,2002-2015,4/5/2015 10:37,52.9239554,5.4422886,-1,04/05/2015 10:37:35
19962,2002-2015,4/5/2015 11:07,52.9239682,5.4422823,-1,04/05/2015 11:07:43
19963,2002-2015,4/5/2015 11:47,52.9238632,5.4422967,-1,04/05/2015 11:47:21
19964,2002-2015,4/5/2015 12:17,52.9239223,5.4423949,-1,04/05/2015 12:17:21
19965,2002-2015,4/5/2015 12:47,52.9240193,5.4422337,-1,04/05/2015 12:47:16
19966,2002-2015,4/5/2015 13:17,52.9241936,5.4425096,-1,04/05/2015 13:17:10
19967,2002-2015,4/5/2015 13:47,52.9238836,5.4427586,-1,04/05/2015 13:47:39
19968,2002-2015,4/5/2015 14:17,52.9239778,5.4424733,-1,04/05/2015 14:17:40
19969,2002-2015,4/5/2015 14:49,52.9240135,5.4424035,-1,04/05/2015 14:49:57
19970,2002-2015,4/5/2015 15:20,52.9239646,5.4422756,-1,04/05/2015 15:20:04
19971,2002-2015,4/5/2015 15:50,52.9240038,5.4423483,-1,04/05/2015 15:50:22
19972,2002-2015,4/5/2015 16:21,52.9308483,5.4395671,-1,04/05/2015 16:21:09
19973,2002-2015,4/5/2015 16:51,52.9308677,5.4395328,-1,04/05/2015 16:51:28
19974,2002-2015,4/5/2015 17:23,52.9237329,5.4423984,-1,04/05/2015 17:23:49
19975,2002-2015,4/5/2015 17:54,52.9237771,5.4423352,-1,04/05/2015 17:54:11
19976,2002-2015,4/5/2015 18:24,52.9237954,5.4422464,-1,04/05/2015 18:24:22
19977,2002-2015,4/5/2015 18:54,52.923675,5.4423756,-1,04/05/2015 18:54:40
19978,2002-2015,4/5/2015 19:24,52.9240171,5.4424113,-1,04/05/2015 19:24:58
19979,2002-2015,4/5/2015 19:54,52.9239933,5.4424334,-1,04/05/2015 19:54:57
19980,2002-2015,4/5/2015 20:25,52.9240159,5.4425258,-1,04/05/2015 20:25:09
19981,2002-2015,4/5/2015 20:54,52.9240234,5.442522,-1,04/05/2015 20:54:57
19982,2002-2015,4/5/2015 21:25,52.9240368,5.4425464,-1,04/05/2015 21:25:09
19983,2002-2015,4/5/2015 21:55,52.9240769,5.4425916,-1,04/05/2015 21:55:27
19984,2002-2015,4/5/2015 22:26,52.9240192,5.442599,-1,04/05/2015 22:26:09
19985,2002-2015,4/5/2015 22:56,52.9240077,5.4425345,-1,04/05/2015 22:56:02
19986,2002-2015,4/5/2015 23:25,52.9239765,5.4425444,-1,04/05/2015 23:25:57
19987,2002-2015,4/5/2015 23:55,52.9239645,5.4425898,-1,04/05/2015 23:55:41
19988,2002-2015,4/6/2015 0:25,52.9240217,5.4426976,-1,04/06/2015 00:25:36
19989,2002-2015,4/6/2015 0:55,52.9240317,5.4425163,-1,04/06/2015 00:55:31
19990,2002-2015,4/6/2015 1:25,52.9240249,5.4425636,-1,04/06/2015 01:25:29
19991,2002-2015,4/6/2015 1:55,52.9239946,5.4427053,-1,04/06/2015 01:55:57
19992,2002-2015,4/6/2015 2:26,52.9240161,5.4425133,-1,04/06/2015 02:26:09
19993,2002-2015,4/6/2015 2:55,52.9240147,5.4425127,-1,04/06/2015 02:55:56
19994,2002-2015,4/6/2015 3:25,52.9240012,5.4425452,-1,04/06/2015 03:25:51
19995,2002-2015,4/6/2015 3:55,52.923949,5.4423391,-1,04/06/2015 03:55:53
19996,2002-2015,4/6/2015 13:27,52.9206304,5.4454154,-1,04/06/2015 13:27:21
19997,2002-2015,4/6/2015 13:57,52.9238922,5.4426014,-1,04/06/2015 13:57:13
19998,2002-2015,4/6/2015 14:27,52.9239139,5.4425675,-1,04/06/2015 14:27:05
19999,2002-2015,4/6/2015 14:57,52.92395,5.442554,-1,04/06/2015 14:57:37
20000,2002-2015,4/6/2015 15:27,52.9239758,5.4426325,-1,04/06/2015 15:27:37
20001,2002-2015,4/6/2015 15:57,52.9240126,5.4427,-1,04/06/2015 15:57:29
20002,2002-2015,4/6/2015 16:27,52.9243405,5.443187,1,04/06/2015 16:27:39
20003,2002-2015,4/6/2015 16:57,52.9242772,5.4429738,1,04/06/2015 16:57:31
20004,2002-2015,4/6/2015 17:28,52.9240633,5.4433142,1,04/06/2015 17:28:09
20005,2002-2015,4/6/2015 17:58,52.9243254,5.4437665,1,04/06/2015 17:58:05
20006,2002-2015,4/6/2015 18:27,52.9236006,5.4420153,1,04/06/2015 18:27:55
20007,2002-2015,4/6/2015 18:57,52.9235691,5.442018,1,04/06/2015 18:57:54
20008,2002-2015,4/6/2015 19:27,52.9238313,5.4423131,1,04/06/2015 19:27:53
20009,2002-2015,4/6/2015 19:58,52.9240214,5.4425889,1,04/06/2015 19:58:33
20010,2002-2015,4/6/2015 20:28,52.9240095,5.4425664,1,04/06/2015 20:28:24
20011,2002-2015,4/6/2015 20:58,52.9240034,5.4425894,1,04/06/2015 20:58:17
20012,2002-2015,4/6/2015 21:28,52.9240179,5.4425626,1,04/06/2015 21:28:39
20013,2002-2015,4/6/2015 21:58,52.9247502,5.4421016,1,04/06/2015 21:58:31
20014,2002-2015,4/6/2015 22:28,52.9247759,5.4421847,1,04/06/2015 22:28:49
20015,2002-2015,4/6/2015 22:58,52.9246611,5.4418095,1,04/06/2015 22:58:44
20016,2002-2015,4/6/2015 23:28,52.924579,5.4418939,1,04/06/2015 23:28:53
20017,2002-2015,4/6/2015 23:58,52.9246757,5.4417409,1,04/06/2015 23:58:45
20018,2002-2015,4/7/2015 0:29,52.9246618,5.4420831,-1,04/07/2015 00:29:08
20019,2002-2015,4/7/2015 0:59,52.9241476,5.4423255,-1,04/07/2015 00:59:00
20020,2002-2015,4/7/2015 1:28,52.9241442,5.4423548,-1,04/07/2015 01:28:52
20021,2002-2015,4/7/2015 1:58,52.9240488,5.4421414,-1,04/07/2015 01:58:46
20022,2002-2015,4/7/2015 2:28,52.9240378,5.4421931,-1,04/07/2015 02:28:40
20023,2002-2015,4/7/2015 2:58,52.9240194,5.441859,-1,04/07/2015 02:58:43
20024,2002-2015,4/7/2015 3:28,52.9240129,5.442029,-1,04/07/2015 03:28:44
20025,2002-2015,4/7/2015 3:59,52.9240491,5.4425348,-1,04/07/2015 03:59:00
20026,2002-2015,4/7/2015 4:29,52.9240144,5.4425126,-1,04/07/2015 04:29:08
20027,2002-2015,4/7/2015 4:59,52.9240138,5.4424976,-1,04/07/2015 04:59:01
20028,2002-2015,4/7/2015 5:28,52.9240196,5.4424676,-1,04/07/2015 05:28:51
20029,2002-2015,4/7/2015 5:58,52.9242646,5.4426169,-1,04/07/2015 05:58:58
20030,2002-2015,4/7/2015 6:28,52.9242921,5.44295,-1,04/07/2015 06:28:52
20031,2002-2015,4/7/2015 6:58,52.9252011,5.4431905,-1,04/07/2015 06:58:55
20032,2002-2015,4/7/2015 7:29,52.925197,5.4431302,-1,04/07/2015 07:29:04
20033,2002-2015,4/7/2015 7:58,52.9200963,5.4443951,1,04/07/2015 07:58:57
20034,2002-2015,4/7/2015 8:29,52.9200533,5.4444867,1,04/07/2015 08:29:04
20035,2002-2015,4/7/2015 8:58,52.9200619,5.4445083,1,04/07/2015 08:58:56
20036,2002-2015,4/7/2015 9:28,52.9201613,5.4443715,1,04/07/2015 09:28:49
20037,2002-2015,4/7/2015 9:58,52.9202656,5.4443469,1,04/07/2015 09:58:44
20038,2002-2015,4/7/2015 10:29,52.9196199,5.4439066,1,04/07/2015 10:29:08
20039,2002-2015,4/7/2015 10:59,52.9196078,5.4439169,1,04/07/2015 10:59:13
20040,2002-2015,4/7/2015 11:29,52.9196064,5.4438984,1,04/07/2015 11:29:06
20041,2002-2015,4/7/2015 11:59,52.9196227,5.4438839,1,04/07/2015 11:59:29
20042,2002-2015,4/7/2015 12:29,52.9200391,5.444667,1,04/07/2015 12:29:22
20043,2002-2015,4/7/2015 12:59,52.9205659,5.4442665,1,04/07/2015 12:59:12
20044,2002-2015,4/7/2015 13:29,52.9206888,5.4443944,1,04/07/2015 13:29:48
20045,2002-2015,4/7/2015 13:59,52.9201527,5.4443942,1,04/07/2015 13:59:46
20046,2002-2015,4/7/2015 14:29,52.920044,5.4440475,1,04/07/2015 14:29:34
20047,2002-2015,4/7/2015 15:00,52.9195798,5.4438783,1,04/07/2015 15:00:02
20048,2002-2015,4/7/2015 15:29,52.9202731,5.4445209,1,04/07/2015 15:29:54
20049,2002-2015,4/7/2015 16:00,52.9203732,5.4440073,1,04/07/2015 16:00:32
20050,2002-2015,4/7/2015 16:30,52.9200918,5.4440588,1,04/07/2015 16:30:35
20051,2002-2015,4/7/2015 17:00,52.9198245,5.4431942,1,04/07/2015 17:00:39
20052,2002-2015,4/7/2015 17:30,52.9238019,5.4422567,1,04/07/2015 17:30:52
20053,2002-2015,4/7/2015 18:01,52.9237781,5.4427601,1,04/07/2015 18:01:09
20054,2002-2015,4/7/2015 18:31,52.9238214,5.4427866,1,04/07/2015 18:31:26
