"","ID","date_time","latitude","longitude","b","t"
"1","123424-2016",2016-05-10 06:07:44,52.92,5.443,-1,"2016-05-10 06:07:44"
"2","123424-2016",2016-05-10 06:44:31,52.921,5.444,-1,"2016-05-10 06:44:31"
"3","123424-2016",2016-05-10 08:01:11,52.923,5.44,-1,"2016-05-10 08:01:11"
"4","123424-2016",2016-05-10 09:41:40,52.92,5.44,-1,"2016-05-10 09:41:40"
"5","123424-2016",2016-05-10 11:21:09,52.921,5.439,-1,"2016-05-10 11:21:09"
"6","123424-2016",2016-05-10 13:04:11,52.923,5.446,-1,"2016-05-10 13:04:11"
"7","123424-2016",2016-05-11 14:32:47,52.922,5.448,-1,"2016-05-11 14:32:47"
"8","123424-2016",2016-05-11 15:45:20,52.924,5.443,-1,"2016-05-11 15:45:20"
"9","123424-2016",2016-05-11 16:03:03,52.893,5.38,-1,"2016-05-11 16:03:03"
"10","123424-2016",2016-05-11 17:15:41,52.925,5.402,-1,"2016-05-11 17:15:41"
"11","123424-2016",2016-05-11 17:25:42,52.92,5.448,-1,"2016-05-11 17:25:42"
"12","123424-2016",2016-05-11 17:44:24,52.918,5.439,-1,"2016-05-11 17:44:24"
"13","123424-2016",2016-05-11 18:53:23,52.921,5.439,-1,"2016-05-11 18:53:23"
"14","123424-2016",2016-05-11 19:08:58,52.917,5.441,-1,"2016-05-11 19:08:58"
"15","123424-2016",2016-05-11 20:01:16,52.92,5.443,-1,"2016-05-11 20:01:16"
"16","123424-2016",2016-05-11 20:48:37,52.929,5.444,-1,"2016-05-11 20:48:37"
"17","123424-2016",2016-05-12 22:07:22,52.95,5.397,-1,"2016-05-12 22:07:22"
"18","123424-2016",2016-05-13 02:35:42,52.927,5.467,-1,"2016-05-13 02:35:42"
"19","123424-2016",2016-05-13 03:48:36,52.918,5.464,-1,"2016-05-13 03:48:36"
"20","123424-2016",2016-05-13 03:53:59,52.918,5.464,-1,"2016-05-13 03:53:59"
"21","123424-2016",2016-05-13 04:06:02,52.922,5.446,-1,"2016-05-13 04:06:02"
"22","123424-2016",2016-05-13 04:17:03,52.915,5.424,-1,"2016-05-13 04:17:03"
"23","123424-2016",2016-05-14 04:06:06,52.884,5.496,-1,"2016-05-14 04:06:06"
"24","123424-2016",2016-05-14 05:04:32,52.92,5.431,-1,"2016-05-14 05:04:32"
"25","123424-2016",2016-05-14 05:11:12,52.921,5.449,-1,"2016-05-14 05:11:12"
"26","123424-2016",2016-05-14 05:21:42,52.921,5.442,-1,"2016-05-14 05:21:42"
"27","123424-2016",2016-05-14 06:44:35,52.92,5.444,-1,"2016-05-14 06:44:35"
"28","123424-2016",2016-05-14 06:52:26,52.917,5.436,-1,"2016-05-14 06:52:26"
"29","123424-2016",2016-05-14 07:01:33,52.918,5.436,-1,"2016-05-14 07:01:33"
"30","123424-2016",2016-05-14 08:18:47,52.93,5.436,-1,"2016-05-14 08:18:47"
"31","123424-2016",2016-05-14 08:22:34,52.93,5.436,-1,"2016-05-14 08:22:34"
"32","123424-2016",2016-05-14 09:06:46,52.923,5.431,-1,"2016-05-14 09:06:46"
"33","123424-2016",2016-05-14 09:58:15,52.92,5.448,-1,"2016-05-14 09:58:15"
"34","123424-2016",2016-05-14 11:41:09,52.918,5.432,-1,"2016-05-14 11:41:09"
"35","123424-2016",2016-05-15 11:18:41,52.92,5.434,-1,"2016-05-15 11:18:41"
"36","123424-2016",2016-05-15 12:05:36,52.919,5.438,-1,"2016-05-15 12:05:36"
"37","123424-2016",2016-05-15 13:44:53,52.919,5.441,-1,"2016-05-15 13:44:53"
"38","123424-2016",2016-05-15 15:00:48,52.918,5.432,-1,"2016-05-15 15:00:48"
"39","123424-2016",2016-05-15 15:27:04,52.927,5.441,-1,"2016-05-15 15:27:04"
"40","123424-2016",2016-05-15 16:05:47,52.918,5.44,-1,"2016-05-15 16:05:47"
"41","123424-2016",2016-05-15 16:40:31,52.915,5.414,-1,"2016-05-15 16:40:31"
"42","123424-2016",2016-05-15 16:48:10,52.916,5.436,-1,"2016-05-15 16:48:10"
"43","123424-2016",2016-05-15 17:45:02,52.922,5.452,-1,"2016-05-15 17:45:02"
"44","123424-2016",2016-05-15 17:47:58,52.921,5.452,-1,"2016-05-15 17:47:58"
"45","123424-2016",2016-05-15 18:23:17,52.923,5.447,-1,"2016-05-15 18:23:17"
"46","123424-2016",2016-05-15 18:25:48,52.917,5.444,-1,"2016-05-15 18:25:48"
"47","123424-2016",2016-05-16 19:07:02,52.935,5.453,-1,"2016-05-16 19:07:02"
"48","123424-2016",2016-05-16 19:36:43,52.926,5.439,-1,"2016-05-16 19:36:43"
"49","123424-2016",2016-05-16 19:56:31,52.931,5.441,-1,"2016-05-16 19:56:31"
"50","123424-2016",2016-05-16 20:46:13,52.933,5.445,-1,"2016-05-16 20:46:13"
"51","123424-2016",2016-05-16 21:34:23,52.932,5.447,-1,"2016-05-16 21:34:23"
"52","123424-2016",2016-05-16 22:29:14,52.935,5.456,-1,"2016-05-16 22:29:14"
"53","123424-2016",2016-05-17 01:51:12,52.93,5.44,-1,"2016-05-17 01:51:12"
"54","123424-2016",2016-05-18 03:22:57,52.927,5.446,-1,"2016-05-18 03:22:57"
"55","123424-2016",2016-05-18 04:36:18,52.925,5.445,-1,"2016-05-18 04:36:18"
"56","123424-2016",2016-05-18 04:48:44,52.92,5.442,-1,"2016-05-18 04:48:44"
"57","123424-2016",2016-05-18 04:58:48,52.941,5.44,-1,"2016-05-18 04:58:48"
"58","123424-2016",2016-05-18 05:05:52,52.917,5.439,-1,"2016-05-18 05:05:52"
"59","123424-2016",2016-05-18 06:15:03,52.93,5.446,-1,"2016-05-18 06:15:03"
"60","123424-2016",2016-05-18 06:29:43,52.919,5.44,-1,"2016-05-18 06:29:43"
"61","123424-2016",2016-05-18 06:44:26,52.919,5.442,-1,"2016-05-18 06:44:26"
"62","123424-2016",2016-05-18 07:57:37,52.921,5.436,-1,"2016-05-18 07:57:37"
"63","123424-2016",2016-05-18 08:23:12,52.93,5.45,-1,"2016-05-18 08:23:12"
"64","123424-2016",2016-05-18 08:34:48,53.031,5.49,-1,"2016-05-18 08:34:48"
"65","123424-2016",2016-05-18 09:27:49,53.012,5.481,-1,"2016-05-18 09:27:49"
"66","123424-2016",2016-05-18 09:31:06,53.059,5.939,-1,"2016-05-18 09:31:06"
"67","123424-2016",2016-05-19 09:56:08,52.878,5.692,-1,"2016-05-19 09:56:08"
"68","123424-2016",2016-05-19 11:19:27,52.896,5.676,-1,"2016-05-19 11:19:27"
"69","123424-2016",2016-05-19 11:36:23,52.913,5.439,-1,"2016-05-19 11:36:23"
"70","123424-2016",2016-05-19 12:57:23,52.923,5.444,-1,"2016-05-19 12:57:23"
"71","123424-2016",2016-05-19 14:41:06,52.919,5.44,-1,"2016-05-19 14:41:06"
"72","123424-2016",2016-05-19 15:56:59,52.92,5.442,-1,"2016-05-19 15:56:59"
"73","123424-2016",2016-05-19 16:05:32,52.919,5.44,-1,"2016-05-19 16:05:32"
"74","123424-2016",2016-05-20 17:22:17,52.878,5.388,-1,"2016-05-20 17:22:17"
"75","123424-2016",2016-05-20 17:22:46,52.878,5.388,-1,"2016-05-20 17:22:46"
"76","123424-2016",2016-05-20 17:30:08,52.878,5.387,-1,"2016-05-20 17:30:08"
"77","123424-2016",2016-05-20 19:10:27,52.879,5.388,-1,"2016-05-20 19:10:27"
"78","123424-2016",2016-05-20 19:23:10,52.879,5.389,-1,"2016-05-20 19:23:10"
"79","123424-2016",2016-05-20 20:16:08,52.876,5.379,-1,"2016-05-20 20:16:08"
"80","123424-2016",2016-05-20 20:49:37,52.881,5.418,-1,"2016-05-20 20:49:37"
"81","123424-2016",2016-05-20 21:03:04,52.916,5.402,-1,"2016-05-20 21:03:04"
"82","123424-2016",2016-05-20 22:44:58,52.923,5.402,-1,"2016-05-20 22:44:58"
"83","123424-2016",2016-05-22 02:33:36,52.975,5.416,-1,"2016-05-22 02:33:36"
"84","123424-2016",2016-05-22 04:15:32,52.985,5.428,-1,"2016-05-22 04:15:32"
"85","123424-2016",2016-05-22 04:21:54,52.985,5.427,-1,"2016-05-22 04:21:54"
"86","123424-2016",2016-05-22 05:04:27,52.984,5.43,-1,"2016-05-22 05:04:27"
"87","123424-2016",2016-05-22 05:28:01,52.99,5.424,-1,"2016-05-22 05:28:01"
"88","123424-2016",2016-05-22 06:03:21,52.994,5.423,-1,"2016-05-22 06:03:21"
"89","123424-2016",2016-05-22 06:42:59,52.92,5.44,-1,"2016-05-22 06:42:59"
"90","123424-2016",2016-05-22 07:10:08,52.919,5.44,-1,"2016-05-22 07:10:08"
"91","123424-2016",2016-05-23 07:57:34,52.927,5.442,-1,"2016-05-23 07:57:34"
"92","123424-2016",2016-05-23 08:34:38,52.916,5.449,-1,"2016-05-23 08:34:38"
"93","123424-2016",2016-05-23 08:38:44,52.922,5.446,-1,"2016-05-23 08:38:44"
"94","123424-2016",2016-05-23 09:21:31,52.916,5.457,-1,"2016-05-23 09:21:31"
"95","123424-2016",2016-05-23 10:12:59,52.925,5.426,-1,"2016-05-23 10:12:59"
"96","123424-2016",2016-05-23 11:05:53,52.923,5.438,-1,"2016-05-23 11:05:53"
"97","123424-2016",2016-05-23 11:53:41,52.895,5.449,-1,"2016-05-23 11:53:41"
"98","123424-2016",2016-05-23 12:14:01,52.92,5.448,-1,"2016-05-23 12:14:01"
"99","123424-2016",2016-05-23 13:54:29,52.921,5.439,-1,"2016-05-23 13:54:29"
"100","123424-2016",2016-05-23 15:12:10,52.919,5.434,-1,"2016-05-23 15:12:10"
"101","123424-2016",2016-05-24 15:25:57,52.92,5.434,-1,"2016-05-24 15:25:57"
"102","123424-2016",2016-05-24 15:41:38,52.921,5.435,-1,"2016-05-24 15:41:38"
"103","123424-2016",2016-05-24 16:38:35,52.915,5.41,-1,"2016-05-24 16:38:35"
"104","123424-2016",2016-05-24 17:04:15,52.916,5.444,-1,"2016-05-24 17:04:15"
"105","123424-2016",2016-05-24 17:19:29,52.917,5.442,-1,"2016-05-24 17:19:29"
"106","123424-2016",2016-05-24 18:18:47,52.927,5.457,-1,"2016-05-24 18:18:47"
"107","123424-2016",2016-05-24 18:44:05,52.918,5.448,-1,"2016-05-24 18:44:05"
"108","123424-2016",2016-05-24 18:51:12,52.92,5.446,-1,"2016-05-24 18:51:12"
"109","123424-2016",2016-05-24 19:40:20,52.944,5.426,-1,"2016-05-24 19:40:20"
"110","123424-2016",2016-05-24 20:32:28,52.93,5.438,-1,"2016-05-24 20:32:28"
"111","123424-2016",2016-05-24 21:20:00,52.928,5.423,-1,"2016-05-24 21:20:00"
"112","123424-2016",2016-05-26 03:28:49,52.98,5.449,-1,"2016-05-26 03:28:49"
"113","123424-2016",2016-05-26 03:56:54,52.947,5.422,-1,"2016-05-26 03:56:54"
"114","123424-2016",2016-05-26 04:45:40,52.932,5.418,-1,"2016-05-26 04:45:40"
"115","123424-2016",2016-05-26 05:03:43,52.917,5.442,-1,"2016-05-26 05:03:43"
"116","123424-2016",2016-05-26 05:07:42,52.919,5.445,-1,"2016-05-26 05:07:42"
"117","123424-2016",2016-05-26 05:35:25,52.919,5.448,-1,"2016-05-26 05:35:25"
"118","123424-2016",2016-05-26 06:20:58,52.919,5.442,-1,"2016-05-26 06:20:58"
"119","123424-2016",2016-05-26 06:44:54,52.919,5.441,-1,"2016-05-26 06:44:54"
"120","123424-2016",2016-05-27 06:44:24,52.873,5.385,-1,"2016-05-27 06:44:24"
"121","123424-2016",2016-05-27 07:50:36,52.879,5.36,-1,"2016-05-27 07:50:36"
"122","123424-2016",2016-05-27 07:55:31,52.875,5.383,-1,"2016-05-27 07:55:31"
"123","123424-2016",2016-05-27 08:50:39,52.881,5.416,-1,"2016-05-27 08:50:39"
"124","123424-2016",2016-05-27 09:44:22,52.866,5.409,-1,"2016-05-27 09:44:22"
"125","123424-2016",2016-05-27 10:31:32,52.871,5.39,-1,"2016-05-27 10:31:32"
"126","123424-2016",2016-05-27 12:11:01,52.863,5.39,-1,"2016-05-27 12:11:01"
"127","123424-2016",2016-05-27 13:09:55,52.877,5.403,-1,"2016-05-27 13:09:55"
"128","123424-2016",2016-05-28 14:39:30,52.873,5.389,-1,"2016-05-28 14:39:30"
"129","123424-2016",2016-05-28 15:41:24,52.872,5.396,-1,"2016-05-28 15:41:24"
"130","123424-2016",2016-05-28 15:49:18,52.873,5.385,-1,"2016-05-28 15:49:18"
"131","123424-2016",2016-05-28 17:20:58,52.872,5.391,-1,"2016-05-28 17:20:58"
"132","123424-2016",2016-05-28 17:33:20,52.872,5.391,-1,"2016-05-28 17:33:20"
"133","123424-2016",2016-05-28 18:19:35,52.872,5.39,-1,"2016-05-28 18:19:35"
"134","123424-2016",2016-05-28 19:01:29,52.871,5.395,-1,"2016-05-28 19:01:29"
"135","123424-2016",2016-05-28 19:11:21,52.871,5.395,-1,"2016-05-28 19:11:21"
"136","123424-2016",2016-05-28 19:14:17,52.87,5.395,-1,"2016-05-28 19:14:17"
"137","123424-2016",2016-05-28 19:56:43,52.873,5.388,-1,"2016-05-28 19:56:43"
"138","123424-2016",2016-05-28 19:56:46,52.873,5.388,-1,"2016-05-28 19:56:46"
"139","123424-2016",2016-05-28 20:47:41,52.881,5.386,-1,"2016-05-28 20:47:41"
"140","123424-2016",2016-05-28 21:34:11,52.879,5.38,-1,"2016-05-28 21:34:11"
"141","123424-2016",2016-05-30 02:43:32,52.88,5.376,-1,"2016-05-30 02:43:32"
"142","123424-2016",2016-05-30 03:28:59,52.875,5.382,-1,"2016-05-30 03:28:59"
"143","123424-2016",2016-05-30 04:26:38,52.874,5.408,-1,"2016-05-30 04:26:38"
"144","123424-2016",2016-05-30 05:05:36,52.875,5.387,-1,"2016-05-30 05:05:36"
"145","123424-2016",2016-05-30 05:10:35,52.875,5.384,-1,"2016-05-30 05:10:35"
"146","123424-2016",2016-05-31 05:25:53,52.855,5.354,-1,"2016-05-31 05:25:53"
"147","123424-2016",2016-05-31 06:19:44,52.87,5.383,-1,"2016-05-31 06:19:44"
"148","123424-2016",2016-05-31 06:20:32,52.869,5.384,-1,"2016-05-31 06:20:32"
"149","123424-2016",2016-05-31 07:05:26,52.874,5.389,-1,"2016-05-31 07:05:26"
"150","123424-2016",2016-05-31 08:01:03,52.874,5.393,-1,"2016-05-31 08:01:03"
"151","123424-2016",2016-05-31 09:07:21,52.876,5.381,-1,"2016-05-31 09:07:21"
"152","123424-2016",2016-05-31 09:58:43,52.868,5.375,-1,"2016-05-31 09:58:43"
"153","123424-2016",2016-05-31 10:49:22,52.873,5.386,-1,"2016-05-31 10:49:22"
"154","123424-2016",2016-05-31 12:22:34,52.871,5.387,-1,"2016-05-31 12:22:34"
"155","123424-2016",2016-05-31 12:27:24,52.874,5.376,-1,"2016-05-31 12:27:24"
"156","123424-2016",2016-06-01 13:57:19,52.873,5.397,-1,"2016-06-01 13:57:19"
"157","123424-2016",2016-06-01 15:07:05,52.875,5.398,-1,"2016-06-01 15:07:05"
"158","123424-2016",2016-06-01 15:37:20,52.87,5.392,-1,"2016-06-01 15:37:20"
"159","123424-2016",2016-06-01 15:42:12,52.874,5.389,-1,"2016-06-01 15:42:12"
"160","123424-2016",2016-06-01 16:47:14,52.872,5.38,-1,"2016-06-01 16:47:14"
"161","123424-2016",2016-06-01 17:19:34,52.872,5.383,-1,"2016-06-01 17:19:34"
"162","123424-2016",2016-06-01 17:52:11,52.871,5.382,-1,"2016-06-01 17:52:11"
"163","123424-2016",2016-06-01 18:29:38,52.911,5.398,-1,"2016-06-01 18:29:38"
"164","123424-2016",2016-06-01 18:34:42,52.871,5.408,-1,"2016-06-01 18:34:42"
"165","123424-2016",2016-06-01 19:23:48,52.886,5.404,-1,"2016-06-01 19:23:48"
"166","123424-2016",2016-06-01 19:32:35,52.878,5.387,-1,"2016-06-01 19:32:35"
"167","123424-2016",2016-06-01 20:14:03,52.877,5.407,-1,"2016-06-01 20:14:03"
"168","123424-2016",2016-06-02 19:48:42,52.871,5.373,-1,"2016-06-02 19:48:42"
"169","123424-2016",2016-06-02 20:43:56,52.887,5.42,-1,"2016-06-02 20:43:56"
"170","123424-2016",2016-06-02 21:34:59,52.881,5.379,-1,"2016-06-02 21:34:59"
"171","123424-2016",2016-06-03 01:59:22,52.889,5.386,-1,"2016-06-03 01:59:22"
"172","123424-2016",2016-06-03 03:07:34,52.883,5.396,-1,"2016-06-03 03:07:34"
"173","123424-2016",2016-06-04 03:26:09,52.884,5.383,-1,"2016-06-04 03:26:09"
"174","123424-2016",2016-06-04 04:11:25,52.897,5.418,-1,"2016-06-04 04:11:25"
"175","123424-2016",2016-06-04 04:39:34,52.92,5.425,-1,"2016-06-04 04:39:34"
"176","123424-2016",2016-06-04 05:07:24,52.992,5.42,-1,"2016-06-04 05:07:24"
"177","123424-2016",2016-06-04 05:53:34,53.001,5.417,-1,"2016-06-04 05:53:34"
"178","123424-2016",2016-06-04 06:18:08,53.004,5.401,-1,"2016-06-04 06:18:08"
"179","123424-2016",2016-06-04 06:20:39,53,5.416,-1,"2016-06-04 06:20:39"
"180","123424-2016",2016-06-04 08:02:06,53.008,5.403,-1,"2016-06-04 08:02:06"
"181","123424-2016",2016-06-04 09:24:50,52.996,5.418,-1,"2016-06-04 09:24:50"
"182","123424-2016",2016-06-04 10:16:16,53,5.412,-1,"2016-06-04 10:16:16"
"183","123424-2016",2016-06-04 11:05:17,53.002,5.414,-1,"2016-06-04 11:05:17"
"184","123424-2016",2016-06-05 12:25:24,53.151,5.417,-1,"2016-06-05 12:25:24"
"185","123424-2016",2016-06-05 13:09:34,52.993,5.384,-1,"2016-06-05 13:09:34"
"186","123424-2016",2016-06-05 14:50:41,53.001,5.439,-1,"2016-06-05 14:50:41"
"187","123424-2016",2016-06-05 15:40:30,52.999,5.41,-1,"2016-06-05 15:40:30"
"188","123424-2016",2016-06-05 15:57:34,52.994,5.41,-1,"2016-06-05 15:57:34"
"189","123424-2016",2016-06-05 16:33:54,52.97,5.414,-1,"2016-06-05 16:33:54"
"190","123424-2016",2016-06-05 17:23:58,52.81,5.13,-1,"2016-06-05 17:23:58"
"191","123424-2016",2016-06-05 17:26:42,52.787,5.12,-1,"2016-06-05 17:26:42"
"192","123424-2016",2016-06-05 17:41:57,52.639,5.158,-1,"2016-06-05 17:41:57"
"193","123424-2016",2016-06-06 18:37:41,41.502,-3.253,-1,"2016-06-06 18:37:41"
"194","123424-2016",2016-06-06 18:39:15,41.543,-3.371,-1,"2016-06-06 18:39:15"
"195","123424-2016",2016-06-06 19:11:14,41.486,-3.601,-1,"2016-06-06 19:11:14"
"196","123424-2016",2016-06-06 20:02:38,41.137,-3.734,-1,"2016-06-06 20:02:38"
"197","123424-2016",2016-06-06 20:15:57,41.009,-4.197,-1,"2016-06-06 20:15:57"
"198","123424-2016",2016-06-06 20:59:34,40.72,-4.447,-1,"2016-06-06 20:59:34"
"199","123424-2016",2016-06-06 21:47:40,40.166,-5.066,-1,"2016-06-06 21:47:40"
"200","123424-2016",2016-06-06 23:27:49,39.504,-5.465,-1,"2016-06-06 23:27:49"
"201","123424-2016",2016-06-07 01:18:36,38.883,-5.586,-1,"2016-06-07 01:18:36"
"202","123424-2016",2016-06-08 02:49:28,36.944,-6.233,-1,"2016-06-08 02:49:28"
"203","123424-2016",2016-06-08 04:28:45,36.943,-6.228,-1,"2016-06-08 04:28:45"
"204","123424-2016",2016-06-08 05:24:48,36.943,-6.23,-1,"2016-06-08 05:24:48"
"205","123424-2016",2016-06-08 06:24:36,36.941,-6.228,-1,"2016-06-08 06:24:36"
"206","123424-2016",2016-06-08 07:03:55,36.948,-6.222,-1,"2016-06-08 07:03:55"
"207","123424-2016",2016-06-08 07:19:01,36.947,-6.22,-1,"2016-06-08 07:19:01"
"208","123424-2016",2016-06-08 08:03:59,36.95,-6.225,-1,"2016-06-08 08:03:59"
"209","123424-2016",2016-06-08 09:44:26,36.975,-6.255,-1,"2016-06-08 09:44:26"
"210","123424-2016",2016-06-09 10:17:46,36.946,-6.235,-1,"2016-06-09 10:17:46"
"211","123424-2016",2016-06-09 11:03:58,36.937,-6.233,-1,"2016-06-09 11:03:58"
"212","123424-2016",2016-06-09 14:01:18,36.937,-6.233,-1,"2016-06-09 14:01:18"
"213","123424-2016",2016-06-09 15:45:05,36.955,-6.212,-1,"2016-06-09 15:45:05"
"214","123424-2016",2016-06-09 16:50:25,36.958,-6.215,-1,"2016-06-09 16:50:25"
"215","123424-2016",2016-06-09 17:20:20,36.948,-6.226,-1,"2016-06-09 17:20:20"
"216","123424-2016",2016-06-10 18:15:12,36.945,-6.232,-1,"2016-06-10 18:15:12"
"217","123424-2016",2016-06-10 18:24:23,36.948,-6.223,-1,"2016-06-10 18:24:23"
"218","123424-2016",2016-06-10 18:35:49,36.952,-6.224,-1,"2016-06-10 18:35:49"
"219","123424-2016",2016-06-10 19:52:13,36.97,-6.232,-1,"2016-06-10 19:52:13"
"220","123424-2016",2016-06-10 20:24:02,36.947,-6.3,-1,"2016-06-10 20:24:02"
"221","123424-2016",2016-06-10 21:13:00,36.941,-6.236,-1,"2016-06-10 21:13:00"
"222","123424-2016",2016-06-10 22:03:38,36.942,-6.228,-1,"2016-06-10 22:03:38"
"223","123424-2016",2016-06-12 03:42:44,36.941,-6.228,-1,"2016-06-12 03:42:44"
"224","123424-2016",2016-06-12 04:55:18,36.939,-6.227,-1,"2016-06-12 04:55:18"
"225","123424-2016",2016-06-12 06:25:04,36.947,-6.229,-1,"2016-06-12 06:25:04"
"226","123424-2016",2016-06-12 06:33:10,36.947,-6.225,-1,"2016-06-12 06:33:10"
"227","123424-2016",2016-06-12 06:39:15,36.947,-6.22,-1,"2016-06-12 06:39:15"
"228","123424-2016",2016-06-12 08:02:26,36.944,-6.221,-1,"2016-06-12 08:02:26"
"229","123424-2016",2016-06-12 08:12:27,36.946,-6.207,-1,"2016-06-12 08:12:27"
"230","123424-2016",2016-06-13 09:40:05,36.943,-6.223,-1,"2016-06-13 09:40:05"
"231","123424-2016",2016-06-13 10:33:10,36.947,-6.223,-1,"2016-06-13 10:33:10"
"232","123424-2016",2016-06-13 11:22:18,36.944,-6.219,-1,"2016-06-13 11:22:18"
"233","123424-2016",2016-06-13 14:57:56,36.945,-6.234,-1,"2016-06-13 14:57:56"
"234","123424-2016",2016-06-14 16:45:30,23.01,-9.062,-1,"2016-06-14 16:45:30"
"235","123424-2016",2016-06-14 17:27:46,22.745,-9.411,-1,"2016-06-14 17:27:46"
"236","123424-2016",2016-06-14 17:55:35,22.675,-9.576,-1,"2016-06-14 17:55:35"
"237","123424-2016",2016-06-14 18:35:21,22.315,-9.848,-1,"2016-06-14 18:35:21"
"238","123424-2016",2016-06-14 19:15:53,21.98,-10.009,-1,"2016-06-14 19:15:53"
"239","123424-2016",2016-06-14 19:31:24,21.768,-10.042,-1,"2016-06-14 19:31:24"
"240","123424-2016",2016-06-14 20:09:21,21.519,-10.502,-1,"2016-06-14 20:09:21"
"241","123424-2016",2016-06-14 20:35:06,21.207,-10.425,-1,"2016-06-14 20:35:06"
"242","123424-2016",2016-06-14 21:24:52,21.196,-10.437,-1,"2016-06-14 21:24:52"
"243","123424-2016",2016-06-14 22:14:25,20.224,-11.269,-1,"2016-06-14 22:14:25"
"244","123424-2016",2016-06-14 23:12:42,19.905,-11.239,-1,"2016-06-14 23:12:42"
"245","123424-2016",2016-06-14 23:59:00,19.447,-12.008,-1,"2016-06-14 23:59:00"
"246","123424-2016",2016-06-16 03:05:10,16.377,-15.812,-1,"2016-06-16 03:05:10"
"247","123424-2016",2016-06-16 04:43:19,16.378,-15.812,-1,"2016-06-16 04:43:19"
"248","123424-2016",2016-06-16 06:06:08,16.374,-15.812,-1,"2016-06-16 06:06:08"
"249","123424-2016",2016-06-16 06:31:16,16.377,-15.815,-1,"2016-06-16 06:31:16"
"250","123424-2016",2016-06-16 07:34:27,16.375,-15.815,-1,"2016-06-16 07:34:27"
"251","123424-2016",2016-06-16 07:47:11,16.376,-15.809,-1,"2016-06-16 07:47:11"
"252","123424-2016",2016-06-16 08:08:21,16.375,-15.813,-1,"2016-06-16 08:08:21"
"253","123424-2016",2016-06-17 10:01:48,16.37,-15.804,-1,"2016-06-17 10:01:48"
"254","123424-2016",2016-06-17 10:53:26,16.374,-15.812,-1,"2016-06-17 10:53:26"
"255","123424-2016",2016-06-17 11:41:20,16.364,-15.796,-1,"2016-06-17 11:41:20"
"256","123424-2016",2016-06-17 15:42:35,16.381,-15.808,-1,"2016-06-17 15:42:35"
"257","123424-2016",2016-06-18 18:26:10,16.378,-15.815,-1,"2016-06-18 18:26:10"
"258","123424-2016",2016-06-18 18:28:23,16.38,-15.813,-1,"2016-06-18 18:28:23"
"259","123424-2016",2016-06-18 19:05:31,16.38,-15.816,-1,"2016-06-18 19:05:31"
"260","123424-2016",2016-06-18 20:01:46,16.383,-15.813,-1,"2016-06-18 20:01:46"
"261","123424-2016",2016-06-18 22:32:52,16.38,-15.812,-1,"2016-06-18 22:32:52"
"262","123424-2016",2016-06-20 03:58:58,16.381,-15.816,-1,"2016-06-20 03:58:58"
"263","123424-2016",2016-06-20 05:41:28,16.381,-15.814,-1,"2016-06-20 05:41:28"
"264","123424-2016",2016-06-20 06:30:24,16.379,-15.812,-1,"2016-06-20 06:30:24"
"265","123424-2016",2016-06-20 06:48:55,16.379,-15.812,-1,"2016-06-20 06:48:55"
"266","123424-2016",2016-06-20 07:15:46,16.38,-15.808,-1,"2016-06-20 07:15:46"
"267","123424-2016",2016-06-21 10:21:12,16.374,-15.809,-1,"2016-06-21 10:21:12"
"268","123424-2016",2016-06-21 11:17:28,16.375,-15.829,-1,"2016-06-21 11:17:28"
"269","123424-2016",2016-06-21 11:59:21,16.378,-15.817,-1,"2016-06-21 11:59:21"
"270","123424-2016",2016-06-21 14:59:42,16.357,-15.82,-1,"2016-06-21 14:59:42"
"271","123424-2016",2016-06-22 16:27:04,14.755,-17.412,-1,"2016-06-22 16:27:04"
"272","123424-2016",2016-06-22 18:30:01,14.753,-17.408,-1,"2016-06-22 18:30:01"
"273","123424-2016",2016-06-22 18:45:59,14.754,-17.414,-1,"2016-06-22 18:45:59"
"274","123424-2016",2016-06-22 19:16:07,14.754,-17.413,-1,"2016-06-22 19:16:07"
"275","123424-2016",2016-06-22 20:09:12,14.755,-17.412,-1,"2016-06-22 20:09:12"
"276","123424-2016",2016-06-22 20:21:16,14.754,-17.412,-1,"2016-06-22 20:21:16"
"277","123424-2016",2016-06-22 21:08:44,14.76,-17.42,-1,"2016-06-22 21:08:44"
"278","123424-2016",2016-06-22 22:03:51,14.758,-17.42,-1,"2016-06-22 22:03:51"
"279","123424-2016",2016-06-22 22:50:10,14.756,-17.413,-1,"2016-06-22 22:50:10"
"280","123424-2016",2016-06-24 03:15:54,14.755,-17.413,-1,"2016-06-24 03:15:54"
"281","123424-2016",2016-06-24 04:53:09,14.759,-17.415,-1,"2016-06-24 04:53:09"
"282","123424-2016",2016-06-24 06:04:49,14.76,-17.415,-1,"2016-06-24 06:04:49"
"283","123424-2016",2016-06-24 06:34:04,14.754,-17.415,-1,"2016-06-24 06:34:04"
"284","123424-2016",2016-06-24 06:49:42,14.755,-17.415,-1,"2016-06-24 06:49:42"
"285","123424-2016",2016-06-24 07:42:09,14.755,-17.414,-1,"2016-06-24 07:42:09"
"286","123424-2016",2016-06-25 10:38:10,14.755,-17.414,-1,"2016-06-25 10:38:10"
"287","123424-2016",2016-06-25 11:33:47,14.754,-17.414,-1,"2016-06-25 11:33:47"
"288","123424-2016",2016-06-25 15:53:38,14.753,-17.412,-1,"2016-06-25 15:53:38"
"289","123424-2016",2016-06-26 18:29:17,14.755,-17.411,-1,"2016-06-26 18:29:17"
"290","123424-2016",2016-06-26 18:34:07,14.755,-17.412,-1,"2016-06-26 18:34:07"
"291","123424-2016",2016-06-26 19:57:35,14.752,-17.407,-1,"2016-06-26 19:57:35"
"292","123424-2016",2016-06-26 20:10:12,14.758,-17.41,-1,"2016-06-26 20:10:12"
"293","123424-2016",2016-06-26 20:10:32,14.752,-17.408,-1,"2016-06-26 20:10:32"
"294","123424-2016",2016-06-26 21:29:08,14.752,-17.406,-1,"2016-06-26 21:29:08"
"295","123424-2016",2016-06-26 22:19:09,14.756,-17.41,-1,"2016-06-26 22:19:09"
"296","123424-2016",2016-06-26 23:08:59,14.755,-17.411,-1,"2016-06-26 23:08:59"
"297","123424-2016",2016-06-28 04:08:09,14.755,-17.415,-1,"2016-06-28 04:08:09"
"298","123424-2016",2016-06-28 06:26:41,14.755,-17.415,-1,"2016-06-28 06:26:41"
"299","123424-2016",2016-06-28 06:30:35,14.756,-17.414,-1,"2016-06-28 06:30:35"
"300","123424-2016",2016-06-28 06:53:47,14.754,-17.415,-1,"2016-06-28 06:53:47"
"301","123424-2016",2016-06-28 08:09:14,14.752,-17.407,-1,"2016-06-28 08:09:14"
"302","123424-2016",2016-06-28 08:14:49,14.752,-17.407,-1,"2016-06-28 08:14:49"
"303","123424-2016",2016-06-29 09:17:38,14.75,-17.41,-1,"2016-06-29 09:17:38"
"304","123424-2016",2016-06-29 10:09:08,14.757,-17.415,-1,"2016-06-29 10:09:08"
"305","123424-2016",2016-06-29 10:53:37,14.752,-17.405,-1,"2016-06-29 10:53:37"
"306","123424-2016",2016-06-29 15:10:02,14.755,-17.405,-1,"2016-06-29 15:10:02"
"307","123424-2016",2016-06-29 16:52:43,14.759,-17.419,-1,"2016-06-29 16:52:43"
"308","123424-2016",2016-06-30 18:26:09,14.754,-17.414,-1,"2016-06-30 18:26:09"
"309","123424-2016",2016-06-30 19:21:18,14.756,-17.412,-1,"2016-06-30 19:21:18"
"310","123424-2016",2016-06-30 19:27:19,14.755,-17.412,-1,"2016-06-30 19:27:19"
"311","123424-2016",2016-06-30 20:09:56,14.755,-17.411,-1,"2016-06-30 20:09:56"
"312","123424-2016",2016-06-30 21:43:38,14.755,-17.41,-1,"2016-06-30 21:43:38"
"313","123424-2016",2016-06-30 22:36:17,14.757,-17.402,-1,"2016-06-30 22:36:17"
"314","123424-2016",2016-06-30 23:25:40,14.755,-17.412,-1,"2016-06-30 23:25:40"
"315","123424-2016",2016-07-02 03:25:49,14.065,-16.765,-1,"2016-07-02 03:25:49"
"316","123424-2016",2016-07-02 05:03:12,14.089,-16.768,-1,"2016-07-02 05:03:12"
"317","123424-2016",2016-07-02 06:03:06,14.089,-16.763,-1,"2016-07-02 06:03:06"
"318","123424-2016",2016-07-02 06:08:36,14.089,-16.763,-1,"2016-07-02 06:08:36"
"319","123424-2016",2016-07-02 06:31:46,14.089,-16.758,-1,"2016-07-02 06:31:46"
"320","123424-2016",2016-07-02 07:37:24,14.082,-16.759,-1,"2016-07-02 07:37:24"
"321","123424-2016",2016-07-02 07:50:32,14.081,-16.758,-1,"2016-07-02 07:50:32"
"322","123424-2016",2016-07-02 08:11:04,14.08,-16.757,-1,"2016-07-02 08:11:04"
"323","123424-2016",2016-07-03 09:33:46,14.095,-16.73,-1,"2016-07-03 09:33:46"
"324","123424-2016",2016-07-03 10:28:20,14.104,-16.759,-1,"2016-07-03 10:28:20"
"325","123424-2016",2016-07-03 11:11:37,14.129,-16.798,-1,"2016-07-03 11:11:37"
"326","123424-2016",2016-07-03 14:23:52,14.123,-16.862,-1,"2016-07-03 14:23:52"
"327","123424-2016",2016-07-03 16:05:54,14.101,-16.857,-1,"2016-07-03 16:05:54"
"328","123424-2016",2016-07-04 18:28:58,14.081,-16.759,-1,"2016-07-04 18:28:58"
"329","123424-2016",2016-07-04 18:36:41,14.079,-16.76,-1,"2016-07-04 18:36:41"
"330","123424-2016",2016-07-04 20:08:10,14.086,-16.768,-1,"2016-07-04 20:08:10"
"331","123424-2016",2016-07-04 20:16:07,14.088,-16.753,-1,"2016-07-04 20:16:07"
"332","123424-2016",2016-07-04 22:00:34,14.095,-16.76,-1,"2016-07-04 22:00:34"
"333","123424-2016",2016-07-04 22:52:21,14.092,-16.769,-1,"2016-07-04 22:52:21"
"334","123424-2016",2016-07-04 23:44:02,14.103,-16.76,-1,"2016-07-04 23:44:02"
"335","123424-2016",2016-07-06 02:35:26,14.097,-16.764,-1,"2016-07-06 02:35:26"
"336","123424-2016",2016-07-06 04:13:41,14.095,-16.762,-1,"2016-07-06 04:13:41"
"337","123424-2016",2016-07-06 06:32:04,14.095,-16.759,-1,"2016-07-06 06:32:04"
"338","123424-2016",2016-07-06 07:00:15,14.096,-16.761,-1,"2016-07-06 07:00:15"
"339","123424-2016",2016-07-06 07:14:27,14.095,-16.758,-1,"2016-07-06 07:14:27"
"340","123424-2016",2016-07-07 07:49:19,14.088,-16.765,-1,"2016-07-07 07:49:19"
"341","123424-2016",2016-07-07 08:25:19,14.088,-16.765,-1,"2016-07-07 08:25:19"
"342","123424-2016",2016-07-07 09:51:05,14.086,-16.761,-1,"2016-07-07 09:51:05"
"343","123424-2016",2016-07-07 10:42:40,14.089,-16.774,-1,"2016-07-07 10:42:40"
"344","123424-2016",2016-07-07 11:30:15,14.08,-16.761,-1,"2016-07-07 11:30:15"
"345","123424-2016",2016-07-07 15:17:37,14.063,-16.779,-1,"2016-07-07 15:17:37"
"346","123424-2016",2016-07-08 16:47:11,14.748,-17.338,-1,"2016-07-08 16:47:11"
"347","123424-2016",2016-07-08 17:51:59,14.745,-17.345,-1,"2016-07-08 17:51:59"
"348","123424-2016",2016-07-08 18:27:38,14.754,-17.413,-1,"2016-07-08 18:27:38"
"349","123424-2016",2016-07-08 18:42:22,14.756,-17.414,-1,"2016-07-08 18:42:22"
"350","123424-2016",2016-07-08 19:30:58,14.754,-17.414,-1,"2016-07-08 19:30:58"
"351","123424-2016",2016-07-08 20:10:03,14.756,-17.427,-1,"2016-07-08 20:10:03"
"352","123424-2016",2016-07-08 20:23:41,14.754,-17.413,-1,"2016-07-08 20:23:41"
"353","123424-2016",2016-07-08 22:18:24,14.755,-17.411,-1,"2016-07-08 22:18:24"
"354","123424-2016",2016-07-10 03:29:21,14.754,-17.412,-1,"2016-07-10 03:29:21"
"355","123424-2016",2016-07-10 05:12:38,14.766,-17.397,-1,"2016-07-10 05:12:38"
"356","123424-2016",2016-07-10 06:14:46,14.769,-17.405,-1,"2016-07-10 06:14:46"
"357","123424-2016",2016-07-10 06:28:35,14.755,-17.412,-1,"2016-07-10 06:28:35"
"358","123424-2016",2016-07-10 06:51:29,14.756,-17.411,-1,"2016-07-10 06:51:29"
"359","123424-2016",2016-07-11 07:46:04,14.755,-17.411,-1,"2016-07-11 07:46:04"
"360","123424-2016",2016-07-11 07:48:47,14.756,-17.411,-1,"2016-07-11 07:48:47"
"361","123424-2016",2016-07-11 07:58:27,14.755,-17.407,-1,"2016-07-11 07:58:27"
"362","123424-2016",2016-07-11 10:05:12,14.756,-17.412,-1,"2016-07-11 10:05:12"
"363","123424-2016",2016-07-11 10:58:01,14.75,-17.417,-1,"2016-07-11 10:58:01"
"364","123424-2016",2016-07-11 11:44:32,14.757,-17.408,-1,"2016-07-11 11:44:32"
"365","123424-2016",2016-07-11 14:33:25,14.757,-17.405,-1,"2016-07-11 14:33:25"
"366","123424-2016",2016-07-12 16:03:08,14.756,-17.412,-1,"2016-07-12 16:03:08"
"367","123424-2016",2016-07-12 18:16:44,14.759,-17.414,-1,"2016-07-12 18:16:44"
"368","123424-2016",2016-07-12 18:33:20,14.756,-17.415,-1,"2016-07-12 18:33:20"
"369","123424-2016",2016-07-12 18:46:21,14.756,-17.413,-1,"2016-07-12 18:46:21"
"370","123424-2016",2016-07-12 19:51:48,14.755,-17.408,-1,"2016-07-12 19:51:48"
"371","123424-2016",2016-07-12 20:09:08,14.755,-17.41,-1,"2016-07-12 20:09:08"
"372","123424-2016",2016-07-12 22:37:21,14.756,-17.405,-1,"2016-07-12 22:37:21"
"373","123424-2016",2016-07-13 23:57:25,14.767,-17.413,-1,"2016-07-13 23:57:25"
"374","123424-2016",2016-07-14 02:45:20,14.759,-17.407,-1,"2016-07-14 02:45:20"
"375","123424-2016",2016-07-14 04:27:55,14.755,-17.412,-1,"2016-07-14 04:27:55"
"376","123424-2016",2016-07-14 06:28:10,14.756,-17.412,-1,"2016-07-14 06:28:10"
"377","123424-2016",2016-07-14 06:36:43,14.753,-17.413,-1,"2016-07-14 06:36:43"
"378","123424-2016",2016-07-14 07:07:26,14.755,-17.41,-1,"2016-07-14 07:07:26"
"379","123424-2016",2016-07-15 07:33:14,14.754,-17.413,-1,"2016-07-15 07:33:14"
"380","123424-2016",2016-07-15 07:46:19,14.753,-17.414,-1,"2016-07-15 07:46:19"
"381","123424-2016",2016-07-15 08:40:46,14.755,-17.412,-1,"2016-07-15 08:40:46"
"382","123424-2016",2016-07-15 10:22:07,14.754,-17.411,-1,"2016-07-15 10:22:07"
"383","123424-2016",2016-07-15 11:22:44,14.749,-17.417,-1,"2016-07-15 11:22:44"
"384","123424-2016",2016-07-15 15:27:43,14.741,-17.419,-1,"2016-07-15 15:27:43"
"385","123424-2016",2016-07-16 15:22:47,14.7,-17.424,-1,"2016-07-16 15:22:47"
"386","123424-2016",2016-07-16 17:02:51,14.731,-17.403,-1,"2016-07-16 17:02:51"
"387","123424-2016",2016-07-16 17:58:05,14.734,-17.402,-1,"2016-07-16 17:58:05"
"388","123424-2016",2016-07-16 18:27:53,14.756,-17.415,-1,"2016-07-16 18:27:53"
"389","123424-2016",2016-07-16 19:27:33,14.754,-17.411,-1,"2016-07-16 19:27:33"
"390","123424-2016",2016-07-16 19:44:48,14.754,-17.412,-1,"2016-07-16 19:44:48"
"391","123424-2016",2016-07-16 20:09:28,14.754,-17.411,-1,"2016-07-16 20:09:28"
"392","123424-2016",2016-07-16 21:13:08,14.753,-17.415,-1,"2016-07-16 21:13:08"
"393","123424-2016",2016-07-16 22:06:24,14.754,-17.415,-1,"2016-07-16 22:06:24"
"394","123424-2016",2016-07-16 22:53:40,14.754,-17.413,-1,"2016-07-16 22:53:40"
"395","123424-2016",2016-07-18 03:40:51,14.754,-17.413,-1,"2016-07-18 03:40:51"
"396","123424-2016",2016-07-18 06:04:02,14.754,-17.413,-1,"2016-07-18 06:04:02"
"397","123424-2016",2016-07-18 06:24:24,14.753,-17.413,-1,"2016-07-18 06:24:24"
"398","123424-2016",2016-07-18 06:35:41,14.755,-17.413,-1,"2016-07-18 06:35:41"
"399","123424-2016",2016-07-19 07:10:24,14.755,-17.411,-1,"2016-07-19 07:10:24"
"400","123424-2016",2016-07-19 07:47:41,14.755,-17.411,-1,"2016-07-19 07:47:41"
"401","123424-2016",2016-07-19 07:49:07,14.755,-17.411,-1,"2016-07-19 07:49:07"
"402","123424-2016",2016-07-19 10:39:12,14.757,-17.421,-1,"2016-07-19 10:39:12"
"403","123424-2016",2016-07-19 11:32:42,14.755,-17.419,-1,"2016-07-19 11:32:42"
"404","123424-2016",2016-07-19 12:22:51,14.761,-17.404,-1,"2016-07-19 12:22:51"
"405","123424-2016",2016-07-19 14:42:20,14.744,-17.423,-1,"2016-07-19 14:42:20"
"406","123424-2016",2016-07-20 14:34:09,14.022,-16.861,-1,"2016-07-20 14:34:09"
"407","123424-2016",2016-07-20 16:11:40,14.009,-16.75,-1,"2016-07-20 16:11:40"
"408","123424-2016",2016-07-20 18:27:59,14.006,-16.753,-1,"2016-07-20 18:27:59"
"409","123424-2016",2016-07-20 18:51:19,14.005,-16.755,-1,"2016-07-20 18:51:19"
"410","123424-2016",2016-07-20 19:07:58,14.006,-16.754,-1,"2016-07-20 19:07:58"
"411","123424-2016",2016-07-20 20:10:15,14.012,-16.755,-1,"2016-07-20 20:10:15"
"412","123424-2016",2016-07-20 20:36:46,14.014,-16.663,-1,"2016-07-20 20:36:46"
"413","123424-2016",2016-07-20 20:48:44,14.001,-16.699,-1,"2016-07-20 20:48:44"
"414","123424-2016",2016-07-20 21:32:44,14.123,-16.719,-1,"2016-07-20 21:32:44"
"415","123424-2016",2016-07-20 22:19:06,14.126,-16.754,-1,"2016-07-20 22:19:06"
"416","123424-2016",2016-07-21 22:51:20,14.106,-16.749,-1,"2016-07-21 22:51:20"
"417","123424-2016",2016-07-22 03:01:44,14.188,-16.8,-1,"2016-07-22 03:01:44"
"418","123424-2016",2016-07-22 04:37:27,14.107,-16.747,-1,"2016-07-22 04:37:27"
"419","123424-2016",2016-07-22 05:38:27,14.117,-16.749,-1,"2016-07-22 05:38:27"
"420","123424-2016",2016-07-23 06:13:21,14.043,-16.72,-1,"2016-07-23 06:13:21"
"421","123424-2016",2016-07-23 06:45:52,14.045,-16.716,-1,"2016-07-23 06:45:52"
"422","123424-2016",2016-07-23 07:03:56,14.046,-16.716,-1,"2016-07-23 07:03:56"
"423","123424-2016",2016-07-23 07:50:38,14.008,-16.741,-1,"2016-07-23 07:50:38"
"424","123424-2016",2016-07-23 08:26:30,14,-16.743,-1,"2016-07-23 08:26:30"
"425","123424-2016",2016-07-23 08:47:03,14.001,-16.742,-1,"2016-07-23 08:47:03"
"426","123424-2016",2016-07-23 10:12:15,14,-16.735,-1,"2016-07-23 10:12:15"
"427","123424-2016",2016-07-24 15:25:57,14.137,-16.784,-1,"2016-07-24 15:25:57"
"428","123424-2016",2016-07-24 17:07:09,14.165,-16.752,-1,"2016-07-24 17:07:09"
"429","123424-2016",2016-07-24 18:28:41,14.144,-16.778,-1,"2016-07-24 18:28:41"
"430","123424-2016",2016-07-24 18:38:11,14.145,-16.776,-1,"2016-07-24 18:38:11"
"431","123424-2016",2016-07-24 19:46:59,14.116,-16.769,-1,"2016-07-24 19:46:59"
"432","123424-2016",2016-07-24 20:06:24,14.113,-16.768,-1,"2016-07-24 20:06:24"
"433","123424-2016",2016-07-24 20:22:46,14.112,-16.77,-1,"2016-07-24 20:22:46"
"434","123424-2016",2016-07-25 22:19:15,14.104,-16.758,-1,"2016-07-25 22:19:15"
"435","123424-2016",2016-07-26 03:51:51,14.101,-16.757,-1,"2016-07-26 03:51:51"
"436","123424-2016",2016-07-27 06:11:16,14.089,-16.763,-1,"2016-07-27 06:11:16"
"437","123424-2016",2016-07-27 06:20:38,14.089,-16.765,-1,"2016-07-27 06:20:38"
"438","123424-2016",2016-07-27 06:23:49,14.09,-16.764,-1,"2016-07-27 06:23:49"
"439","123424-2016",2016-07-27 07:48:59,14.127,-16.767,-1,"2016-07-27 07:48:59"
"440","123424-2016",2016-07-27 07:59:56,14.137,-16.752,-1,"2016-07-27 07:59:56"
"441","123424-2016",2016-07-27 08:03:57,14.14,-16.751,-1,"2016-07-27 08:03:57"
"442","123424-2016",2016-07-27 09:36:49,14.145,-16.754,-1,"2016-07-27 09:36:49"
"443","123424-2016",2016-07-27 10:29:50,14.137,-16.746,-1,"2016-07-27 10:29:50"
"444","123424-2016",2016-07-27 11:14:21,14.138,-16.742,-1,"2016-07-27 11:14:21"
"445","123424-2016",2016-07-28 14:43:12,14.116,-16.767,-1,"2016-07-28 14:43:12"
"446","123424-2016",2016-07-28 16:21:55,14.117,-16.768,-1,"2016-07-28 16:21:55"
"447","123424-2016",2016-07-28 18:18:55,14.115,-16.768,-1,"2016-07-28 18:18:55"
"448","123424-2016",2016-07-28 18:32:22,14.116,-16.77,-1,"2016-07-28 18:32:22"
"449","123424-2016",2016-07-28 19:00:38,14.114,-16.778,-1,"2016-07-28 19:00:38"
"450","123424-2016",2016-07-28 19:57:49,14.12,-16.776,-1,"2016-07-28 19:57:49"
"451","123424-2016",2016-07-28 22:00:39,14.109,-16.779,-1,"2016-07-28 22:00:39"
"452","123424-2016",2016-07-29 22:35:32,14.12,-16.772,-1,"2016-07-29 22:35:32"
"453","123424-2016",2016-07-29 23:25:55,14.119,-16.771,-1,"2016-07-29 23:25:55"
"454","123424-2016",2016-07-30 03:05:45,14.123,-16.767,-1,"2016-07-30 03:05:45"
"455","123424-2016",2016-07-30 04:44:05,14.121,-16.772,-1,"2016-07-30 04:44:05"
"456","123424-2016",2016-07-31 07:16:53,14.116,-16.739,-1,"2016-07-31 07:16:53"
"457","123424-2016",2016-07-31 07:35:10,14.117,-16.769,-1,"2016-07-31 07:35:10"
"458","123424-2016",2016-07-31 07:48:29,14.128,-16.748,-1,"2016-07-31 07:48:29"
"459","123424-2016",2016-07-31 09:53:52,14.113,-16.764,-1,"2016-07-31 09:53:52"
"460","123424-2016",2016-07-31 10:47:27,14.113,-16.776,-1,"2016-07-31 10:47:27"
"461","123424-2016",2016-07-31 11:35:09,14.117,-16.769,-1,"2016-07-31 11:35:09"
"462","123424-2016",2016-08-01 15:34:42,14.116,-16.771,-1,"2016-08-01 15:34:42"
"463","123424-2016",2016-08-01 18:15:32,14.121,-16.773,-1,"2016-08-01 18:15:32"
"464","123424-2016",2016-08-01 18:29:34,14.12,-16.77,-1,"2016-08-01 18:29:34"
"465","123424-2016",2016-08-01 19:29:29,14.115,-16.767,-1,"2016-08-01 19:29:29"
"466","123424-2016",2016-08-01 19:54:51,14.121,-16.768,-1,"2016-08-01 19:54:51"
"467","123424-2016",2016-08-01 21:38:36,14.121,-16.768,-1,"2016-08-01 21:38:36"
"468","123424-2016",2016-08-02 23:44:04,14.119,-16.772,-1,"2016-08-02 23:44:04"
"469","123424-2016",2016-08-03 03:57:33,14.122,-16.766,-1,"2016-08-03 03:57:33"
"470","123424-2016",2016-08-03 06:06:13,14.113,-16.774,-1,"2016-08-03 06:06:13"
"471","123424-2016",2016-08-03 06:36:06,14.12,-16.772,-1,"2016-08-03 06:36:06"
"472","123424-2016",2016-08-03 07:42:51,14.123,-16.779,-1,"2016-08-03 07:42:51"
"473","123424-2016",2016-08-04 08:11:04,14.089,-16.772,-1,"2016-08-04 08:11:04"
"474","123424-2016",2016-08-04 10:10:33,14.085,-16.776,-1,"2016-08-04 10:10:33"
"475","123424-2016",2016-08-04 11:03:30,14.085,-16.776,-1,"2016-08-04 11:03:30"
"476","123424-2016",2016-08-04 11:48:58,14.087,-16.77,-1,"2016-08-04 11:48:58"
"477","123424-2016",2016-08-04 15:01:15,14.086,-16.777,-1,"2016-08-04 15:01:15"
"478","123424-2016",2016-08-05 18:28:44,14.122,-16.773,-1,"2016-08-05 18:28:44"
"479","123424-2016",2016-08-05 19:10:01,14.123,-16.774,-1,"2016-08-05 19:10:01"
"480","123424-2016",2016-08-05 19:11:31,14.122,-16.772,-1,"2016-08-05 19:11:31"
"481","123424-2016",2016-08-05 20:09:17,14.117,-16.768,-1,"2016-08-05 20:09:17"
"482","123424-2016",2016-08-05 20:47:26,14.101,-16.768,-1,"2016-08-05 20:47:26"
"483","123424-2016",2016-08-07 03:16:14,14.085,-16.739,-1,"2016-08-07 03:16:14"
"484","123424-2016",2016-08-07 04:55:44,14.076,-16.742,-1,"2016-08-07 04:55:44"
"485","123424-2016",2016-08-08 10:25:55,14.08,-16.759,-1,"2016-08-08 10:25:55"
"486","123424-2016",2016-08-08 11:25:15,14.081,-16.759,-1,"2016-08-08 11:25:15"
"487","123424-2016",2016-08-08 12:11:03,14.082,-16.756,-1,"2016-08-08 12:11:03"
"488","123424-2016",2016-08-09 18:35:25,14.078,-16.776,-1,"2016-08-09 18:35:25"
"489","123424-2016",2016-08-09 18:46:08,14.095,-16.761,-1,"2016-08-09 18:46:08"
"490","123424-2016",2016-08-09 20:03:01,14.101,-16.757,-1,"2016-08-09 20:03:01"
"491","123424-2016",2016-08-09 20:24:29,14.095,-16.755,-1,"2016-08-09 20:24:29"
"492","123424-2016",2016-08-11 04:11:14,14.083,-16.771,-1,"2016-08-11 04:11:14"
"493","123424-2016",2016-08-11 06:39:44,14.083,-16.772,-1,"2016-08-11 06:39:44"
"494","123424-2016",2016-08-11 06:48:02,14.08,-16.772,-1,"2016-08-11 06:48:02"
"495","123424-2016",2016-08-12 15:10:37,14.048,-16.77,-1,"2016-08-12 15:10:37"
"496","123424-2016",2016-08-13 21:33:36,14.078,-16.771,-1,"2016-08-13 21:33:36"
"497","123424-2016",2016-08-13 22:26:54,14.074,-16.768,-1,"2016-08-13 22:26:54"
"498","123424-2016",2016-08-13 23:16:04,14.062,-16.772,-1,"2016-08-13 23:16:04"
"499","123424-2016",2016-08-15 06:28:34,14.071,-16.772,-1,"2016-08-15 06:28:34"
"500","123424-2016",2016-08-15 06:38:51,14.07,-16.774,-1,"2016-08-15 06:38:51"
"501","123424-2016",2016-08-16 16:05:34,14.063,-16.772,-1,"2016-08-16 16:05:34"
"502","123424-2016",2016-08-17 22:43:57,14.085,-16.725,-1,"2016-08-17 22:43:57"
"503","123424-2016",2016-08-17 23:29:58,14.084,-16.724,-1,"2016-08-17 23:29:58"
"504","123424-2016",2016-08-19 06:55:19,14.084,-16.765,-1,"2016-08-19 06:55:19"
"505","123424-2016",2016-08-19 07:45:31,14.028,-16.76,-1,"2016-08-19 07:45:31"
"506","123424-2016",2016-08-19 11:41:38,14.014,-16.772,-1,"2016-08-19 11:41:38"
"507","123424-2016",2016-08-20 15:20:39,14.051,-16.762,-1,"2016-08-20 15:20:39"
"508","123424-2016",2016-08-22 03:45:18,13.996,-16.738,-1,"2016-08-22 03:45:18"
"509","123424-2016",2016-08-23 10:18:12,13.998,-16.75,-1,"2016-08-23 10:18:12"
"510","123424-2016",2016-08-23 11:09:41,14,-16.752,-1,"2016-08-23 11:09:41"
"511","123424-2016",2016-08-23 11:57:37,14.013,-16.748,-1,"2016-08-23 11:57:37"
"512","123424-2016",2016-08-24 18:48:38,14.004,-16.753,-1,"2016-08-24 18:48:38"
"513","123424-2016",2016-08-24 18:56:07,14.004,-16.75,-1,"2016-08-24 18:56:07"
"514","123424-2016",2016-08-27 10:33:21,14.005,-16.774,-1,"2016-08-27 10:33:21"
"515","123424-2016",2016-08-27 11:32:33,14.012,-16.771,-1,"2016-08-27 11:32:33"
"516","123424-2016",2016-08-27 12:16:10,14.015,-16.767,-1,"2016-08-27 12:16:10"
"517","123424-2016",2016-08-28 18:53:09,14.007,-16.741,-1,"2016-08-28 18:53:09"
"518","123424-2016",2016-08-28 19:00:15,14.007,-16.741,-1,"2016-08-28 19:00:15"
"519","123424-2016",2016-08-28 19:44:39,14.06,-16.656,-1,"2016-08-28 19:44:39"
"520","123424-2016",2016-08-28 20:31:11,14.071,-16.628,-1,"2016-08-28 20:31:11"
"521","123424-2016",2016-08-28 21:22:36,14.05,-16.715,-1,"2016-08-28 21:22:36"
"522","123424-2016",2016-08-30 03:55:26,14.088,-16.776,-1,"2016-08-30 03:55:26"
"523","123424-2016",2016-08-30 10:27:20,14,-16.743,-1,"2016-08-30 10:27:20"
"524","123424-2016",2016-08-30 11:11:29,14.001,-16.743,-1,"2016-08-30 11:11:29"
"525","123424-2016",2016-08-31 14:57:32,14.002,-16.758,-1,"2016-08-31 14:57:32"
"526","123424-2016",2016-08-31 16:36:40,14.002,-16.751,-1,"2016-08-31 16:36:40"
"527","123424-2016",2016-09-01 21:39:08,14.083,-16.728,-1,"2016-09-01 21:39:08"
"528","123424-2016",2016-09-01 22:34:15,14.085,-16.725,-1,"2016-09-01 22:34:15"
"529","123424-2016",2016-09-03 06:40:05,14.012,-16.738,-1,"2016-09-03 06:40:05"
"530","123424-2016",2016-09-03 07:05:13,14.01,-16.735,-1,"2016-09-03 07:05:13"
"531","123424-2016",2016-09-03 11:27:29,13.998,-16.744,-1,"2016-09-03 11:27:29"
"532","123424-2016",2016-09-04 15:50:27,14.003,-16.752,-1,"2016-09-04 15:50:27"
"533","123424-2016",2016-09-05 22:50:31,13.997,-16.741,-1,"2016-09-05 22:50:31"
"534","123424-2016",2016-09-05 23:39:46,13.994,-16.736,-1,"2016-09-05 23:39:46"
"535","123424-2016",2016-09-07 08:17:51,14.008,-16.736,-1,"2016-09-07 08:17:51"
"536","123424-2016",2016-09-08 16:47:20,13.997,-16.759,-1,"2016-09-08 16:47:20"
"537","123424-2016",2016-09-08 17:42:15,13.999,-16.764,-1,"2016-09-08 17:42:15"
"538","123424-2016",2016-09-08 18:09:32,13.997,-16.76,-1,"2016-09-08 18:09:32"
"539","123424-2016",2016-09-11 10:25:14,13.997,-16.76,-1,"2016-09-11 10:25:14"
"540","123424-2016",2016-09-11 11:18:09,13.999,-16.762,-1,"2016-09-11 11:18:09"
"541","123424-2016",2016-09-11 14:35:58,14,-16.766,-1,"2016-09-11 14:35:58"
"542","123424-2016",2016-09-11 16:12:03,13.999,-16.754,-1,"2016-09-11 16:12:03"
"543","123424-2016",2016-09-12 19:21:25,13.999,-16.755,-1,"2016-09-12 19:21:25"
"544","123424-2016",2016-09-12 19:24:57,14.021,-16.817,-1,"2016-09-12 19:24:57"
"545","123424-2016",2016-09-12 20:14:35,13.992,-16.751,-1,"2016-09-12 20:14:35"
"546","123424-2016",2016-09-12 21:12:55,14.016,-16.74,-1,"2016-09-12 21:12:55"
"547","123424-2016",2016-09-14 04:26:36,13.995,-16.739,-1,"2016-09-14 04:26:36"
"548","123424-2016",2016-09-14 05:49:38,13.996,-16.735,-1,"2016-09-14 05:49:38"
"549","123424-2016",2016-09-14 05:55:15,14,-16.738,-1,"2016-09-14 05:55:15"
"550","123424-2016",2016-09-14 07:00:54,13.999,-16.749,-1,"2016-09-14 07:00:54"
"551","123424-2016",2016-09-15 15:27:13,13.995,-16.761,-1,"2016-09-15 15:27:13"
"552","123424-2016",2016-09-15 19:27:43,13.995,-16.734,-1,"2016-09-15 19:27:43"
"553","123424-2016",2016-09-16 20:40:47,13.999,-16.742,-1,"2016-09-16 20:40:47"
"554","123424-2016",2016-09-16 21:27:41,13.989,-16.744,-1,"2016-09-16 21:27:41"
"555","123424-2016",2016-09-20 23:28:21,13.99,-16.736,-1,"2016-09-20 23:28:21"
"556","123424-2016",2016-09-22 07:34:52,14.024,-16.404,-1,"2016-09-22 07:34:52"
"557","123424-2016",2016-09-22 08:25:11,14.026,-16.47,-1,"2016-09-22 08:25:11"
"558","123424-2016",2016-09-22 08:44:30,13.987,-16.767,-1,"2016-09-22 08:44:30"
"559","123424-2016",2016-09-23 18:09:06,14.006,-16.743,-1,"2016-09-23 18:09:06"
"560","123424-2016",2016-09-23 18:42:47,13.999,-16.744,-1,"2016-09-23 18:42:47"
"561","123424-2016",2016-09-25 03:57:51,13.995,-16.739,-1,"2016-09-25 03:57:51"
"562","123424-2016",2016-09-25 06:15:23,13.995,-16.738,-1,"2016-09-25 06:15:23"
"563","123424-2016",2016-09-25 06:31:06,13.996,-16.741,-1,"2016-09-25 06:31:06"
"564","123424-2016",2016-09-25 06:49:27,13.996,-16.742,-1,"2016-09-25 06:49:27"
"565","123424-2016",2016-09-26 11:10:37,14.162,-16.746,-1,"2016-09-26 11:10:37"
"566","123424-2016",2016-09-26 15:01:03,14.164,-16.745,-1,"2016-09-26 15:01:03"
"567","123424-2016",2016-09-26 16:42:18,14.164,-16.756,-1,"2016-09-26 16:42:18"
"568","123424-2016",2016-09-27 18:57:47,14.069,-16.75,-1,"2016-09-27 18:57:47"
"569","123424-2016",2016-09-27 19:46:01,14.085,-16.751,-1,"2016-09-27 19:46:01"
"570","123424-2016",2016-09-27 19:57:31,14.087,-16.768,-1,"2016-09-27 19:57:31"
"571","123424-2016",2016-09-29 03:18:56,13.996,-16.739,-1,"2016-09-29 03:18:56"
"572","123424-2016",2016-09-29 10:52:10,14.003,-16.754,-1,"2016-09-29 10:52:10"
"573","123424-2016",2016-09-30 15:56:06,14.011,-16.755,-1,"2016-09-30 15:56:06"
"574","123424-2016",2016-10-01 21:19:06,14.005,-16.729,-1,"2016-10-01 21:19:06"
"575","123424-2016",2016-10-01 22:10:59,13.999,-16.741,-1,"2016-10-01 22:10:59"
"576","123424-2016",2016-10-01 23:01:59,13.999,-16.738,-1,"2016-10-01 23:01:59"
"577","123424-2016",2016-10-03 06:00:25,14,-16.737,-1,"2016-10-03 06:00:25"
"578","123424-2016",2016-10-03 06:16:28,14,-16.736,-1,"2016-10-03 06:16:28"
"579","123424-2016",2016-10-03 06:34:21,13.999,-16.737,-1,"2016-10-03 06:34:21"
"580","123424-2016",2016-10-03 07:42:31,13.991,-16.765,-1,"2016-10-03 07:42:31"
"581","123424-2016",2016-10-03 07:52:16,13.994,-16.765,-1,"2016-10-03 07:52:16"
"582","123424-2016",2016-10-03 08:17:48,13.994,-16.764,-1,"2016-10-03 08:17:48"
"583","123424-2016",2016-10-03 09:32:18,13.993,-16.776,-1,"2016-10-03 09:32:18"
"584","123424-2016",2016-10-04 15:10:37,13.993,-16.769,-1,"2016-10-04 15:10:37"
"585","123424-2016",2016-10-04 18:01:43,14.006,-16.765,-1,"2016-10-04 18:01:43"
"586","123424-2016",2016-10-04 18:33:06,14.004,-16.738,-1,"2016-10-04 18:33:06"
"587","123424-2016",2016-10-05 23:16:38,13.965,-16.676,-1,"2016-10-05 23:16:38"
"588","123424-2016",2016-10-07 07:19:02,14.007,-16.745,-1,"2016-10-07 07:19:02"
"589","123424-2016",2016-10-07 07:31:17,14.004,-16.739,-1,"2016-10-07 07:31:17"
"590","123424-2016",2016-10-07 07:52:58,14.003,-16.737,-1,"2016-10-07 07:52:58"
"591","123424-2016",2016-10-07 09:11:41,13.995,-16.729,-1,"2016-10-07 09:11:41"
"592","123424-2016",2016-10-07 09:44:31,13.993,-16.76,-1,"2016-10-07 09:44:31"
"593","123424-2016",2016-10-07 10:43:23,14.006,-16.762,-1,"2016-10-07 10:43:23"
"594","123424-2016",2016-10-07 11:27:09,14.001,-16.768,-1,"2016-10-07 11:27:09"
"595","123424-2016",2016-10-07 14:38:42,13.996,-16.791,-1,"2016-10-07 14:38:42"
"596","123424-2016",2016-10-08 16:04:44,14.308,-16.46,-1,"2016-10-08 16:04:44"
"597","123424-2016",2016-10-08 18:32:43,14.283,-16.459,-1,"2016-10-08 18:32:43"
"598","123424-2016",2016-10-08 18:34:16,14.27,-16.455,-1,"2016-10-08 18:34:16"
"599","123424-2016",2016-10-08 19:10:47,14.272,-16.469,-1,"2016-10-08 19:10:47"
"600","123424-2016",2016-10-08 20:12:02,14.231,-16.453,-1,"2016-10-08 20:12:02"
"601","123424-2016",2016-10-08 20:14:03,14.23,-16.453,-1,"2016-10-08 20:14:03"
"602","123424-2016",2016-10-10 04:31:33,14.229,-16.458,-1,"2016-10-10 04:31:33"
"603","123424-2016",2016-10-10 06:38:03,14.228,-16.459,-1,"2016-10-10 06:38:03"
"604","123424-2016",2016-10-10 06:58:06,14.227,-16.459,-1,"2016-10-10 06:58:06"
"605","123424-2016",2016-10-10 07:21:48,14.312,-16.473,-1,"2016-10-10 07:21:48"
"606","123424-2016",2016-10-11 10:07:09,14.286,-16.501,-1,"2016-10-11 10:07:09"
"607","123424-2016",2016-10-12 18:37:12,14.288,-16.495,-1,"2016-10-12 18:37:12"
"608","123424-2016",2016-10-12 18:46:53,14.284,-16.532,-1,"2016-10-12 18:46:53"
"609","123424-2016",2016-10-12 19:26:06,14.266,-16.481,-1,"2016-10-12 19:26:06"
"610","123424-2016",2016-10-12 20:14:38,14.26,-16.461,-1,"2016-10-12 20:14:38"
"611","123424-2016",2016-10-12 20:30:02,14.264,-16.481,-1,"2016-10-12 20:30:02"
"612","123424-2016",2016-10-14 03:43:28,14.251,-16.478,-1,"2016-10-14 03:43:28"
"613","123424-2016",2016-10-15 12:03:06,14.303,-16.493,-1,"2016-10-15 12:03:06"
"614","123424-2016",2016-10-15 14:43:13,14.299,-16.507,-1,"2016-10-15 14:43:13"
"615","123424-2016",2016-10-15 18:50:39,14.271,-16.486,-1,"2016-10-15 18:50:39"
"616","123424-2016",2016-10-15 18:57:53,14.27,-16.486,-1,"2016-10-15 18:57:53"
"617","123424-2016",2016-10-15 19:00:51,14.272,-16.478,-1,"2016-10-15 19:00:51"
"618","123424-2016",2016-10-16 20:03:58,14.248,-16.515,-1,"2016-10-16 20:03:58"
"619","123424-2016",2016-10-16 20:24:47,14.252,-16.518,-1,"2016-10-16 20:24:47"
"620","123424-2016",2016-10-18 04:40:37,14.257,-16.507,-1,"2016-10-18 04:40:37"
"621","123424-2016",2016-10-18 10:13:06,14.301,-16.499,-1,"2016-10-18 10:13:06"
"622","123424-2016",2016-10-18 10:58:15,14.301,-16.51,-1,"2016-10-18 10:58:15"
"623","123424-2016",2016-10-19 15:40:34,14.306,-16.515,-1,"2016-10-19 15:40:34"
"624","123424-2016",2016-10-19 17:28:49,14.298,-16.52,-1,"2016-10-19 17:28:49"
"625","123424-2016",2016-10-19 18:29:37,14.256,-16.52,-1,"2016-10-19 18:29:37"
"626","123424-2016",2016-10-20 21:24:33,15.274,-16.537,-1,"2016-10-20 21:24:33"
"627","123424-2016",2016-10-20 22:20:57,15.524,-16.275,-1,"2016-10-20 22:20:57"
"628","123424-2016",2016-10-22 06:11:49,16.375,-15.812,-1,"2016-10-22 06:11:49"
"629","123424-2016",2016-10-22 06:38:51,16.376,-15.812,-1,"2016-10-22 06:38:51"
"630","123424-2016",2016-10-23 14:57:16,16.404,-15.915,-1,"2016-10-23 14:57:16"
"631","123424-2016",2016-10-23 16:39:12,16.397,-15.913,-1,"2016-10-23 16:39:12"
"632","123424-2016",2016-10-23 18:03:35,16.434,-15.959,-1,"2016-10-23 18:03:35"
"633","123424-2016",2016-10-23 18:58:28,16.428,-15.957,-1,"2016-10-23 18:58:28"
"634","123424-2016",2016-10-23 19:01:10,16.428,-15.955,-1,"2016-10-23 19:01:10"
"635","123424-2016",2016-10-23 19:47:18,16.426,-15.956,-1,"2016-10-23 19:47:18"
"636","123424-2016",2016-10-23 20:40:27,16.428,-15.959,-1,"2016-10-23 20:40:27"
"637","123424-2016",2016-10-23 22:04:13,16.433,-15.95,-1,"2016-10-23 22:04:13"
"638","123424-2016",2016-10-24 23:26:41,16.375,-15.809,-1,"2016-10-24 23:26:41"
"639","123424-2016",2016-10-25 04:58:44,16.38,-15.813,-1,"2016-10-25 04:58:44"
"640","123424-2016",2016-10-25 06:17:07,16.376,-15.812,-1,"2016-10-25 06:17:07"
"641","123424-2016",2016-10-26 07:15:49,16.249,-15.412,-1,"2016-10-26 07:15:49"
"642","123424-2016",2016-10-26 07:25:42,16.395,-15.808,-1,"2016-10-26 07:25:42"
"643","123424-2016",2016-10-26 08:21:34,16.392,-15.803,-1,"2016-10-26 08:21:34"
"644","123424-2016",2016-10-26 09:54:37,16.395,-15.815,-1,"2016-10-26 09:54:37"
"645","123424-2016",2016-10-26 10:47:57,16.39,-15.818,-1,"2016-10-26 10:47:57"
"646","123424-2016",2016-10-26 11:36:42,16.385,-15.818,-1,"2016-10-26 11:36:42"
"647","123424-2016",2016-10-27 15:51:42,16.369,-15.808,-1,"2016-10-27 15:51:42"
"648","123424-2016",2016-10-27 18:10:35,16.363,-15.807,-1,"2016-10-27 18:10:35"
"649","123424-2016",2016-10-27 18:57:07,16.377,-15.81,-1,"2016-10-27 18:57:07"
"650","123424-2016",2016-10-27 19:17:37,16.376,-15.807,-1,"2016-10-27 19:17:37"
"651","123424-2016",2016-10-27 19:52:32,16.379,-15.811,-1,"2016-10-27 19:52:32"
"652","123424-2016",2016-10-29 04:12:54,16.376,-15.81,-1,"2016-10-29 04:12:54"
"653","123424-2016",2016-10-30 10:11:28,16.418,-15.808,-1,"2016-10-30 10:11:28"
"654","123424-2016",2016-10-30 11:04:41,16.417,-15.8,-1,"2016-10-30 11:04:41"
"655","123424-2016",2016-10-30 11:50:29,16.424,-15.794,-1,"2016-10-30 11:50:29"
"656","123424-2016",2016-10-30 15:15:49,16.424,-15.805,-1,"2016-10-30 15:15:49"
"657","123424-2016",2016-10-31 18:58:42,16.377,-15.815,-1,"2016-10-31 18:58:42"
"658","123424-2016",2016-10-31 19:01:45,16.379,-15.812,-1,"2016-10-31 19:01:45"
"659","123424-2016",2016-10-31 19:12:41,16.376,-15.821,-1,"2016-10-31 19:12:41"
"660","123424-2016",2016-10-31 20:36:32,16.377,-15.82,-1,"2016-10-31 20:36:32"
"661","123424-2016",2016-10-31 21:03:06,16.377,-15.82,-1,"2016-10-31 21:03:06"
"662","123424-2016",2016-10-31 21:50:23,16.378,-15.814,-1,"2016-10-31 21:50:23"
"663","123424-2016",2016-10-31 22:39:16,16.377,-15.812,-1,"2016-10-31 22:39:16"
"664","123424-2016",2016-11-02 03:33:46,16.378,-15.814,-1,"2016-11-02 03:33:46"
"665","123424-2016",2016-11-02 05:14:14,16.378,-15.811,-1,"2016-11-02 05:14:14"
"666","123424-2016",2016-11-03 10:27:49,16.423,-15.812,-1,"2016-11-03 10:27:49"
"667","123424-2016",2016-11-03 11:25:32,16.423,-15.81,-1,"2016-11-03 11:25:32"
"668","123424-2016",2016-11-03 12:06:52,16.424,-15.809,-1,"2016-11-03 12:06:52"
"669","123424-2016",2016-11-03 17:51:57,16.41,-15.768,-1,"2016-11-03 17:51:57"
"670","123424-2016",2016-11-04 18:25:43,16.42,-15.635,-1,"2016-11-04 18:25:43"
"671","123424-2016",2016-11-04 18:34:41,16.405,-15.751,-1,"2016-11-04 18:34:41"
"672","123424-2016",2016-11-04 18:58:55,16.377,-15.809,-1,"2016-11-04 18:58:55"
"673","123424-2016",2016-11-04 20:00:23,16.378,-15.812,-1,"2016-11-04 20:00:23"
"674","123424-2016",2016-11-04 20:12:41,16.377,-15.813,-1,"2016-11-04 20:12:41"
"675","123424-2016",2016-11-04 21:17:14,16.376,-15.803,-1,"2016-11-04 21:17:14"
"676","123424-2016",2016-11-04 22:08:23,16.378,-15.811,-1,"2016-11-04 22:08:23"
"677","123424-2016",2016-11-04 22:57:25,16.377,-15.809,-1,"2016-11-04 22:57:25"
"678","123424-2016",2016-11-06 04:23:45,16.381,-15.814,-1,"2016-11-06 04:23:45"
"679","123424-2016",2016-11-06 10:21:07,16.419,-15.811,-1,"2016-11-06 10:21:07"
"680","123424-2016",2016-11-07 15:24:58,16.425,-15.812,-1,"2016-11-07 15:24:58"
"681","123424-2016",2016-11-07 17:11:39,16.419,-15.814,-1,"2016-11-07 17:11:39"
"682","123424-2016",2016-11-07 18:35:04,16.377,-15.814,-1,"2016-11-07 18:35:04"
"683","123424-2016",2016-11-08 19:48:38,16.378,-15.816,-1,"2016-11-08 19:48:38"
"684","123424-2016",2016-11-08 21:30:49,16.377,-15.812,-1,"2016-11-08 21:30:49"
"685","123424-2016",2016-11-08 22:27:55,16.379,-15.809,-1,"2016-11-08 22:27:55"
"686","123424-2016",2016-11-08 23:16:14,16.377,-15.808,-1,"2016-11-08 23:16:14"
"687","123424-2016",2016-11-10 06:19:09,16.38,-15.811,-1,"2016-11-10 06:19:09"
"688","123424-2016",2016-11-10 07:05:27,16.378,-15.812,-1,"2016-11-10 07:05:27"
"689","123424-2016",2016-11-10 07:37:22,16.467,-15.966,-1,"2016-11-10 07:37:22"
"690","123424-2016",2016-11-10 07:59:31,16.412,-15.838,-1,"2016-11-10 07:59:31"
"691","123424-2016",2016-11-10 09:40:53,16.438,-15.81,-1,"2016-11-10 09:40:53"
"692","123424-2016",2016-11-10 10:39:59,16.449,-15.831,-1,"2016-11-10 10:39:59"
"693","123424-2016",2016-11-10 11:19:00,16.455,-15.81,-1,"2016-11-10 11:19:00"
"694","123424-2016",2016-11-11 14:40:51,16.481,-15.857,-1,"2016-11-11 14:40:51"
"695","123424-2016",2016-11-11 16:21:13,16.48,-15.862,-1,"2016-11-11 16:21:13"
"696","123424-2016",2016-11-11 17:43:53,16.455,-15.851,-1,"2016-11-11 17:43:53"
"697","123424-2016",2016-11-11 18:17:34,16.465,-15.823,-1,"2016-11-11 18:17:34"
"698","123424-2016",2016-11-11 18:38:37,16.447,-15.952,-1,"2016-11-11 18:38:37"
"699","123424-2016",2016-11-11 19:23:37,16.449,-15.953,-1,"2016-11-11 19:23:37"
"700","123424-2016",2016-11-11 19:51:09,16.448,-15.951,-1,"2016-11-11 19:51:09"
"701","123424-2016",2016-11-12 22:46:07,16.448,-15.953,-1,"2016-11-12 22:46:07"
"702","123424-2016",2016-11-12 23:32:31,16.448,-15.954,-1,"2016-11-12 23:32:31"
"703","123424-2016",2016-11-13 03:02:23,16.448,-15.953,-1,"2016-11-13 03:02:23"
"704","123424-2016",2016-11-14 04:33:36,16.457,-15.921,-1,"2016-11-14 04:33:36"
"705","123424-2016",2016-11-14 05:56:51,16.458,-15.918,-1,"2016-11-14 05:56:51"
"706","123424-2016",2016-11-14 06:52:22,16.458,-15.918,-1,"2016-11-14 06:52:22"
"707","123424-2016",2016-11-14 07:09:18,16.456,-15.923,-1,"2016-11-14 07:09:18"
"708","123424-2016",2016-11-14 07:32:03,16.425,-15.903,-1,"2016-11-14 07:32:03"
"709","123424-2016",2016-11-14 08:34:08,16.443,-15.899,-1,"2016-11-14 08:34:08"
"710","123424-2016",2016-11-14 10:02:48,16.444,-15.896,-1,"2016-11-14 10:02:48"
"711","123424-2016",2016-11-14 10:54:02,16.439,-15.902,-1,"2016-11-14 10:54:02"
"712","123424-2016",2016-11-14 11:43:01,16.439,-15.896,-1,"2016-11-14 11:43:01"
"713","123424-2016",2016-11-15 15:35:30,16.439,-15.898,-1,"2016-11-15 15:35:30"
"714","123424-2016",2016-11-15 19:26:02,16.448,-15.953,-1,"2016-11-15 19:26:02"
"715","123424-2016",2016-11-15 19:39:10,16.45,-15.95,-1,"2016-11-15 19:39:10"
"716","123424-2016",2016-11-16 22:10:46,16.448,-15.954,-1,"2016-11-16 22:10:46"
"717","123424-2016",2016-11-18 07:05:27,16.378,-15.812,-1,"2016-11-18 07:05:27"
"718","123424-2016",2016-11-18 07:10:09,16.378,-15.816,-1,"2016-11-18 07:10:09"
"719","123424-2016",2016-11-18 07:47:04,16.398,-15.78,-1,"2016-11-18 07:47:04"
"720","123424-2016",2016-11-18 08:43:46,16.4,-15.767,-1,"2016-11-18 08:43:46"
"721","123424-2016",2016-11-18 10:19:02,16.448,-15.857,-1,"2016-11-18 10:19:02"
"722","123424-2016",2016-11-18 11:57:19,16.467,-15.869,-1,"2016-11-18 11:57:19"
"723","123424-2016",2016-11-19 14:48:29,16.394,-15.819,-1,"2016-11-19 14:48:29"
"724","123424-2016",2016-11-19 16:30:16,16.388,-15.82,-1,"2016-11-19 16:30:16"
"725","123424-2016",2016-11-19 17:45:19,16.399,-15.821,-1,"2016-11-19 17:45:19"
"726","123424-2016",2016-11-19 18:49:14,16.391,-15.808,-1,"2016-11-19 18:49:14"
"727","123424-2016",2016-11-19 19:06:37,16.377,-15.81,-1,"2016-11-19 19:06:37"
"728","123424-2016",2016-11-19 19:23:30,16.379,-15.81,-1,"2016-11-19 19:23:30"
"729","123424-2016",2016-11-20 22:30:04,16.382,-15.802,-1,"2016-11-20 22:30:04"
"730","123424-2016",2016-11-21 03:17:20,16.384,-15.806,-1,"2016-11-21 03:17:20"
"731","123424-2016",2016-11-21 04:51:21,16.385,-15.815,-1,"2016-11-21 04:51:21"
"732","123424-2016",2016-11-22 06:47:09,16.378,-15.809,-1,"2016-11-22 06:47:09"
"733","123424-2016",2016-11-22 07:03:00,16.381,-15.811,-1,"2016-11-22 07:03:00"
"734","123424-2016",2016-11-22 07:05:58,16.378,-15.813,-1,"2016-11-22 07:05:58"
"735","123424-2016",2016-11-22 08:25:12,16.391,-15.804,-1,"2016-11-22 08:25:12"
"736","123424-2016",2016-11-22 08:46:38,16.331,-15.633,-1,"2016-11-22 08:46:38"
"737","123424-2016",2016-11-22 08:48:21,16.371,-15.834,-1,"2016-11-22 08:48:21"
"738","123424-2016",2016-11-22 10:34:54,16.459,-15.882,-1,"2016-11-22 10:34:54"
"739","123424-2016",2016-11-22 11:30:08,16.469,-15.89,-1,"2016-11-22 11:30:08"
"740","123424-2016",2016-11-23 15:45:26,16.46,-15.806,-1,"2016-11-23 15:45:26"
"741","123424-2016",2016-11-23 18:08:33,16.745,-15.981,-1,"2016-11-23 18:08:33"
"742","123424-2016",2016-11-23 18:43:07,16.638,-16.158,-1,"2016-11-23 18:43:07"
"743","123424-2016",2016-11-23 19:24:22,16.379,-15.811,-1,"2016-11-23 19:24:22"
"744","123424-2016",2016-11-23 19:42:05,16.378,-15.81,-1,"2016-11-23 19:42:05"
"745","123424-2016",2016-11-23 20:15:56,16.378,-15.81,-1,"2016-11-23 20:15:56"
"746","123424-2016",2016-11-24 21:58:49,16.378,-15.813,-1,"2016-11-24 21:58:49"
"747","123424-2016",2016-11-24 22:43:03,16.378,-15.812,-1,"2016-11-24 22:43:03"
"748","123424-2016",2016-11-25 04:10:05,16.377,-15.812,-1,"2016-11-25 04:10:05"
"749","123424-2016",2016-11-26 06:21:51,16.377,-15.813,-1,"2016-11-26 06:21:51"
"750","123424-2016",2016-11-26 07:06:09,16.379,-15.811,-1,"2016-11-26 07:06:09"
"751","123424-2016",2016-11-26 07:51:54,16.399,-15.85,-1,"2016-11-26 07:51:54"
"752","123424-2016",2016-11-26 08:00:06,16.425,-15.83,-1,"2016-11-26 08:00:06"
"753","123424-2016",2016-11-26 09:15:32,16.416,-15.855,-1,"2016-11-26 09:15:32"
"754","123424-2016",2016-11-26 10:49:35,16.451,-15.864,-1,"2016-11-26 10:49:35"
"755","123424-2016",2016-11-27 14:59:59,16.45,-15.874,-1,"2016-11-27 14:59:59"
"756","123424-2016",2016-11-27 16:43:54,16.44,-15.866,-1,"2016-11-27 16:43:54"
"757","123424-2016",2016-11-27 17:52:50,16.518,-15.835,-1,"2016-11-27 17:52:50"
"758","123424-2016",2016-11-27 18:17:47,16.376,-15.816,-1,"2016-11-27 18:17:47"
"759","123424-2016",2016-11-27 18:55:11,16.366,-15.814,-1,"2016-11-27 18:55:11"
"760","123424-2016",2016-11-27 19:24:11,16.377,-15.812,-1,"2016-11-27 19:24:11"
"761","123424-2016",2016-11-27 19:55:54,16.374,-15.812,-1,"2016-11-27 19:55:54"
"762","123424-2016",2016-11-28 21:24:11,16.38,-15.809,-1,"2016-11-28 21:24:11"
"763","123424-2016",2016-11-28 22:13:55,16.378,-15.814,-1,"2016-11-28 22:13:55"
"764","123424-2016",2016-11-28 23:01:42,16.378,-15.815,-1,"2016-11-28 23:01:42"
"765","123424-2016",2016-11-29 03:25:30,16.379,-15.813,-1,"2016-11-29 03:25:30"
"766","123424-2016",2016-11-29 05:03:19,16.38,-15.814,-1,"2016-11-29 05:03:19"
"767","123424-2016",2016-11-30 05:59:12,16.377,-15.814,-1,"2016-11-30 05:59:12"
"768","123424-2016",2016-11-30 07:06:30,16.378,-15.805,-1,"2016-11-30 07:06:30"
"769","123424-2016",2016-11-30 07:07:06,16.378,-15.805,-1,"2016-11-30 07:07:06"
"770","123424-2016",2016-11-30 07:33:31,16.377,-15.812,-1,"2016-11-30 07:33:31"
"771","123424-2016",2016-11-30 08:44:21,16.394,-15.809,-1,"2016-11-30 08:44:21"
"772","123424-2016",2016-11-30 09:28:07,16.448,-15.867,-1,"2016-11-30 09:28:07"
"773","123424-2016",2016-11-30 10:27:37,16.452,-15.866,-1,"2016-11-30 10:27:37"
"774","123424-2016",2016-11-30 11:08:02,16.449,-15.863,-1,"2016-11-30 11:08:02"
"775","123424-2016",2016-12-01 15:51:13,16.415,-15.82,-1,"2016-12-01 15:51:13"
"776","123424-2016",2016-12-01 17:49:53,16.386,-15.798,-1,"2016-12-01 17:49:53"
"777","123424-2016",2016-12-01 17:51:56,16.376,-15.823,-1,"2016-12-01 17:51:56"
"778","123424-2016",2016-12-01 18:11:14,16.382,-15.827,-1,"2016-12-01 18:11:14"
"779","123424-2016",2016-12-01 19:22:57,16.379,-15.812,-1,"2016-12-01 19:22:57"
"780","123424-2016",2016-12-01 19:28:01,16.376,-15.811,-1,"2016-12-01 19:28:01"
"781","123424-2016",2016-12-01 19:48:59,16.377,-15.811,-1,"2016-12-01 19:48:59"
"782","123424-2016",2016-12-02 21:36:40,16.38,-15.813,-1,"2016-12-02 21:36:40"
"783","123424-2016",2016-12-02 22:31:29,16.378,-15.809,-1,"2016-12-02 22:31:29"
"784","123424-2016",2016-12-02 23:19:06,16.377,-15.8,-1,"2016-12-02 23:19:06"
"785","123424-2016",2016-12-03 04:13:44,16.377,-15.812,-1,"2016-12-03 04:13:44"
"786","123424-2016",2016-12-04 07:04:52,16.379,-15.812,-1,"2016-12-04 07:04:52"
"787","123424-2016",2016-12-04 07:13:40,16.379,-15.813,-1,"2016-12-04 07:13:40"
"788","123424-2016",2016-12-04 08:03:31,16.427,-15.865,-1,"2016-12-04 08:03:31"
"789","123424-2016",2016-12-04 09:41:47,16.435,-15.875,-1,"2016-12-04 09:41:47"
"790","123424-2016",2016-12-04 10:38:39,16.448,-15.868,-1,"2016-12-04 10:38:39"
"791","123424-2016",2016-12-04 11:23:51,16.446,-15.896,-1,"2016-12-04 11:23:51"
"792","123424-2016",2016-12-05 15:09:37,16.451,-15.859,-1,"2016-12-05 15:09:37"
"793","123424-2016",2016-12-05 16:48:04,16.452,-15.872,-1,"2016-12-05 16:48:04"
"794","123424-2016",2016-12-05 17:47:30,16.451,-15.881,-1,"2016-12-05 17:47:30"
"795","123424-2016",2016-12-05 19:02:43,16.378,-15.813,-1,"2016-12-05 19:02:43"
"796","123424-2016",2016-12-05 19:08:48,16.378,-15.81,-1,"2016-12-05 19:08:48"
"797","123424-2016",2016-12-05 19:24:44,16.378,-15.809,-1,"2016-12-05 19:24:44"
"798","123424-2016",2016-12-06 21:53:31,16.377,-15.816,-1,"2016-12-06 21:53:31"
"799","123424-2016",2016-12-06 23:37:01,16.366,-15.805,-1,"2016-12-06 23:37:01"
"800","123424-2016",2016-12-07 03:36:39,16.374,-15.808,-1,"2016-12-07 03:36:39"
"801","123424-2016",2016-12-08 05:06:12,16.445,-16.298,-1,"2016-12-08 05:06:12"
"802","123424-2016",2016-12-08 06:45:14,16.449,-16.323,-1,"2016-12-08 06:45:14"
"803","123424-2016",2016-12-08 07:12:49,16.452,-16.319,-1,"2016-12-08 07:12:49"
"804","123424-2016",2016-12-08 07:15:46,16.451,-16.32,-1,"2016-12-08 07:15:46"
"805","123424-2016",2016-12-08 08:56:33,16.439,-16.309,-1,"2016-12-08 08:56:33"
"806","123424-2016",2016-12-08 10:00:59,16.46,-16.326,-1,"2016-12-08 10:00:59"
"807","123424-2016",2016-12-08 10:59:10,16.443,-16.302,-1,"2016-12-08 10:59:10"
"808","123424-2016",2016-12-08 11:43:56,16.471,-16.321,-1,"2016-12-08 11:43:56"
"809","123424-2016",2016-12-10 21:30:35,16.456,-16.324,-1,"2016-12-10 21:30:35"
"810","123424-2016",2016-12-10 22:10:50,16.452,-16.321,-1,"2016-12-10 22:10:50"
"811","123424-2016",2016-12-11 02:48:50,16.453,-16.32,-1,"2016-12-11 02:48:50"
"812","123424-2016",2016-12-11 04:26:14,16.448,-16.317,-1,"2016-12-11 04:26:14"
"813","123424-2016",2016-12-12 04:24:02,16.421,-16.274,-1,"2016-12-12 04:24:02"
"814","123424-2016",2016-12-12 06:20:33,16.458,-16.326,-1,"2016-12-12 06:20:33"
"815","123424-2016",2016-12-12 06:31:33,16.458,-16.326,-1,"2016-12-12 06:31:33"
"816","123424-2016",2016-12-12 07:07:08,16.458,-16.326,-1,"2016-12-12 07:07:08"
"817","123424-2016",2016-12-12 08:04:04,16.464,-16.33,-1,"2016-12-12 08:04:04"
"818","123424-2016",2016-12-12 08:07:42,16.469,-16.323,-1,"2016-12-12 08:07:42"
"819","123424-2016",2016-12-12 10:18:26,16.454,-16.321,-1,"2016-12-12 10:18:26"
"820","123424-2016",2016-12-12 11:17:18,16.453,-16.323,-1,"2016-12-12 11:17:18"
"821","123424-2016",2016-12-12 12:02:00,16.443,-16.321,-1,"2016-12-12 12:02:00"
"822","123424-2016",2016-12-13 15:18:52,16.455,-16.326,-1,"2016-12-13 15:18:52"
"823","123424-2016",2016-12-13 17:46:32,16.447,-16.329,-1,"2016-12-13 17:46:32"
"824","123424-2016",2016-12-13 18:17:42,16.453,-16.332,-1,"2016-12-13 18:17:42"
"825","123424-2016",2016-12-13 19:10:43,16.456,-16.324,-1,"2016-12-13 19:10:43"
"826","123424-2016",2016-12-13 19:29:20,16.455,-16.325,-1,"2016-12-13 19:29:20"
"827","123424-2016",2016-12-13 19:53:15,16.456,-16.32,-1,"2016-12-13 19:53:15"
"828","123424-2016",2016-12-14 22:29:40,16.456,-16.326,-1,"2016-12-14 22:29:40"
"829","123424-2016",2016-12-15 03:46:09,16.452,-16.335,-1,"2016-12-15 03:46:09"
"830","123424-2016",2016-12-16 05:12:02,16.45,-16.328,-1,"2016-12-16 05:12:02"
"831","123424-2016",2016-12-16 05:57:53,16.453,-16.326,-1,"2016-12-16 05:57:53"
"832","123424-2016",2016-12-16 07:06:38,16.454,-16.324,-1,"2016-12-16 07:06:38"
"833","123424-2016",2016-12-16 07:22:54,16.454,-16.325,-1,"2016-12-16 07:22:54"
"834","123424-2016",2016-12-16 07:38:05,16.458,-16.324,-1,"2016-12-16 07:38:05"
"835","123424-2016",2016-12-16 10:36:52,16.453,-16.314,-1,"2016-12-16 10:36:52"
"836","123424-2016",2016-12-17 16:11:33,16.455,-16.325,-1,"2016-12-17 16:11:33"
"837","123424-2016",2016-12-17 17:44:38,16.459,-16.328,-1,"2016-12-17 17:44:38"
"838","123424-2016",2016-12-17 17:51:58,16.46,-16.326,-1,"2016-12-17 17:51:58"
"839","123424-2016",2016-12-17 18:25:43,16.449,-16.319,-1,"2016-12-17 18:25:43"
"840","123424-2016",2016-12-17 19:25:45,16.453,-16.318,-1,"2016-12-17 19:25:45"
"841","123424-2016",2016-12-17 19:27:40,16.451,-16.323,-1,"2016-12-17 19:27:40"
"842","123424-2016",2016-12-18 19:53:47,16.446,-16.319,-1,"2016-12-18 19:53:47"
"843","123424-2016",2016-12-18 21:57:55,16.441,-16.315,-1,"2016-12-18 21:57:55"
"844","123424-2016",2016-12-18 22:46:18,16.447,-16.32,-1,"2016-12-18 22:46:18"
"845","123424-2016",2016-12-19 03:00:25,16.439,-16.322,-1,"2016-12-19 03:00:25"
"846","123424-2016",2016-12-20 04:25:40,16.45,-16.325,-1,"2016-12-20 04:25:40"
"847","123424-2016",2016-12-20 05:27:33,16.445,-16.326,-1,"2016-12-20 05:27:33"
"848","123424-2016",2016-12-20 06:40:24,16.45,-16.321,-1,"2016-12-20 06:40:24"
"849","123424-2016",2016-12-20 07:05:52,16.45,-16.327,-1,"2016-12-20 07:05:52"
"850","123424-2016",2016-12-20 07:12:03,16.442,-16.307,-1,"2016-12-20 07:12:03"
"851","123424-2016",2016-12-21 10:37:13,16.454,-16.323,-1,"2016-12-21 10:37:13"
"852","123424-2016",2016-12-21 11:32:27,16.458,-16.319,-1,"2016-12-21 11:32:27"
"853","123424-2016",2016-12-21 15:25:09,16.457,-16.319,-1,"2016-12-21 15:25:09"
"854","123424-2016",2016-12-21 17:07:36,16.454,-16.322,-1,"2016-12-21 17:07:36"
"855","123424-2016",2016-12-22 18:38:23,16.451,-16.325,-1,"2016-12-22 18:38:23"
"856","123424-2016",2016-12-22 19:03:11,16.453,-16.317,-1,"2016-12-22 19:03:11"
"857","123424-2016",2016-12-22 19:06:37,16.452,-16.33,-1,"2016-12-22 19:06:37"
"858","123424-2016",2016-12-22 20:16:27,16.448,-16.323,-1,"2016-12-22 20:16:27"
"859","123424-2016",2016-12-22 21:21:48,16.447,-16.327,-1,"2016-12-22 21:21:48"
"860","123424-2016",2016-12-22 22:14:28,16.442,-16.327,-1,"2016-12-22 22:14:28"
"861","123424-2016",2016-12-22 23:04:50,16.448,-16.324,-1,"2016-12-22 23:04:50"
"862","123424-2016",2016-12-24 06:49:42,16.457,-16.327,-1,"2016-12-24 06:49:42"
"863","123424-2016",2016-12-24 07:06:01,16.45,-16.325,-1,"2016-12-24 07:06:01"
"864","123424-2016",2016-12-24 07:34:18,16.451,-16.324,-1,"2016-12-24 07:34:18"
"865","123424-2016",2016-12-25 10:49:58,16.45,-16.327,-1,"2016-12-25 10:49:58"
"866","123424-2016",2016-12-25 14:44:41,16.45,-16.325,-1,"2016-12-25 14:44:41"
"867","123424-2016",2016-12-25 16:21:35,16.449,-16.322,-1,"2016-12-25 16:21:35"
"868","123424-2016",2016-12-26 18:23:11,16.448,-16.322,-1,"2016-12-26 18:23:11"
"869","123424-2016",2016-12-26 19:00:41,16.45,-16.321,-1,"2016-12-26 19:00:41"
"870","123424-2016",2016-12-26 19:52:04,16.45,-16.322,-1,"2016-12-26 19:52:04"
"871","123424-2016",2016-12-26 20:03:20,16.45,-16.321,-1,"2016-12-26 20:03:20"
"872","123424-2016",2016-12-26 21:39:17,16.45,-16.322,-1,"2016-12-26 21:39:17"
"873","123424-2016",2016-12-26 22:33:52,16.45,-16.321,-1,"2016-12-26 22:33:52"
"874","123424-2016",2016-12-26 23:21:11,16.452,-16.321,-1,"2016-12-26 23:21:11"
"875","123424-2016",2016-12-28 04:34:43,16.45,-16.321,-1,"2016-12-28 04:34:43"
"876","123424-2016",2016-12-28 06:23:43,16.45,-16.32,-1,"2016-12-28 06:23:43"
"877","123424-2016",2016-12-28 06:47:05,16.451,-16.325,-1,"2016-12-28 06:47:05"
"878","123424-2016",2016-12-28 07:06:49,16.451,-16.323,-1,"2016-12-28 07:06:49"
"879","123424-2016",2016-12-28 08:27:24,16.45,-16.323,-1,"2016-12-28 08:27:24"
"880","123424-2016",2016-12-28 08:45:05,16.45,-16.323,-1,"2016-12-28 08:45:05"
"881","123424-2016",2016-12-29 10:26:40,16.471,-16.324,-1,"2016-12-29 10:26:40"
"882","123424-2016",2016-12-29 11:07:18,16.472,-16.322,-1,"2016-12-29 11:07:18"
"883","123424-2016",2016-12-29 15:36:59,16.475,-16.319,-1,"2016-12-29 15:36:59"
"884","123424-2016",2016-12-30 18:59:35,16.449,-16.325,-1,"2016-12-30 18:59:35"
"885","123424-2016",2016-12-30 19:14:14,16.448,-16.324,-1,"2016-12-30 19:14:14"
"886","123424-2016",2016-12-30 19:28:53,16.448,-16.321,-1,"2016-12-30 19:28:53"
"887","123424-2016",2016-12-30 21:57:25,16.449,-16.323,-1,"2016-12-30 21:57:25"
