"","x","y","t","date_time"
"1",663792.985015556,5866663.95293335,1367659695,2013-05-04 05:28:15
"2",663716.631938971,5866783.35767607,1367663302,2013-05-04 06:28:22
"3",663785.335084688,5866689.30167182,1367666899,2013-05-04 07:28:19
"4",663719.280217319,5866789.98326653,1367670550,2013-05-04 08:29:10
"5",663722.874181134,5866786.58685743,1367674146,2013-05-04 09:29:06
"6",663722.970510819,5866784.54145159,1367677762,2013-05-04 10:29:22
"7",663719.793850172,5866788.33058197,1367681396,2013-05-04 11:29:56
"8",663775.682521406,5866734.20073403,1367684993,2013-05-04 12:29:53
"9",663710.638949566,5866793.0079831,1367688608,2013-05-04 13:30:08
"10",663713.427587665,5866788.35948782,1367692257,2013-05-04 14:30:57
"11",663826.423872296,5866667.81616567,1367695876,2013-05-04 15:31:16
"12",663884.773779776,5867342.243563,1367703125,2013-05-04 17:32:05
"13",663889.195128836,5867343.59627495,1367706758,2013-05-04 18:32:38
"14",663869.36812087,5867303.19605423,1367710364,2013-05-04 19:32:44
"15",663887.649165439,5867329.6928829,1367713970,2013-05-04 20:32:50
"16",663875.315394451,5867309.14331824,1367717573,2013-05-04 21:32:53
"17",663856.595525383,5867271.39730082,1367721278,2013-05-04 22:34:38
"18",663721.969544408,5866789.45102358,1367728508,2013-05-05 00:35:08
"19",663722.045433997,5866789.19751467,1367732121,2013-05-05 01:35:21
"20",663720.665533111,5866788.81666213,1367735724,2013-05-05 02:35:24
"21",663722.741536566,5866783.75429365,1367739338,2013-05-05 03:35:38
"22",663722.291669284,5866787.69163312,1367742953,2013-05-05 04:35:53
"23",663720.595855792,5866790.47327887,1367746554,2013-05-05 05:35:54
"24",663712.978656172,5866779.3813012,1367750198,2013-05-05 06:36:38
"25",663710.9391133,5866769.29139842,1367753801,2013-05-05 07:36:41
"26",663721.140313298,5866800.60152169,1367757401,2013-05-05 08:36:41
"27",663792.155469027,5866672.53143651,1367761024,2013-05-05 09:37:04
"28",663722.999427012,5866784.08593469,1367764658,2013-05-05 10:37:38
"29",663716.765461895,5866799.25057167,1367768421,2013-05-05 11:40:21
"30",663723.383804305,5866789.81077436,1367772033,2013-05-05 12:40:33
"31",663782.944232059,5866723.2574763,1367775639,2013-05-05 13:40:39
"32",663712.112567558,5866774.76466067,1367779257,2013-05-05 14:40:57
"33",663751.459396837,5866740.53771108,1367782868,2013-05-05 15:41:08
"34",664010.484166132,5867369.55299784,1367790197,2013-05-05 17:43:17
"35",664001.549942032,5867368.94859227,1367793810,2013-05-05 18:43:30
"36",663985.289898683,5867372.87168451,1367797446,2013-05-05 19:44:06
"37",663986.14516575,5867366.91059042,1367801078,2013-05-05 20:44:38
"38",663891.024206623,5867331.54448384,1367808283,2013-05-05 22:44:43
"39",663723.127946896,5866789.02270403,1367815523,2013-05-06 00:45:23
"40",663722.542779587,5866789.2143931,1367819138,2013-05-06 01:45:38
"41",663723.655082222,5866786.17912899,1367822737,2013-05-06 02:45:37
"42",663721.71467678,5866783.87532261,1367826353,2013-05-06 03:45:53
"43",663723.88783045,5866786.85507404,1367829968,2013-05-06 04:46:08
"44",663750.381191295,5866768.5367929,1367833583,2013-05-06 05:46:23
"45",663738.430314644,5866779.26526866,1367837195,2013-05-06 06:46:35
"46",663722.366094406,5866785.30032671,1367859008,2013-05-06 12:50:08
"47",663797.179423211,5866695.59373389,1367862621,2013-05-06 13:50:21
"48",663754.943214046,5866743.36154969,1367866229,2013-05-06 14:50:29
"49",663746.936013092,5866753.07705823,1367869868,2013-05-06 15:51:08
"50",664015.711877399,5867376.0772257,1367877108,2013-05-06 17:51:48
"51",664010.087476453,5867369.14981388,1367879918,2013-05-06 18:38:38
"52",664013.102462586,5867382.3794979,1367881096,2013-05-06 18:58:16
"53",664012.525584267,5867375.20619044,1367882576.5,2013-05-06 19:22:56
"54",664020.637865632,5867402.98518878,1367884056,2013-05-06 19:47:36
"55",664022.130607539,5867398.71967797,1367885536,2013-05-06 20:12:16
"56",664015.575393412,5867386.02651622,1367887018,2013-05-06 20:36:58
"57",664005.41403442,5867381.93992535,1367888503,2013-05-06 21:01:43
"58",663996.117257496,5867372.80557551,1367889747,2013-05-06 21:22:27
"59",663873.826862793,5867305.42961673,1367891880,2013-05-06 21:58:00
"60",663861.577492245,5867284.96646888,1367892768,2013-05-06 22:12:48
"61",663810.80648271,5866663.05490505,1367894887,2013-05-06 22:48:07
"62",663811.289665551,5866653.18422017,1367896086,2013-05-06 23:08:06
"63",663805.013422724,5866655.11443728,1367897566.5,2013-05-06 23:32:46
"64",663802.498116145,5866660.82434106,1367898750.5,2013-05-06 23:52:30
"65",663721.915460477,5866785.69142834,1367900526.5,2013-05-07 00:22:06
"66",663722.278618687,5866788.04032571,1367902022,2013-05-07 00:47:02
"67",663723.369071156,5866789.25356919,1367903502,2013-05-07 01:11:42
"68",663723.319145756,5866794.09520983,1367904983,2013-05-07 01:36:23
"69",663721.483407581,5866794.55621328,1367906478.5,2013-05-07 02:01:18
"70",663721.045998262,5866787.00394597,1367907989,2013-05-07 02:26:29
"71",663721.032449781,5866779.88842941,1367909486.5,2013-05-07 02:51:26
"72",663720.83464534,5866785.81619343,1367910981,2013-05-07 03:16:21
"73",663721.698723111,5866785.13850196,1367912460,2013-05-07 03:41:00
"74",663721.875687304,5866784.6824423,1367913660.5,2013-05-07 04:01:00
"75",663721.645650324,5866788.08429168,1367916982,2013-05-07 04:56:22
"76",663725.713167725,5866787.79104879,1367918460.5,2013-05-07 05:21:00
"77",663719.848285217,5866788.30605855,1367919957,2013-05-07 05:45:57
"78",663721.784257747,5866786.08780344,1367921482.5,2013-05-07 06:11:22
"79",663723.73119029,5866785.32438594,1367922963,2013-05-07 06:36:03
"80",663724.524801706,5866783.84821508,1367924443,2013-05-07 07:00:43
"81",663723.903582647,5866784.05239773,1367925940,2013-05-07 07:25:40
"82",663743.826866853,5866738.61966819,1367927727,2013-05-07 07:55:27
"83",663740.178218307,5866742.73541267,1367928933,2013-05-07 08:15:33
"84",663747.593847633,5866742.61662736,1367930411,2013-05-07 08:40:11
"85",663753.179132376,5866749.93759854,1367931907,2013-05-07 09:05:07
"86",663748.710045738,5866753.9389279,1367933090,2013-05-07 09:24:50
"87",663717.513028769,5866781.58385202,1367934867,2013-05-07 09:54:27
"88",663722.143905006,5866786.39506251,1367936362,2013-05-07 10:19:22
"89",663722.536567918,5866787.97142708,1367937859,2013-05-07 10:44:19
"90",663722.79520932,5866793.27577396,1367939340,2013-05-07 11:09:00
"91",663724.775696404,5866796.37513028,1367940845,2013-05-07 11:34:05
"92",663721.378791468,5866784.4540312,1367942066,2013-05-07 11:54:26
"93",663718.09151078,5866793.68398613,1367944202.5,2013-05-07 12:30:02
"94",663725.704304578,5866788.54786683,1367945385.5,2013-05-07 12:49:45
"95",663725.210508026,5866788.27671997,1367946867,2013-05-07 13:14:27
"96",663764.136738964,5866722.48541089,1367948642,2013-05-07 13:44:02
"97",663758.254626219,5866723.21545619,1367949841.5,2013-05-07 14:04:01
"98",663791.647094423,5866677.9921589,1367951617,2013-05-07 14:33:37
"99",663798.695126496,5866669.22014543,1367952801,2013-05-07 14:53:21
"100",663795.051789009,5866672.84131611,1367954578,2013-05-07 15:22:58
"101",663795.714786487,5866661.83549084,1367956083.5,2013-05-07 15:48:03
"102",663803.353456112,5866674.47596612,1367957272.5,2013-05-07 16:07:52
"103",663861.988119643,5867266.93755883,1367958755,2013-05-07 16:32:35
"104",664016.610359765,5867375.57333878,1367960639,2013-05-07 17:03:59
"105",664017.553414319,5867381.42214974,1367961839,2013-05-07 17:23:59
"106",664005.669420055,5867375.41842604,1367963341.5,2013-05-07 17:49:01
"107",664009.300813138,5867377.84110498,1367964831,2013-05-07 18:13:51
"108",664020.874497398,5867387.58178254,1367966311,2013-05-07 18:38:31
"109",664021.771434352,5867395.3338155,1367967791,2013-05-07 19:03:11
"110",663994.999217171,5867372.78348983,1367969567,2013-05-07 19:32:47
"111",664006.125466169,5867371.50358148,1367971054.5,2013-05-07 19:57:34
"112",664025.15157209,5867383.57975382,1367972543,2013-05-07 20:22:23
"113",664026.609297524,5867387.40380423,1367974022,2013-05-07 20:47:02
"114",664032.99326179,5867401.47179327,1367975501,2013-05-07 21:11:41
"115",664032.32454631,5867395.21949233,1367976982.5,2013-05-07 21:36:22
"116",664033.236764207,5867397.87260839,1367978461,2013-05-07 22:01:01
"117",664011.578719068,5867380.10085478,1367979662,2013-05-07 22:21:02
"118",663824.000626134,5866669.13125439,1367981437.5,2013-05-07 22:50:37
"119",663809.141773395,5866662.83693726,1367982917,2013-05-07 23:15:17
"120",663808.124709813,5866662.84011661,1367984397,2013-05-07 23:39:57
"121",663721.692987373,5866788.08327751,1367986236,2013-05-08 00:10:36
"122",663720.042000307,5866788.73818367,1367987420,2013-05-08 00:30:20
"123",663721.671735667,5866788.51121927,1367988900.5,2013-05-08 00:55:00
"124",663721.668049741,5866787.33062394,1367990382,2013-05-08 01:19:42
"125",663722.903365602,5866786.42083632,1367991877,2013-05-08 01:44:37
"126",663721.926376354,5866786.77347369,1367993355,2013-05-08 02:09:15
"127",663722.854236715,5866787.85558944,1367996363,2013-05-08 02:59:23
"128",663723.110028415,5866787.46888852,1367997860.5,2013-05-08 03:24:20
"129",663729.548507991,5866795.72066686,1367999339,2013-05-08 03:48:59
"130",663722.617682344,5866788.59342531,1368000819,2013-05-08 04:13:39
"131",663723.615101988,5866789.33985752,1368002300,2013-05-08 04:38:20
"132",663722.915450397,5866786.56042284,1368003794.5,2013-05-08 05:03:14
"133",663748.8854637,5866728.74840129,1368005276,2013-05-08 05:27:56
"134",663723.400052233,5866785.71910538,1368007098,2013-05-08 05:58:18
"135",663722.850962984,5866786.77534928,1368008594.5,2013-05-08 06:23:14
"136",663721.288688482,5866786.84231764,1368010075,2013-05-08 06:47:55
"137",663720.896991215,5866786.35831326,1368011554.5,2013-05-08 07:12:34
"138",663720.935556785,5866787.04096796,1368013033,2013-05-08 07:37:13
"139",663721.051593964,5866785.27241786,1368014546.5,2013-05-08 08:02:26
"140",663721.310623655,5866786.06616274,1368016041,2013-05-08 08:27:21
"141",663722.35490554,5866781.66466237,1368017522.5,2013-05-08 08:52:02
"142",663721.241106748,5866785.73534753,1368018706.5,2013-05-08 09:11:46
"143",663720.80854478,5866787.77490979,1368020793,2013-05-08 09:46:33
"144",663746.600458264,5866739.87747761,1368021976.5,2013-05-08 10:06:16
"145",663792.342442149,5866694.67239422,1368023456.5,2013-05-08 10:30:56
"146",663794.26120264,5866679.75339119,1368024968,2013-05-08 10:56:08
"147",663714.021568953,5866777.20100624,1368027944,2013-05-08 11:45:44
"148",663722.302618223,5866782.21402596,1368030935,2013-05-08 12:35:35
"149",663723.00468144,5866784.5259101,1368032431,2013-05-08 13:00:31
"150",663722.581228801,5866784.61174628,1368033615,2013-05-08 13:20:15
"151",663755.19077698,5866727.14756021,1368035391.5,2013-05-08 13:49:51
"152",663747.362909464,5866734.00188448,1368036913,2013-05-08 14:15:13
"153",663760.354855809,5866731.51483949,1368038450.5,2013-05-08 14:40:50
"154",663752.327932698,5866728.96485738,1368039945,2013-05-08 15:05:45
"155",663759.749454584,5866722.29195176,1368041432,2013-05-08 15:30:32
"156",663785.372374067,5866695.04259405,1368042918,2013-05-08 15:55:18
"157",663791.184049898,5866696.98236341,1368044118,2013-05-08 16:15:18
"158",663896.014553138,5867351.59404841,1368046238.5,2013-05-08 16:50:38
"159",663958.821734332,5867365.36975905,1368047622.5,2013-05-08 17:13:42
"160",664022.049693582,5867384.76329435,1368048924,2013-05-08 17:35:24
"161",664020.603018042,5867383.13261564,1368050342,2013-05-08 17:59:02
"162",664010.798720535,5867365.64447262,1368051910,2013-05-08 18:25:10
"163",664008.901922444,5867361.7939216,1368053445,2013-05-08 18:50:45
"164",664009.330850311,5867362.58681327,1368054997,2013-05-08 19:16:37
"165",663998.259083829,5867365.39109302,1368056532,2013-05-08 19:42:12
"166",663995.356453112,5867362.66690278,1368057968,2013-05-08 20:06:08
"167",663874.206473442,5867312.57392574,1368059509.5,2013-05-08 20:31:49
"168",663861.165061516,5867296.31483754,1368060900,2013-05-08 20:55:00
"169",663852.980961852,5867288.97243801,1368062472,2013-05-08 21:21:12
"170",663849.169150497,5867288.04637062,1368063851.5,2013-05-08 21:44:11
"171",663853.603891596,5867268.06121122,1368065430.5,2013-05-08 22:10:30
"172",663849.02954315,5867288.83798718,1368066989.5,2013-05-08 22:36:29
"173",663766.255253556,5866730.34563406,1368068555.5,2013-05-08 23:02:35
"174",663721.460716934,5866789.17767119,1368069915,2013-05-08 23:25:15
"175",663721.904890968,5866788.5803694,1368071395,2013-05-08 23:49:55
"176",663720.523495328,5866786.65739292,1368072885.5,2013-05-09 00:14:45
"177",663722.89533057,5866786.95500059,1368074407,2013-05-09 00:40:07
"178",663721.764936516,5866786.85540085,1368075898.5,2013-05-09 01:04:58
"179",663721.536201201,5866786.95341226,1368077378,2013-05-09 01:29:38
"180",663721.642189345,5866787.10175252,1368078859,2013-05-09 01:54:19
"181",663719.597812182,5866787.3746159,1368080337,2013-05-09 02:18:57
"182",663722.682394627,5866780.04463035,1368081840,2013-05-09 02:44:00
"183",663698.71331626,5866778.40738752,1368083177.5,2013-05-09 03:06:17
"184",663723.014835508,5866784.32584083,1368084842,2013-05-09 03:34:02
"185",663722.986833374,5866785.34922803,1368086025,2013-05-09 03:53:45
"186",663722.585894497,5866786.15954496,1368088104.5,2013-05-09 04:28:24
"187",663726.486883489,5866777.88011932,1368090801,2013-05-09 05:13:21
"188",663689.642436989,5866802.02672253,1368092582,2013-05-09 05:43:02
"189",663716.780401716,5866785.82335121,1368093824,2013-05-09 06:03:44
"190",663722.457299177,5866784.00073186,1368095312,2013-05-09 06:28:32
"191",663720.954561788,5866787.18279902,1368097088,2013-05-09 06:58:08
"192",663715.980081742,5866790.37230763,1368098567.5,2013-05-09 07:22:47
"193",663724.107084479,5866793.89501877,1368100051,2013-05-09 07:47:31
"194",663721.284327193,5866787.53497193,1368101543,2013-05-09 08:12:23
"195",663721.214876137,5866786.5082775,1368103039,2013-05-09 08:37:19
"196",663721.746472166,5866786.80467077,1368104519.5,2013-05-09 09:01:59
"197",663719.291743301,5866788.05745789,1368106000,2013-05-09 09:26:40
"198",663725.95044888,5866785.75599392,1368107480,2013-05-09 09:51:20
"199",663721.530931219,5866787.60306399,1368108993,2013-05-09 10:16:33
"200",663720.481006356,5866788.50421211,1368110470,2013-05-09 10:41:10
"201",663722.866525618,5866784.53235559,1368111663,2013-05-09 11:01:03
"202",663788.812793651,5866714.22922908,1368113302,2013-05-09 11:28:22
"203",663752.763120802,5866730.79136203,1368114972,2013-05-09 11:56:12
"204",663741.737006257,5866745.25474897,1368116223,2013-05-09 12:17:03
"205",663722.093944856,5866780.53126172,1368118022,2013-05-09 12:47:02
"206",663722.627395323,5866786.52281173,1368119529,2013-05-09 13:12:09
"207",663723.224029524,5866774.29554657,1368121216.5,2013-05-09 13:40:16
"208",663748.774759573,5866741.42639206,1368122437,2013-05-09 14:00:37
"209",663742.426211309,5866726.55843012,1368124245,2013-05-09 14:30:45
"210",663743.9254499,5866722.60409125,1368125005,2013-05-09 14:43:25
"211",663778.69026494,5866701.49618923,1368128839.5,2013-05-09 15:47:19
"212",663786.998935252,5866681.31933147,1368129595,2013-05-09 15:59:55
"213",663813.44992733,5866662.58051574,1368131587.5,2013-05-09 16:33:07
"214",663844.435743395,5867302.90817934,1368133116,2013-05-09 16:58:36
"215",663842.689507678,5867293.74093688,1368134388,2013-05-09 17:19:48
"216",663877.791479041,5867335.03282565,1368136236,2013-05-09 17:50:36
"217",663878.300962534,5867334.81336456,1368137347,2013-05-09 18:09:07
"218",664000.759014215,5867368.18632083,1368139052,2013-05-09 18:37:32
"219",664001.658742595,5867361.29996632,1368140450.5,2013-05-09 19:00:50
"220",663998.748551718,5867361.61567359,1368141682.5,2013-05-09 19:21:22
"221",663862.631726677,5867315.50572088,1368143538.5,2013-05-09 19:52:18
"222",663866.800453674,5867322.13705461,1368145260,2013-05-09 20:21:00
"223",663866.116625115,5867328.43627448,1368146491,2013-05-09 20:41:31
"224",663861.502211691,5867319.7704348,1368147892.5,2013-05-09 21:04:52
"225",663841.545777794,5867276.3269882,1368149633,2013-05-09 21:33:53
"226",663850.434081375,5867284.13142936,1368150850.5,2013-05-09 21:54:10
"227",663858.939883449,5867298.34636678,1368152241.5,2013-05-09 22:17:21
"228",663843.905216279,5867283.9746921,1368153778,2013-05-09 22:42:58
"229",663802.095754219,5866671.0232962,1368155801,2013-05-09 23:16:41
"230",663795.648184426,5866667.36959292,1368156865.5,2013-05-09 23:34:25
"231",663721.040465795,5866788.67350867,1368158577.5,2013-05-10 00:02:57
"232",663721.282085038,5866786.51055835,1368160056,2013-05-10 00:27:36
"233",663719.540329498,5866787.2753729,1368161536.5,2013-05-10 00:52:16
"234",663720.77636327,5866786.93875993,1368163017,2013-05-10 01:16:57
"235",663721.682079997,5866785.72804456,1368164496.5,2013-05-10 01:41:36
"236",663721.766207239,5866785.92574636,1368166312,2013-05-10 02:11:52
"237",663722.560618618,5866788.07101578,1368167495,2013-05-10 02:31:35
"238",663723.830907796,5866785.26096546,1368168991,2013-05-10 02:56:31
"239",663722.824770234,5866784.87052868,1368170487,2013-05-10 03:21:27
"240",663723.540786923,5866783.2024447,1368171981,2013-05-10 03:46:21
"241",663722.450865268,5866788.3027932,1368173474,2013-05-10 04:11:14
"242",663719.476610748,5866791.03653715,1368174970,2013-05-10 04:36:10
"243",663720.998977446,5866790.85756117,1368176464,2013-05-10 05:01:04
"244",663721.688981078,5866787.80478898,1368177950.5,2013-05-10 05:25:50
"245",663723.080177788,5866786.32797669,1368179431,2013-05-10 05:50:31
"246",663724.514915785,5866784.33778012,1368180926,2013-05-10 06:15:26
"247",663723.262906039,5866784.45116772,1368182407,2013-05-10 06:40:07
"248",663720.625932866,5866791.96626944,1368183886,2013-05-10 07:04:46
"249",663719.816118855,5866782.86682439,1368185381,2013-05-10 07:29:41
"250",663719.623180163,5866782.75217164,1368186861.5,2013-05-10 07:54:21
"251",663715.744321987,5866792.85834583,1368188341,2013-05-10 08:19:01
"252",663707.054881707,5866795.91483809,1368189822.5,2013-05-10 08:43:42
"253",663702.916081901,5866793.12263811,1368191328,2013-05-10 09:08:48
"254",663720.684245283,5866787.67048461,1368192841.5,2013-05-10 09:34:01
"255",663722.518233333,5866786.9741681,1368194340,2013-05-10 09:59:00
"256",663722.990282617,5866762.15146442,1368195964,2013-05-10 10:26:04
"257",663735.595631338,5866730.90834735,1368197317,2013-05-10 10:48:37
"258",663730.578679447,5866766.26139372,1368198684,2013-05-10 11:11:24
"259",663725.365207874,5866792.09696337,1368200325,2013-05-10 11:38:45
"260",663727.170746667,5866797.87791039,1368201809,2013-05-10 12:03:29
"261",663752.992521212,5866739.57654579,1368203651,2013-05-10 12:34:11
"262",663739.960080594,5866734.3910771,1368204867,2013-05-10 12:54:27
"263",663721.009707304,5866787.0023494,1368206689,2013-05-10 13:24:49
"264",663721.102086041,5866788.64219756,1368207883,2013-05-10 13:44:43
"265",663766.049352842,5866725.54457284,1368209678,2013-05-10 14:14:38
"266",663770.938077998,5866722.95991208,1368210891,2013-05-10 14:34:51
"267",663777.249169033,5866706.27732349,1368212422,2013-05-10 15:00:22
"268",663777.752611241,5866703.40873199,1368213972,2013-05-10 15:26:12
"269",663778.060845611,5866702.4610297,1368215490,2013-05-10 15:51:30
"270",663805.843637422,5866701.27454543,1368217161.5,2013-05-10 16:19:21
"271",663888.381505657,5867328.89274024,1368218529,2013-05-10 16:42:09
"272",663887.343740135,5867327.16239852,1368219721.5,2013-05-10 17:02:01
"273",663876.566960434,5867321.81194678,1368221290,2013-05-10 17:28:10
"274",663991.33469048,5867365.71051321,1368222994,2013-05-10 17:56:34
"275",663990.690558056,5867358.56980961,1368224401.5,2013-05-10 18:20:01
"276",663881.718318631,5867334.74133482,1368225944.5,2013-05-10 18:45:44
"277",663881.786364322,5867331.1726116,1368227346,2013-05-10 19:09:06
"278",663877.156246785,5867334.36900211,1368228881,2013-05-10 19:34:41
"279",663877.571710811,5867317.43213371,1368230300.5,2013-05-10 19:58:20
"280",663872.24898074,5867319.59429718,1368231984,2013-05-10 20:26:24
"281",663853.464276769,5867312.28261817,1368233400,2013-05-10 20:50:00
"282",663857.051175246,5867306.01209112,1368234943.5,2013-05-10 21:15:43
"283",663856.903208105,5867278.08542921,1368236487.5,2013-05-10 21:41:27
"284",663855.077897847,5867267.54900879,1368237567,2013-05-10 21:59:27
"285",663838.242210867,5867274.08421987,1368239319,2013-05-10 22:28:39
"286",663843.373695862,5867279.85547384,1368240374.5,2013-05-10 22:46:14
"287",663803.204624664,5866649.8255606,1368244391.5,2013-05-10 23:53:11
"288",663797.206438519,5866661.0384667,1368245150,2013-05-11 00:05:50
"289",663721.948547257,5866789.17752548,1368246950.5,2013-05-11 00:35:50
"290",663720.461278677,5866791.10257615,1368248430,2013-05-11 01:00:30
"291",663720.409854764,5866792.68265312,1368249926,2013-05-11 01:25:26
"292",663720.811491468,5866792.9554352,1368251406,2013-05-11 01:50:06
"293",663721.035974365,5866786.12921371,1368252917.5,2013-05-11 02:15:17
"294",663720.997833825,5866785.76606099,1368254701,2013-05-11 02:45:01
"295",663723.38654231,5866780.21327026,1368255293,2013-05-11 02:54:53
"296",663722.014326072,5866787.97634328,1368257373,2013-05-11 03:29:33
"297",663721.005221611,5866787.53106704,1368258869,2013-05-11 03:54:29
"298",663722.249906991,5866787.53433839,1368260349,2013-05-11 04:19:09
"299",663718.651154519,5866793.8477206,1368261830,2013-05-11 04:43:50
"300",663715.220527996,5866789.976409,1368263309,2013-05-11 05:08:29
"301",663721.788066606,5866788.45392963,1368264817,2013-05-11 05:33:37
"302",663721.120520935,5866788.62423371,1368266300,2013-05-11 05:58:20
"303",663720.569191547,5866787.29358768,1368268092,2013-05-11 06:28:12
"304",663719.900884452,5866785.07748944,1368269572,2013-05-11 06:52:52
"305",663720.359131231,5866789.05080236,1368271052,2013-05-11 07:17:32
"306",663710.795485262,5866794.839288,1368272588.5,2013-05-11 07:43:08
"307",663712.957625687,5866793.18688342,1368273824,2013-05-11 08:03:44
"308",663722.955222877,5866788.05828963,1368275324,2013-05-11 08:28:44
"309",663723.675933758,5866786.8534499,1368276820.5,2013-05-11 08:53:40
"310",663720.410430038,5866787.50411277,1368278300,2013-05-11 09:18:20
"311",663723.95954156,5866785.75660842,1368280077,2013-05-11 09:47:57
"312",663732.651269425,5866756.04380276,1368281893,2013-05-11 10:18:13
"313",663728.479726387,5866725.30571386,1368282978,2013-05-11 10:36:18
"314",663790.551011292,5866713.25007425,1368284347,2013-05-11 10:59:07
"315",663738.874351753,5866717.6260425,1368286034,2013-05-11 11:27:14
"316",663722.414309365,5866785.16835376,1368287698,2013-05-11 11:54:58
"317",663722.268968693,5866784.39516827,1368288881.5,2013-05-11 12:14:41
"318",663723.04858765,5866789.57671597,1368290364,2013-05-11 12:39:24
"319",663722.02547676,5866795.83276295,1368291860.5,2013-05-11 13:04:20
"320",663721.628475875,5866789.18696779,1368293369,2013-05-11 13:29:29
"321",663751.359806013,5866742.28238532,1368295161,2013-05-11 13:59:21
"322",663757.24578273,5866747.12345937,1368296378,2013-05-11 14:19:38
"323",663739.943153542,5866741.1135848,1368297913,2013-05-11 14:45:13
"324",663812.864108221,5866678.82656125,1368299584,2013-05-11 15:13:04
"325",663813.33219708,5866680.7055967,1368300952,2013-05-11 15:35:52
"326",663834.248262194,5866665.27607071,1368302321,2013-05-11 15:58:41
"327",663850.066735977,5867284.54761024,1368303688,2013-05-11 16:21:28
"328",663852.509917993,5867284.124003,1368305728.5,2013-05-11 16:55:28
"329",663845.116814604,5867284.02667119,1368306890,2013-05-11 17:14:50
"330",663848.449690509,5867286.54253096,1368308456,2013-05-11 17:40:56
"331",663848.950608177,5867299.84975088,1368309907,2013-05-11 18:05:07
"332",663845.45910976,5867305.77408577,1368311463,2013-05-11 18:31:03
"333",663829.714453913,5867337.24444787,1368313030,2013-05-11 18:57:10
"334",663834.669067048,5867319.25825034,1368314542.5,2013-05-11 19:22:22
"335",663840.590664038,5867321.48052124,1368315806,2013-05-11 19:43:26
"336",663837.840463395,5867321.33700122,1368317351,2013-05-11 20:09:11
"337",663838.647587472,5867322.69520086,1368318902,2013-05-11 20:35:02
"338",663841.795043224,5867286.98868215,1368320502,2013-05-11 21:01:42
"339",663853.369774412,5867292.5339415,1368321885,2013-05-11 21:24:45
"340",663833.021006471,5867303.67602022,1368323127,2013-05-11 21:45:27
"341",663833.661906753,5867306.11035544,1368324823,2013-05-11 22:13:43
"342",663828.152966053,5867267.53631321,1368327824,2013-05-11 23:03:44
"343",663819.835620034,5867307.59833243,1368329693,2013-05-11 23:34:53
"344",663722.996232687,5866785.1714014,1368333837.5,2013-05-12 00:43:57
"345",663724.375263619,5866786.331944,1368335335,2013-05-12 01:08:55
"346",663719.732266194,5866788.26168743,1368336814.5,2013-05-12 01:33:34
"347",663721.620103266,5866787.02647153,1368338318,2013-05-12 01:58:38
"348",663720.482989278,5866784.57950811,1368339820,2013-05-12 02:23:40
"349",663721.066929838,5866785.49618482,1368341300,2013-05-12 02:48:20
"350",663722.053354792,5866785.89095484,1368342779,2013-05-12 03:12:59
"351",663722.572902975,5866785.94755611,1368344859,2013-05-12 03:47:39
"352",663721.879917111,5866787.43270925,1368346077,2013-05-12 04:07:57
"353",663721.117665718,5866784.34863872,1368347555,2013-05-12 04:32:35
"354",663719.900121099,5866789.75935363,1368349051.5,2013-05-12 04:57:31
"355",663720.204098864,5866789.02853264,1368350532,2013-05-12 05:22:12
"356",663747.984773186,5866757.86698834,1368352176,2013-05-12 05:49:36
"357",663749.250323836,5866730.58016844,1368353731,2013-05-12 06:15:31
"358",663722.664091909,5866785.36870606,1368356302,2013-05-12 06:58:22
"359",663720.918098221,5866783.75364949,1368357807.5,2013-05-12 07:23:27
"360",663722.934946484,5866786.19784021,1368359298,2013-05-12 07:48:18
"361",663721.500115607,5866785.04268896,1368360811.5,2013-05-12 08:13:31
"362",663720.901172078,5866785.62866461,1368362289,2013-05-12 08:38:09
"363",663721.847671583,5866785.80021066,1368364081,2013-05-12 09:08:01
"364",663722.204117807,5866785.61215165,1368365575,2013-05-12 09:32:55
"365",663744.810877298,5866758.99512656,1368367081.5,2013-05-12 09:58:01
"366",663756.482793913,5866726.85986228,1368368441.5,2013-05-12 10:20:41
"367",663751.371238075,5866729.28250822,1368369521,2013-05-12 10:38:41
"368",663721.814690689,5866786.0832692,1368371345,2013-05-12 11:09:05
"369",663722.180124853,5866790.65440427,1368372832,2013-05-12 11:33:52
"370",663721.395519577,5866787.23255762,1368374312,2013-05-12 11:58:32
"371",663735.347466727,5866722.39897481,1368376097,2013-05-12 12:28:17
"372",663752.354150862,5866722.99846354,1368377463.5,2013-05-12 12:51:03
"373",663741.89733987,5866721.57237324,1368378527,2013-05-12 13:08:47
"374",663720.837214613,5866787.29304477,1368380336,2013-05-12 13:38:56
"375",663720.975064502,5866788.32056496,1368381846,2013-05-12 14:04:06
"376",663716.985541724,5866781.26533228,1368383032,2013-05-12 14:23:52
"377",663811.620445103,5866679.80609348,1368384830,2013-05-12 14:53:50
"378",663785.091887603,5866663.07115252,1368386659,2013-05-12 15:24:19
"379",663780.125853699,5866669.27580511,1368387886,2013-05-12 15:44:46
"380",663774.224178806,5866669.46613208,1368389254,2013-05-12 16:07:34
"381",663851.919360695,5867286.25839352,1368390927,2013-05-12 16:35:27
"382",663851.206615655,5867334.9682691,1368393182,2013-05-12 17:13:02
"383",663855.524740142,5867333.2576081,1368394021,2013-05-12 17:27:01
"384",663864.640239562,5867330.5701433,1368395478,2013-05-12 17:51:18
"385",663864.168100516,5867327.26494934,1368396877,2013-05-12 18:14:37
"386",663863.637195984,5867328.05915959,1368398413,2013-05-12 18:40:13
"387",663863.532727031,5867330.77079897,1368399982,2013-05-12 19:06:22
"388",663863.652581005,5867329.3928835,1368401366.5,2013-05-12 19:29:26
"389",663862.474290185,5867329.52410997,1368402881,2013-05-12 19:54:41
"390",663864.466203368,5867316.78017555,1368404461,2013-05-12 20:21:01
"391",663864.289231097,5867313.07763167,1368406012,2013-05-12 20:46:52
"392",663857.096168052,5867290.13078046,1368407548,2013-05-12 21:12:28
"393",663857.175527197,5867279.47987084,1368409100,2013-05-12 21:38:20
"394",663854.175177353,5867274.8096218,1368410333,2013-05-12 21:58:53
"395",663847.355553073,5867272.7567532,1368411949,2013-05-12 22:25:49
"396",663811.011328578,5866699.35176898,1368413652.5,2013-05-12 22:54:12
"397",663812.35732774,5866685.35351803,1368414716,2013-05-12 23:11:56
"398",663716.76405162,5866788.18879521,1368526105.5,2013-05-14 06:08:25
"399",663714.710594744,5866788.22488142,1368527456,2013-05-14 06:30:56
"400",663721.283594754,5866786.46607326,1368528813,2013-05-14 06:53:33
"401",663742.040658147,5866773.00796361,1368530188,2013-05-14 07:16:28
"402",663712.513548411,5866795.56563622,1368531889.5,2013-05-14 07:44:49
"403",663788.373382348,5866678.88865384,1368534008,2013-05-14 08:20:08
"404",663592.982596979,5866793.00279664,1368535071,2013-05-14 08:37:51
"405",663739.308234696,5866762.71638335,1368536591,2013-05-14 09:03:11
"406",663724.410972488,5866751.81153758,1368537486,2013-05-14 09:18:06
"407",663733.105505354,5866751.87837547,1368539311,2013-05-14 09:48:31
"408",663722.121025755,5866789.25018352,1368542526.5,2013-05-14 10:42:06
"409",663722.94005312,5866788.21467202,1368543872,2013-05-14 11:04:32
"410",663722.249827289,5866787.23928196,1368545214,2013-05-14 11:26:54
"411",663724.202758709,5866783.32511714,1368547020,2013-05-14 11:57:00
"412",663721.842893293,5866788.6228018,1368548409,2013-05-14 12:20:09
"413",663748.495752454,5866745.78711698,1368549901,2013-05-14 12:45:01
"414",663767.978433847,5866686.8582093,1368551556,2013-05-14 13:12:36
"415",663773.377596332,5866692.11925442,1368552924,2013-05-14 13:35:24
"416",663743.506699549,5866726.34458522,1368554292.5,2013-05-14 13:58:12
"417",663770.440155367,5866657.20281202,1368555965,2013-05-14 14:26:05
"418",663772.949407945,5866702.10100925,1368557501,2013-05-14 14:51:41
"419",663796.579581543,5866672.23627366,1368559041,2013-05-14 15:17:21
"420",663799.22669408,5866672.94965698,1368560268,2013-05-14 15:37:48
"421",663866.563548899,5867307.3261779,1368562291,2013-05-14 16:11:31
"422",663866.352198876,5867306.02187136,1368563467,2013-05-14 16:31:07
"423",663872.434358781,5867307.22549061,1368564932,2013-05-14 16:55:32
"424",663893.973523072,5867340.97510235,1368566427,2013-05-14 17:20:27
"425",663896.781782368,5867345.64665417,1368567731.5,2013-05-14 17:42:11
"426",663970.647384221,5867387.79468333,1368569434,2013-05-14 18:10:34
"427",663978.166312703,5867353.470887,1368570955,2013-05-14 18:35:55
"428",663999.042781418,5867359.77788041,1368572524,2013-05-14 19:02:04
"429",664001.321868192,5867362.7947869,1368573759,2013-05-14 19:22:39
"430",663887.825328176,5867343.8373173,1368575323,2013-05-14 19:48:43
"431",663886.113669211,5867344.16683436,1368576903,2013-05-14 20:15:03
"432",663885.324347937,5867341.71528747,1368578472,2013-05-14 20:41:12
"433",663886.49189603,5867345.04093662,1368579937.5,2013-05-14 21:05:37
"434",663887.639014608,5867339.90460944,1368581320,2013-05-14 21:28:40
"435",663872.893925844,5867317.76303778,1368582888,2013-05-14 21:54:48
"436",663851.003235272,5867294.70064617,1368584581,2013-05-14 22:23:01
"437",663824.391932258,5866999.61650714,1368585676.5,2013-05-14 22:41:16
"438",663813.288779612,5866678.49896912,1368587557,2013-05-14 23:12:37
"439",663809.211561479,5866677.23014573,1368588623.5,2013-05-14 23:30:23
"440",663720.222472199,5866785.31665266,1368590743.5,2013-05-15 00:05:43
"441",663713.960367837,5866789.51324626,1368592088,2013-05-15 00:28:08
"442",663715.312396694,5866786.94818123,1368593433,2013-05-15 00:50:33
"443",663707.581242547,5866787.93841265,1368594919.5,2013-05-15 01:15:19
"444",663715.533183495,5866788.17486365,1368596456,2013-05-15 01:40:56
"445",663722.33040208,5866781.79187294,1368597814,2013-05-15 02:03:34
"446",663722.792191137,5866782.55909676,1368599159,2013-05-15 02:25:59
"447",663723.864634938,5866785.95242448,1368600950.5,2013-05-15 02:55:50
"448",663724.256081815,5866784.03394221,1368602742.5,2013-05-15 03:25:42
"449",663724.872569703,5866782.42371807,1368604087,2013-05-15 03:48:07
"450",663722.47338788,5866786.99635161,1368605464,2013-05-15 04:11:04
"451",663723.46209059,5866788.09877926,1368606805,2013-05-15 04:33:25
"452",663721.928878222,5866789.36057073,1368608150.5,2013-05-15 04:55:50
"453",663730.070406495,5866774.4944965,1368609944.5,2013-05-15 05:25:44
"454",663721.869807972,5866785.45049581,1368611605,2013-05-15 05:53:25
"455",663717.801505924,5866787.16069308,1368612948.5,2013-05-15 06:15:48
"456",663696.150598154,5866791.46974243,1368614308,2013-05-15 06:38:28
"457",663720.431503645,5866785.50189301,1368615957.5,2013-05-15 07:05:57
"458",663762.844491062,5866688.99469009,1368617616,2013-05-15 07:33:36
"459",663742.738212466,5866725.18916761,1368618668,2013-05-15 07:51:08
"460",663721.368178965,5866786.94771012,1368620357,2013-05-15 08:19:17
"461",663722.368363864,5866788.30661158,1368621704,2013-05-15 08:41:44
"462",663722.204581743,5866786.39155461,1368623523,2013-05-15 09:12:03
"463",663727.238655198,5866784.67516785,1368624868,2013-05-15 09:34:28
"464",663725.967434302,5866785.25553636,1368626221.5,2013-05-15 09:57:01
"465",663723.803207313,5866789.05118758,1368628019.5,2013-05-15 10:26:59
"466",663723.369567093,5866786.8597538,1368629364,2013-05-15 10:49:24
"467",663765.918156347,5866694.32145673,1368631154,2013-05-15 11:19:14
"468",663748.636042296,5866724.5812879,1368632570,2013-05-15 11:42:50
"469",663758.265075986,5866719.63618538,1368633482,2013-05-15 11:58:02
"470",663719.32677766,5866787.71905684,1368635615.5,2013-05-15 12:33:35
"471",663719.500018206,5866788.26493984,1368636964,2013-05-15 12:56:04
"472",663731.729075209,5866727.10837235,1368638450,2013-05-15 13:20:50
"473",663759.775667389,5866680.08901154,1368639817,2013-05-15 13:43:37
"474",663711.202272704,5866792.26998336,1368641680,2013-05-15 14:14:40
"475",663696.212982496,5866784.07881683,1368643024,2013-05-15 14:37:04
"476",663708.355736525,5866765.41257651,1368644241,2013-05-15 14:57:21
"477",663761.954435926,5866730.08273276,1369659945,2013-05-27 09:05:45
"478",663795.111303907,5866681.39433299,1369661763,2013-05-27 09:36:03
"479",663799.091744514,5866682.27545962,1369663568,2013-05-27 10:06:08
"480",663803.219675167,5866676.23618034,1369665387,2013-05-27 10:36:27
"481",663804.249735723,5866672.6525676,1369667229,2013-05-27 11:07:09
"482",663805.870952272,5866665.92693902,1369669021,2013-05-27 11:37:01
"483",663805.245888214,5866670.86039559,1369670816,2013-05-27 12:06:56
"484",663805.349192157,5866674.1595999,1369672622,2013-05-27 12:37:02
"485",663820.309416333,5866636.64457307,1369674415,2013-05-27 13:06:55
"486",663807.192978896,5866653.54615819,1369678029,2013-05-27 14:07:09
"487",663874.672254297,5866672.88409835,1369679887,2013-05-27 14:38:07
"488",663813.523424752,5866645.06535963,1369681678,2013-05-27 15:07:58
"489",663818.140020407,5866633.55356607,1369683472,2013-05-27 15:37:52
"490",663994.507710728,5867360.78163853,1369687134,2013-05-27 16:38:54
"491",663998.220454929,5867359.4270305,1369688943,2013-05-27 17:09:03
"492",664003.206789754,5867350.88966601,1369690743,2013-05-27 17:39:03
"493",663992.085778861,5867344.35436458,1369692604,2013-05-27 18:10:04
"494",664005.674714144,5867347.16570041,1369694411,2013-05-27 18:40:11
"495",664002.161096578,5867343.85073115,1369696204,2013-05-27 19:10:04
"496",664002.382133801,5867337.74559878,1369697998,2013-05-27 19:39:58
"497",664004.683713403,5867339.70552687,1369699808,2013-05-27 20:10:08
"498",664003.32537247,5867339.09149966,1369701609,2013-05-27 20:40:09
"499",664003.782081982,5867339.70827247,1369703405,2013-05-27 21:10:05
"500",664004.282807125,5867340.41561514,1369705195,2013-05-27 21:39:55
"501",664000.249320651,5867360.8989162,1369706999,2013-05-27 22:09:59
"502",663993.262175669,5867353.09013087,1369708810,2013-05-27 22:40:10
"503",663993.60197831,5867355.56233076,1369710607,2013-05-27 23:10:07
"504",663818.997859674,5866624.34138152,1369714239,2013-05-28 00:10:39
"505",663830.514321172,5866622.2606663,1369716040,2013-05-28 00:40:40
"506",663824.590678931,5866620.34486403,1369717831,2013-05-28 01:10:31
"507",663823.648505143,5866640.16499353,1369719628,2013-05-28 01:40:28
"508",663815.509264812,5866636.9158136,1369721436,2013-05-28 02:10:36
"509",663821.584891578,5866642.67803519,1369723237,2013-05-28 02:40:37
"510",663813.257128549,5866618.62393814,1369725032,2013-05-28 03:10:32
"511",663800.860123541,5866617.90240551,1369726824,2013-05-28 03:40:24
"512",663816.886505328,5866655.21138672,1369728620,2013-05-28 04:10:20
"513",663789.994786536,5866648.17459013,1369730439,2013-05-28 04:40:39
"514",663791.927121478,5866641.2034356,1369732263,2013-05-28 05:11:03
"515",663785.188527275,5866646.84234118,1369734055,2013-05-28 05:40:55
"516",663789.337020247,5866645.74729193,1369735850,2013-05-28 06:10:50
"517",663788.388211375,5866644.7575473,1369737641,2013-05-28 06:40:41
"518",663790.886732295,5866650.44282716,1369739460,2013-05-28 07:11:00
"519",663795.643967268,5866645.09295212,1369741266,2013-05-28 07:41:06
"520",663788.505798451,5866646.84361753,1369743093,2013-05-28 08:11:33
"521",663815.399817698,5866644.8952553,1369744885,2013-05-28 08:41:25
"522",663806.463415457,5866639.55921272,1369746682,2013-05-28 09:11:22
"523",663788.882569884,5866651.79995275,1369748529,2013-05-28 09:42:09
"524",663783.95794447,5866662.47738888,1369750325,2013-05-28 10:12:05
"525",663766.965816509,5866652.22502541,1369752117,2013-05-28 10:41:57
"526",663779.329159191,5866659.88188175,1369753908,2013-05-28 11:11:48
"527",663775.946132332,5866662.01612759,1369755699,2013-05-28 11:41:39
"528",663803.494201072,5866638.42292826,1369757529,2013-05-28 12:12:09
"529",663798.626316166,5866642.07665498,1369759333,2013-05-28 12:42:13
"530",663795.571641645,5866662.68238936,1369761138,2013-05-28 13:12:18
"531",663798.217625987,5866661.4472643,1369762959,2013-05-28 13:42:39
"532",663806.634379555,5866648.59478103,1369764759,2013-05-28 14:12:39
"533",663991.738103233,5867348.05021522,1369772077,2013-05-28 16:14:37
"534",663986.865072268,5867345.7356489,1369773873,2013-05-28 16:44:33
"535",664011.802599341,5867351.95019998,1369775681,2013-05-28 17:14:41
"536",664008.56546811,5867365.43492565,1369777474,2013-05-28 17:44:34
"537",664016.306380422,5867371.4545002,1369779283,2013-05-28 18:14:43
"538",664004.712235338,5867349.74949955,1369781090,2013-05-28 18:44:50
"539",664002.418926225,5867348.53584036,1369782914,2013-05-28 19:15:14
"540",664002.420308004,5867345.32925234,1369784770,2013-05-28 19:46:10
"541",663997.964357091,5867342.02678257,1369786569,2013-05-28 20:16:09
"542",663996.558947757,5867331.91372837,1369788404,2013-05-28 20:46:44
"543",664003.874046411,5867341.15883881,1369790223,2013-05-28 21:17:03
"544",664004.856243242,5867343.93123583,1369792063,2013-05-28 21:47:43
"545",664009.938922692,5867353.53468356,1369793857,2013-05-28 22:17:37
"546",663983.265535765,5867370.47582388,1369795649,2013-05-28 22:47:29
"547",663983.197879338,5867364.55015732,1369797443,2013-05-28 23:17:23
"548",663785.678092007,5866641.73727153,1369801059,2013-05-29 00:17:39
"549",663782.607921019,5866643.97120733,1369802847,2013-05-29 00:47:27
"550",663841.434140549,5866682.13219956,1369804657,2013-05-29 01:17:37
"551",663801.741806339,5866659.31782595,1369806458,2013-05-29 01:47:38
"552",663805.42624118,5866654.05401192,1369808258,2013-05-29 02:17:38
"553",663804.666168917,5866622.93063587,1369810075,2013-05-29 02:47:55
"554",663802.029452906,5866629.24322715,1369811884,2013-05-29 03:18:04
"555",663813.960482319,5866629.81533313,1369813677,2013-05-29 03:47:57
"556",663815.760129818,5866639.03981282,1369815486,2013-05-29 04:18:06
"557",663814.288844913,5866656.01391244,1369817276,2013-05-29 04:47:56
"558",663808.92633112,5866657.39060894,1369819074,2013-05-29 05:17:54
"559",663809.491645533,5866663.33315052,1369820897,2013-05-29 05:48:17
"560",663817.028812548,5866645.27345687,1369822719,2013-05-29 06:18:39
"561",663817.449879886,5866651.50058869,1369824511,2013-05-29 06:48:31
"562",663815.095959217,5866662.36549328,1369826305,2013-05-29 07:18:25
"563",663802.085101865,5866676.75436437,1369828150,2013-05-29 07:49:10
"564",663791.235197787,5866629.27758309,1369829947,2013-05-29 08:19:07
"565",663786.844774374,5866621.24558405,1369831740,2013-05-29 08:49:00
"566",663785.251674386,5866629.72022722,1369833548,2013-05-29 09:19:08
"567",663812.584438381,5866643.78645661,1369835341,2013-05-29 09:49:01
"568",663812.807420399,5866653.46957052,1369837149,2013-05-29 10:19:09
"569",663796.409109274,5866640.98817471,1369842625,2013-05-29 11:50:25
"570",663811.212432429,5866642.18109601,1369844439,2013-05-29 12:20:39
"571",663802.790896717,5866660.7229404,1369846267,2013-05-29 12:51:07
"572",663808.887206682,5866661.11920773,1369848087,2013-05-29 13:21:27
"573",663812.397790975,5866662.36295105,1369849899,2013-05-29 13:51:39
"574",663818.290707724,5866647.74354116,1369851715,2013-05-29 14:21:55
"575",661757.108511242,5872853.35470931,1369858957,2013-05-29 16:22:37
"576",661709.714795458,5872801.27007298,1369860744,2013-05-29 16:52:24
"577",661676.664594443,5872791.29752215,1369862546,2013-05-29 17:22:26
"578",661652.452142342,5872804.31295871,1369864360,2013-05-29 17:52:40
"579",661593.760304772,5872828.71918028,1369866154,2013-05-29 18:22:34
"580",661598.489651514,5872826.36163123,1369867956,2013-05-29 18:52:36
"581",661598.101901311,5872823.89914344,1369869768,2013-05-29 19:22:48
"582",661598.003802367,5872824.61955912,1369871558,2013-05-29 19:52:38
"583",661601.563681503,5872822.86853271,1369873352,2013-05-29 20:22:32
"584",661596.134112568,5872821.66197487,1369875157,2013-05-29 20:52:37
"585",661592.702063754,5872826.01151068,1369876962,2013-05-29 21:22:42
"586",661580.615583879,5872826.7304136,1369878770,2013-05-29 21:52:50
"587",661613.127939932,5872826.69708183,1369880589,2013-05-29 22:23:09
"588",661607.3623564,5872826.29201234,1369882406,2013-05-29 22:53:26
"589",661663.465564674,5872809.33673815,1369884200,2013-05-29 23:23:20
"590",662261.36688994,5873224.68592377,1369887812,2013-05-30 00:23:32
"591",662570.648126537,5873780.11230412,1369891441,2013-05-30 01:24:01
"592",662567.228553198,5873746.68355387,1369893266,2013-05-30 01:54:26
"593",662158.544596596,5873175.82789359,1369904062,2013-05-30 04:54:22
"594",663778.835812745,5866662.12535775,1369909507,2013-05-30 06:25:07
"595",663778.882320084,5866659.56609184,1369911315,2013-05-30 06:55:15
"596",663793.559035633,5866626.82903422,1369913106,2013-05-30 07:25:06
"597",663798.869159577,5866617.87934634,1369914938,2013-05-30 07:55:38
"598",663794.88304766,5866643.92030525,1369916754,2013-05-30 08:25:54
"599",663788.963649027,5866641.68180082,1369918549,2013-05-30 08:55:49
"600",663811.101266943,5866643.8697064,1369920343,2013-05-30 09:25:43
"601",663805.550247159,5866647.03259855,1369922128,2013-05-30 09:55:28
"602",663796.356616067,5866634.60654802,1369923969,2013-05-30 10:26:09
"603",663805.097451627,5866628.85749127,1369925761,2013-05-30 10:56:01
"604",663791.673691386,5866644.90248988,1369927553,2013-05-30 11:25:53
"605",663782.066839511,5866664.07217136,1369929361,2013-05-30 11:56:01
"606",663785.26560653,5866662.410441,1369931162,2013-05-30 12:26:02
"607",664338.8868313,5867025.09383534,1369934829,2013-05-30 13:27:09
"608",664334.124254826,5867014.19823665,1369936641,2013-05-30 13:57:21
"609",664340.582624194,5867015.40919596,1369938459,2013-05-30 14:27:39
"610",663981.148931097,5867352.38881518,1369942113,2013-05-30 15:28:33
"611",663982.887690287,5867376.64242993,1369943911,2013-05-30 15:58:31
"612",663995.312508887,5867358.48196445,1369945779,2013-05-30 16:29:39
"613",663998.14374234,5867338.1359297,1369947598,2013-05-30 16:59:58
"614",663996.248167962,5867337.49250435,1369949472,2013-05-30 17:31:12
"615",663994.660050869,5867339.87688732,1369951281,2013-05-30 18:01:21
"616",663997.082493574,5867339.46934735,1369953101,2013-05-30 18:31:41
"617",663994.16666283,5867340.33888075,1369954951,2013-05-30 19:02:31
"618",664002.621181693,5867332.29799363,1369956823,2013-05-30 19:33:43
"619",664000.397400105,5867332.60094416,1369958704,2013-05-30 20:05:04
"620",664001.048669599,5867332.24452673,1369960508,2013-05-30 20:35:08
"621",664001.022167183,5867332.23249148,1369962300,2013-05-30 21:05:00
"622",663990.159393838,5867323.24533086,1369964126,2013-05-30 21:35:26
"623",663996.633895987,5867338.21820456,1369965919,2013-05-30 22:05:19
"624",663989.643851382,5867349.29284257,1369969530,2013-05-30 23:05:30
"625",663987.689681186,5867359.08012456,1369971322,2013-05-30 23:35:22
"626",664277.552457149,5866976.05190481,1369974955,2013-05-31 00:35:55
"627",664366.463678699,5867063.87848913,1370016321,2013-05-31 12:05:21
"628",664347.97708171,5867069.12747102,1370018120,2013-05-31 12:35:20
"629",664306.349494882,5867082.94096838,1370019921,2013-05-31 13:05:21
"630",664295.683165043,5867112.03871159,1370021740,2013-05-31 13:35:40
"631",663966.4797264,5867362.35622662,1370025445,2013-05-31 14:37:25
"632",664006.591611126,5867345.52675428,1370027253,2013-05-31 15:07:33
"633",663983.885405629,5867341.35883468,1370029045,2013-05-31 15:37:25
"634",663978.383758945,5867348.43125991,1370030883,2013-05-31 16:08:03
"635",663974.65134627,5867358.28056809,1370032676,2013-05-31 16:37:56
"636",664002.013667746,5867351.55054969,1370034511,2013-05-31 17:08:31
"637",663994.610983021,5867336.7687917,1370036325,2013-05-31 17:38:45
"638",663997.395936221,5867336.38471115,1370038115,2013-05-31 18:08:35
"639",663996.324188853,5867333.47566151,1370039911,2013-05-31 18:38:31
"640",663993.067398154,5867333.6878226,1370041744,2013-05-31 19:09:04
"641",663992.437148867,5867332.04080912,1370043539,2013-05-31 19:38:59
"642",663990.661914443,5867330.23239209,1370045333,2013-05-31 20:08:53
"643",663992.78807397,5867331.21767915,1370047124,2013-05-31 20:38:44
"644",663990.434258226,5867336.13688445,1370048943,2013-05-31 21:09:03
"645",664009.321200454,5867345.38574962,1370050767,2013-05-31 21:39:27
"646",664006.223722294,5867345.85940395,1370052579,2013-05-31 22:09:39
"647",663984.720930134,5867361.5066444,1370054381,2013-05-31 22:39:41
"648",663982.215711328,5867362.56829046,1370056177,2013-05-31 23:09:37
"649",663977.92692454,5867365.62911978,1370057970,2013-05-31 23:39:30
"650",664293.583634021,5866953.80619909,1370061699,2013-06-01 00:41:39
"651",664301.693439238,5866951.37679808,1370063490,2013-06-01 01:11:30
"652",664282.655010972,5866948.91353789,1370065297,2013-06-01 01:41:37
"653",663798.370163888,5866648.03584099,1370068884,2013-06-01 02:41:24
"654",663805.545252166,5866659.26881644,1370070700,2013-06-01 03:11:40
"655",663803.901318753,5866637.13405994,1370072512,2013-06-01 03:41:52
"656",664383.666716629,5866982.96242265,1370085150,2013-06-01 07:12:30
"657",663805.244781987,5866640.17474936,1370099740,2013-06-01 11:15:40
"658",663077.215053729,5867590.68539392,1370103343,2013-06-01 12:15:43
"659",662854.85013074,5867766.70500194,1370110586,2013-06-01 14:16:26
"660",661805.437639682,5872899.36987498,1370115983,2013-06-01 15:46:23
"661",661721.038869677,5872805.24669138,1370119612,2013-06-01 16:46:52
"662",661669.745233206,5872805.63956293,1370123194,2013-06-01 17:46:34
"663",661670.540046291,5872802.78255002,1370125001,2013-06-01 18:16:41
"664",661652.88521108,5872801.62194192,1370126797,2013-06-01 18:46:37
"665",661651.227193353,5872802.56833398,1370128596,2013-06-01 19:16:36
"666",661649.844386625,5872803.52396631,1370130406,2013-06-01 19:46:46
"667",661649.625896753,5872802.62591268,1370132247,2013-06-01 20:17:27
"668",661648.007101687,5872802.00373184,1370134041,2013-06-01 20:47:21
"669",661648.159180595,5872803.67893417,1370135837,2013-06-01 21:17:17
"670",661648.058451923,5872804.67761036,1370137644,2013-06-01 21:47:24
"671",661652.70882043,5872801.67168968,1370139459,2013-06-01 22:17:39
"672",661650.040490278,5872804.68848383,1370141267,2013-06-01 22:47:47
"673",663811.352716318,5866656.28164393,1370148490,2013-06-02 00:48:10
"674",663806.289324822,5866661.53203613,1370150279,2013-06-02 01:17:59
"675",663043.841589736,5867580.89479882,1370153878,2013-06-02 02:17:58
"676",663056.174837877,5867583.42720941,1370155699,2013-06-02 02:48:19
"677",663068.118001125,5867591.92544285,1370157511,2013-06-02 03:18:31
"678",663813.659271283,5866649.18959342,1370161125,2013-06-02 04:18:45
"679",663788.993181723,5866643.58673595,1370162916,2013-06-02 04:48:36
"680",663794.372275188,5866665.70355015,1370164709,2013-06-02 05:18:29
"681",663788.582055744,5866670.56185767,1370166517,2013-06-02 05:48:37
"682",663809.903000484,5866657.75779372,1370168343,2013-06-02 06:19:03
"683",663812.611060392,5866659.25264123,1370170131,2013-06-02 06:48:51
"684",663816.482509024,5866670.8744988,1370171926,2013-06-02 07:18:46
"685",664139.105847438,5867687.08792216,1370184642,2013-06-02 10:50:42
"686",664135.877214959,5867689.04899828,1370186434,2013-06-02 11:20:34
"687",664125.52523295,5867735.46022655,1370188226,2013-06-02 11:50:26
"688",664092.410731439,5867768.74913506,1370190039,2013-06-02 12:20:39
"689",664099.784041237,5867768.7439284,1370191858,2013-06-02 12:50:58
"690",664115.71909298,5867709.29524626,1370193655,2013-06-02 13:20:55
"691",664113.482255433,5867720.46464243,1370195444,2013-06-02 13:50:44
"692",664105.965100822,5867741.69779994,1370197269,2013-06-02 14:21:09
"693",664099.180357859,5867757.42220495,1370199057,2013-06-02 14:50:57
"694",664088.570936663,5867792.23406176,1370200849,2013-06-02 15:20:49
"695",663983.561942113,5867359.18474139,1370204499,2013-06-02 16:21:39
"696",663984.682056676,5867364.23318892,1370206291,2013-06-02 16:51:31
"697",663985.871064563,5867362.70369785,1370208082,2013-06-02 17:21:22
"698",664002.361311386,5867365.26850809,1370209873,2013-06-02 17:51:13
"699",664008.810023156,5867350.72389447,1370211666,2013-06-02 18:21:06
"700",664004.283529141,5867360.37916993,1370213467,2013-06-02 18:51:07
"701",664007.1537269,5867357.09198094,1370215279,2013-06-02 19:21:19
"702",664001.959110217,5867362.05933176,1370218893,2013-06-02 20:21:33
"703",664003.612036859,5867366.07929104,1370220686,2013-06-02 20:51:26
"704",664008.495194225,5867369.08453751,1370222479,2013-06-02 21:21:19
"705",664006.112680587,5867361.78859682,1370224273,2013-06-02 21:51:13
"706",663990.440659235,5867356.92455606,1370226093,2013-06-02 22:21:33
"707",663986.532210375,5867361.06718751,1370227886,2013-06-02 22:51:26
"708",663980.443150297,5867369.38893149,1370229692,2013-06-02 23:21:32
"709",663967.135687462,5867363.24698872,1370231485,2013-06-02 23:51:25
"710",664083.612818944,5867776.22144744,1370240520,2013-06-03 02:22:00
"711",664085.242348474,5867770.44258462,1370242318,2013-06-03 02:51:58
"712",664092.841727867,5867787.91457108,1370244125,2013-06-03 03:22:05
"713",663009.707919422,5868282.56618232,1370251356,2013-06-03 05:22:36
"714",662969.653971259,5868245.68356328,1370253147,2013-06-03 05:52:27
"715",661749.084836849,5874881.1788108,1370261349,2013-06-03 08:09:09
"716",661751.858035328,5874893.19658741,1370262251,2013-06-03 08:24:11
"717",661907.212611509,5875024.91570645,1370265843,2013-06-03 09:24:03
"718",664180.892535846,5867654.20584108,1370276682,2013-06-03 12:24:42
"719",664182.021709308,5867667.0819873,1370278489,2013-06-03 12:54:49
"720",664163.156873259,5867684.10976467,1370280310,2013-06-03 13:25:10
"721",664135.437394858,5867725.29803407,1370282552,2013-06-03 14:02:32
"722",664120.958321468,5867738.99022287,1370283897,2013-06-03 14:24:57
"723",664119.350660172,5867740.96193348,1370284808,2013-06-03 14:40:08
"724",663970.713816441,5867375.54938093,1370286631,2013-06-03 15:10:31
"725",661958.869944365,5865766.39140626,1370294759,2013-06-03 17:25:59
"726",661967.760799703,5865761.95790171,1370296567,2013-06-03 17:56:07
"727",661970.330946611,5865761.97735911,1370298387,2013-06-03 18:26:27
"728",661970.119506252,5865758.4519602,1370300198,2013-06-03 18:56:38
"729",661969.284878072,5865761.46349391,1370302005,2013-06-03 19:26:45
"730",661966.203879029,5865763.63139772,1370303799,2013-06-03 19:56:39
"731",661971.776576756,5865760.21105813,1370305591,2013-06-03 20:26:31
"732",661972.29870209,5865761.89866258,1370307392,2013-06-03 20:56:32
"733",661971.711984293,5865761.1330013,1370309230,2013-06-03 21:27:10
"734",661973.285786745,5865763.76888073,1370311027,2013-06-03 21:57:07
"735",661970.940489677,5865765.27117445,1370312821,2013-06-03 22:27:01
"736",661652.601837429,5865886.3550627,1370316307,2013-06-03 23:25:07
"737",663254.893364275,5867553.12877643,1370322691,2013-06-04 01:11:31
"738",663250.808268746,5867561.71960785,1370324163,2013-06-04 01:36:03
"739",663816.710310153,5866634.44028562,1370326018,2013-06-04 02:06:58
"740",663815.856805927,5866634.21089106,1370326914,2013-06-04 02:21:54
"741",663761.688300085,5866556.53753904,1370329154,2013-06-04 02:59:14
"742",663762.386752079,5866554.00040259,1370330498,2013-06-04 03:21:38
"743",663762.015594357,5866563.6466391,1370331858.5,2013-06-04 03:44:18
"744",663765.770107922,5866564.34748538,1370333229,2013-06-04 04:07:09
"745",663794.86477614,5866605.01710939,1370335027,2013-06-04 04:37:07
"746",663796.043686731,5866600.8150383,1370336145,2013-06-04 04:55:45
"747",663791.246010254,5866606.36395582,1370337966,2013-06-04 05:26:06
"748",663790.065355982,5866606.75253675,1370341170.5,2013-06-04 06:19:30
"749",663788.516627605,5866607.87460749,1370342513,2013-06-04 06:41:53
"750",663790.852108696,5866607.26358,1370344324,2013-06-04 07:12:04
"751",663818.83961617,5866633.95588153,1370345664.5,2013-06-04 07:34:24
"752",663818.594147343,5866645.14846236,1370347008,2013-06-04 07:56:48
"753",663815.069595575,5866652.14348369,1370348352,2013-06-04 08:19:12
"754",663815.246587278,5866647.72368555,1370350160,2013-06-04 08:49:20
"755",663820.020833934,5866644.35071373,1370351504,2013-06-04 09:11:44
"756",663818.480078829,5866645.13902258,1370352862,2013-06-04 09:34:22
"757",663817.147053532,5866653.97878172,1370354691,2013-06-04 10:04:51
"758",663808.701797932,5866668.56163283,1370356063,2013-06-04 10:27:43
"759",663812.67372724,5866664.34305803,1370356959,2013-06-04 10:42:39
"760",663978.616034515,5867358.81618098,1370359199,2013-06-04 11:19:59
"761",663965.32208755,5867366.52558089,1370361006,2013-06-04 11:50:06
"762",663595.627265366,5867398.47544792,1370363742,2013-06-04 12:35:42
"763",663574.230595936,5867393.09015462,1370365087.5,2013-06-04 12:58:07
"764",663579.098768912,5867393.0715381,1370366431,2013-06-04 13:20:31
"765",663574.683534914,5867389.05826988,1370367783.5,2013-06-04 13:43:03
"766",663572.379517214,5867391.63004932,1370369640.5,2013-06-04 14:14:00
"767",663573.649815376,5867386.70732104,1370370991,2013-06-04 14:36:31
"768",663562.041232892,5867383.22951063,1370371886,2013-06-04 14:51:26
"769",663972.392429929,5867371.88764083,1370374606,2013-06-04 15:36:46
"770",663989.205882174,5867365.93463752,1370376429,2013-06-04 16:07:09
"771",661961.639027283,5865760.48318425,1370381852,2013-06-04 17:37:32
"772",661969.253441721,5865757.78826232,1370383646,2013-06-04 18:07:26
"773",661965.912884608,5865759.86951793,1370385439,2013-06-04 18:37:19
"774",661966.136951718,5865759.40941559,1370387248,2013-06-04 19:07:28
"775",661971.38777322,5865758.36092041,1370389059,2013-06-04 19:37:39
"776",661971.681320731,5865758.83839522,1370390858,2013-06-04 20:07:38
"777",661971.064343391,5865757.57069437,1370392667,2013-06-04 20:37:47
"778",661970.814854971,5865756.58254041,1370394460,2013-06-04 21:07:40
"779",661971.454981971,5865757.56153761,1370396254,2013-06-04 21:37:34
"780",661972.008831966,5865758.10341831,1370398089,2013-06-04 22:08:09
"781",661663.450037519,5865923.11497578,1370401674,2013-06-04 23:07:54
"782",663591.863964755,5867363.04157737,1370404377,2013-06-04 23:52:57
"783",663572.910723344,5867360.19423912,1370405722.5,2013-06-05 00:15:22
"784",663570.409573237,5867339.81196187,1370407065,2013-06-05 00:37:45
"785",663564.536914972,5867360.52264613,1370408431.5,2013-06-05 01:00:31
"786",663580.156171266,5867381.92876414,1370409801,2013-06-05 01:23:21
"787",663576.794067649,5867365.01339048,1370411145,2013-06-05 01:45:45
"788",663565.896470724,5867366.45868677,1370412936.5,2013-06-05 02:15:36
"789",663557.486203214,5867357.64477761,1370414728,2013-06-05 02:45:28
"790",663577.802814617,5867373.85467781,1370417433,2013-06-05 03:30:33
"791",663968.823676973,5867357.72616387,1370420216,2013-06-05 04:16:56
"792",663970.595273463,5867359.74043132,1370422023.5,2013-06-05 04:47:03
"793",663580.126751878,5867343.71554234,1370424727.5,2013-06-05 05:32:07
"794",663576.251923332,5867342.3148471,1370426072,2013-06-05 05:54:32
"795",663976.137049705,5867359.2051062,1370429324,2013-06-05 06:48:44
"796",663976.502043844,5867354.70261819,1370431648,2013-06-05 07:27:28
"797",663973.13067059,5867365.41039623,1370433461,2013-06-05 07:57:41
"798",663560.457819516,5867359.29318148,1370437078,2013-06-05 08:57:58
"799",663594.337010045,5867380.1828956,1370438875,2013-06-05 09:27:55
"800",663604.106374348,5867407.53671774,1370442487,2013-06-05 10:28:07
"801",663988.767592599,5867353.69444186,1370446040,2013-06-05 11:27:20
"802",663600.301508062,5867357.66049821,1370449653,2013-06-05 12:27:33
"803",663970.960468707,5867385.51169254,1370451684,2013-06-05 13:01:24
"804",663573.11062965,5867780.29066565,1370453476,2013-06-05 13:31:16
"805",663568.320099698,5867893.96329202,1370457796,2013-06-05 14:43:16
"806",663552.693357495,5867914.28748107,1370459200,2013-06-05 15:06:40
"807",663555.884074634,5867913.9280602,1370460547,2013-06-05 15:29:07
"808",663980.282826442,5867375.8858229,1370463286,2013-06-05 16:14:46
"809",663986.657817969,5867367.66287339,1370465099,2013-06-05 16:44:59
"810",664001.772414745,5867393.27314011,1370466930,2013-06-05 17:15:30
"811",663995.13531848,5867396.34318093,1370468738,2013-06-05 17:45:38
"812",663996.532130883,5867402.9486873,1370470530,2013-06-05 18:15:30
"813",663985.784369182,5867358.52544505,1370472325,2013-06-05 18:45:25
"814",663991.365369129,5867350.10849416,1370474131,2013-06-05 19:15:31
"815",663989.005252855,5867351.45342411,1370475940,2013-06-05 19:45:40
"816",663993.13440762,5867353.2862015,1370477769,2013-06-05 20:16:09
"817",663993.135438176,5867355.2347125,1370479569,2013-06-05 20:46:09
"818",664014.524106466,5867373.0194815,1370481361,2013-06-05 21:16:01
"819",664014.999813888,5867378.02375734,1370483152,2013-06-05 21:45:52
"820",664005.238352432,5867381.566521,1370484944,2013-06-05 22:15:44
"821",663989.111163823,5867362.19034348,1370486752,2013-06-05 22:45:52
"822",663536.804192401,5867890.57856645,1370491174,2013-06-05 23:59:34
"823",663520.122725209,5867873.96310693,1370492535.5,2013-06-06 00:22:15
"824",663625.245269292,5867621.30491265,1370494799,2013-06-06 00:59:59
"825",663271.802762532,5867490.63226243,1370499805.5,2013-06-06 02:23:25
"826",663267.411148953,5867506.28840371,1370501151,2013-06-06 02:45:51
"827",663493.916754672,5868022.39958787,1370504782,2013-06-06 03:46:22
"828",663489.527324416,5868022.10603031,1370505678,2013-06-06 04:01:18
"829",663973.878134902,5867361.82834326,1370507526,2013-06-06 04:32:06
"830",663974.110180247,5867363.11665857,1370508429,2013-06-06 04:47:09
"831",663974.462345671,5867364.63174038,1370511134,2013-06-06 05:32:14
"832",663606.187519517,5867764.25498684,1370512925,2013-06-06 06:02:05
"833",663964.788607809,5867363.81298289,1370515173.5,2013-06-06 06:39:33
"834",663967.662208057,5867362.99766785,1370516527,2013-06-06 07:02:07
"835",663979.317045858,5867361.74602522,1370520012,2013-06-06 08:00:12
"836",663981.770951348,5867364.56845051,1370520908,2013-06-06 08:15:08
"837",663672.864194847,5867697.96461149,1370523628,2013-06-06 09:00:28
"838",663685.731402671,5867723.7982244,1370525406,2013-06-06 09:30:06
"839",663968.981037717,5867360.81567219,1370528604,2013-06-06 10:23:24
"840",663972.001610267,5867365.57242817,1370530829,2013-06-06 11:00:29
"841",663680.668309185,5867737.39929076,1370534412,2013-06-06 12:00:12
"842",663551.785882378,5867921.20995463,1370540282,2013-06-06 13:38:02
"843",663530.587372342,5867915.70340575,1370542076,2013-06-06 14:07:56
"844",663506.99516903,5867960.45863239,1370543425,2013-06-06 14:30:25
"845",663516.941815766,5867959.93856122,1370545269,2013-06-06 15:01:09
"846",663518.26814807,5867962.08787935,1370546170,2013-06-06 15:16:10
"847",663992.963673469,5867382.25145126,1370548474,2013-06-06 15:54:34
"848",664004.603438976,5867390.74174081,1370550277,2013-06-06 16:24:37
"849",663996.810162392,5867410.99699677,1370552073,2013-06-06 16:54:33
"850",663986.854774502,5867423.80794592,1370553865,2013-06-06 17:24:25
"851",664014.700089159,5867403.6555169,1370555661,2013-06-06 17:54:21
"852",664026.321773246,5867401.20037613,1370557509,2013-06-06 18:25:09
"853",664024.427399517,5867391.02614397,1370559335,2013-06-06 18:55:35
"854",664019.349337174,5867401.86513737,1370561144,2013-06-06 19:25:44
"855",664023.804089776,5867394.91303523,1370562937,2013-06-06 19:55:37
"856",664032.448201844,5867393.75955635,1370564728,2013-06-06 20:25:28
"857",664024.124901056,5867401.50422927,1370566548,2013-06-06 20:55:48
"858",664025.622713862,5867401.57743293,1370568398,2013-06-06 21:26:38
"859",664026.291373723,5867400.70943959,1370570215,2013-06-06 21:56:55
"860",664024.729336392,5867391.24796064,1370572040,2013-06-06 22:27:20
"861",664021.987000846,5867391.56666825,1370573866,2013-06-06 22:57:46
"862",663526.90172794,5867865.19104652,1370576886,2013-06-06 23:48:06
"863",663522.20437346,5867871.9905824,1370577819,2013-06-07 00:03:39
"864",663520.829305543,5867874.74975128,1370579157.5,2013-06-07 00:25:57
"865",663524.236139104,5867865.23983764,1370580949.5,2013-06-07 00:55:49
"866",663520.380173736,5867877.08381766,1370582741,2013-06-07 01:25:41
"867",663520.047778794,5867883.01815723,1370584102,2013-06-07 01:48:22
"868",663509.49063207,5867886.85776557,1370587236.5,2013-06-07 02:40:36
"869",663519.371490279,5867883.71894283,1370588580,2013-06-07 03:03:00
"870",663521.797261645,5867881.91396397,1370589932,2013-06-07 03:25:32
"871",663515.489182643,5867903.3837387,1370591286,2013-06-07 03:48:06
"872",663528.758243903,5867903.08767938,1370592661,2013-06-07 04:11:01
"873",663531.849302548,5867905.96489189,1370594452,2013-06-07 04:40:52
"874",663966.432350826,5867371.07265192,1370597605,2013-06-07 05:33:25
"875",663443.826353388,5868030.89488182,1370600731.5,2013-06-07 06:25:31
"876",663970.692627461,5867371.81872171,1370603013,2013-06-07 07:03:33
"877",663970.013521193,5867371.80676973,1370604819,2013-06-07 07:33:39
"878",663969.219894652,5867372.88763813,1370606175.5,2013-06-07 07:56:15
"879",663551.789686516,5867875.37653635,1370608434,2013-06-07 08:33:54
"880",663545.126734243,5867815.56085203,1370611970,2013-06-07 09:32:50
"881",663527.144516909,5867880.05217145,1370615616,2013-06-07 10:33:36
"882",663551.071534243,5867937.41368713,1370617393,2013-06-07 11:03:13
"883",663548.940613514,5867968.90661117,1370619184,2013-06-07 11:33:04
"884",663546.75919936,5867979.27642301,1370620977,2013-06-07 12:02:57
"885",663550.493735423,5867950.08697303,1370622769,2013-06-07 12:32:49
"886",663535.202215999,5868011.01752496,1370626372,2013-06-07 13:32:52
"887",663534.81411552,5868019.28813911,1370627740.5,2013-06-07 13:55:40
"888",663484.656401164,5867996.62752161,1370630443.5,2013-06-07 14:40:43
"889",663523.517976984,5867872.13533057,1370633151.5,2013-06-07 15:25:51
"890",663521.374192118,5867872.96450368,1370634943.5,2013-06-07 15:55:43
"891",663995.658487233,5867395.20301729,1370639019,2013-06-07 17:03:39
"892",664020.012147442,5867386.13285079,1370640815,2013-06-07 17:33:35
"893",664015.630108388,5867381.2518257,1370642622,2013-06-07 18:03:42
"894",664007.373151737,5867362.51063889,1370644415,2013-06-07 18:33:35
"895",664008.121918394,5867367.20130785,1370646216,2013-06-07 19:03:36
"896",664010.582233517,5867369.83468621,1370648080,2013-06-07 19:34:40
"897",664007.6197868,5867371.48201613,1370649909,2013-06-07 20:05:09
"898",664007.68068485,5867374.83546613,1370651710,2013-06-07 20:35:10
"899",664005.951165409,5867370.1003151,1370653504,2013-06-07 21:05:04
"900",664009.10079659,5867372.44537487,1370655294,2013-06-07 21:34:54
"901",664002.863643312,5867368.30294271,1370657113,2013-06-07 22:05:13
"902",664006.210924939,5867371.16689179,1370658922,2013-06-07 22:35:22
"903",663982.959751333,5867362.64925655,1370660748,2013-06-07 23:05:48
"904",663536.473590697,5867897.74885246,1370662668,2013-06-07 23:37:48
"905",663523.825759522,5867865.04220988,1370663564,2013-06-07 23:52:44
"906",663523.028590491,5867867.72076668,1370664988.5,2013-06-08 00:16:28
"907",663522.050683452,5867870.57134026,1370666332,2013-06-08 00:38:52
"908",663521.753161801,5867870.02124815,1370667691,2013-06-08 01:01:31
"909",663493.341024407,5867862.8841008,1370669483,2013-06-08 01:31:23
"910",663508.999887108,5867885.85575579,1370674043,2013-06-08 02:47:23
"911",663973.149080487,5867373.47771106,1370676731,2013-06-08 03:32:11
"912",663060.645678537,5868210.21358887,1370681685,2013-06-08 04:54:45
"913",663060.748700523,5868196.12693179,1370683061.5,2013-06-08 05:17:41
"914",663190.97855755,5868176.06535713,1370686025.5,2013-06-08 06:07:05
"915",663160.611740012,5868504.53936011,1370688985,2013-06-08 06:56:25
"916",663976.829848318,5867362.5744696,1370691705,2013-06-08 07:41:45
"917",663979.803963303,5867366.81748148,1370694008,2013-06-08 08:20:08
"918",661447.906948985,5874364.90126939,1370702040,2013-06-08 10:34:00
"919",662359.426815466,5873055.25805328,1370707450,2013-06-08 12:04:10
"920",662359.684474397,5873059.17480064,1370708359,2013-06-08 12:19:19
"921",662376.233903608,5873030.52269971,1370711462.5,2013-06-08 13:11:02
"922",662373.211335191,5873034.46799392,1370712806,2013-06-08 13:33:26
"923",662339.517077608,5873042.27796359,1370714166,2013-06-08 13:56:06
"924",662364.516514019,5873013.92745559,1370715973.5,2013-06-08 14:26:13
"925",662363.790212364,5873002.78559435,1370717350,2013-06-08 14:49:10
"926",662360.67857524,5873008.37573722,1370718694,2013-06-08 15:11:34
"927",662336.996781927,5873044.68144174,1370720054,2013-06-08 15:34:14
"928",662069.713011632,5872996.15060569,1370723094,2013-06-08 16:24:54
"929",661594.00995271,5873354.60754948,1370730308,2013-06-08 18:25:08
"930",661589.432779065,5873349.64402599,1370732119,2013-06-08 18:55:19
"931",661553.227209474,5873387.15283206,1370733909,2013-06-08 19:25:09
"932",661553.755790589,5873391.62416236,1370735715,2013-06-08 19:55:15
"933",661560.710629657,5873388.80686038,1370737539,2013-06-08 20:25:39
"934",661578.783505741,5873380.85141113,1370739331,2013-06-08 20:55:31
"935",661575.591146203,5873376.86963569,1370741123,2013-06-08 21:25:23
"936",661575.340680871,5873384.13171834,1370742915,2013-06-08 21:55:15
"937",661573.263089539,5873383.1712676,1370744722,2013-06-08 22:25:22
"938",663520.653941831,5867880.51683738,1370753651,2013-06-09 00:54:11
"939",663521.724669556,5867882.96367516,1370754994,2013-06-09 01:16:34
"940",663518.294507813,5867873.32214477,1370756354.5,2013-06-09 01:39:14
"941",663527.227513539,5867856.77357822,1370757698,2013-06-09 02:01:38
"942",663273.77999773,5867584.4535822,1370761347,2013-06-09 03:02:27
"943",663247.614026155,5867594.07841497,1370763159,2013-06-09 03:32:39
"944",663222.842535621,5867585.95835003,1370764962,2013-06-09 04:02:42
"945",662989.44984596,5868205.69111861,1370768906,2013-06-09 05:08:26
"946",662993.615427013,5868203.24882205,1370769819,2013-06-09 05:23:39
"947",663000.35399511,5868218.61334585,1370771190,2013-06-09 05:46:30
"948",663968.453903625,5867389.77993324,1370773487,2013-06-09 06:24:47
"949",663965.374300248,5867383.39558601,1370774512,2013-06-09 06:41:52
"950",663091.831917771,5868099.67720459,1370777676.5,2013-06-09 07:34:36
"951",663023.646750954,5868187.01738309,1370779959,2013-06-09 08:12:39
"952",663006.683018276,5868180.03069894,1370781758,2013-06-09 08:42:38
"953",663205.198551907,5868084.2451881,1370783550,2013-06-09 09:12:30
"954",663205.836018709,5868085.28552984,1370784902,2013-06-09 09:35:02
"955",663208.376672442,5868091.01092252,1370786708,2013-06-09 10:05:08
"956",663207.755367647,5868091.58000012,1370788074,2013-06-09 10:27:54
"957",663207.070112274,5868088.57287773,1370788985,2013-06-09 10:43:05
"958",663149.668504247,5868144.70574922,1370791693,2013-06-09 11:28:13
"959",663168.45942433,5868151.5654868,1370792590,2013-06-09 11:43:10
"960",663180.655517068,5868162.67802216,1370794413,2013-06-09 12:13:33
"961",663184.212258557,5868163.52209768,1370795309,2013-06-09 12:28:29
"962",663190.213055429,5868167.67776631,1370796205,2013-06-09 12:43:25
"963",663554.533153622,5867909.03337515,1370801164,2013-06-09 14:06:04
"964",663993.085218715,5867382.63414482,1370808012,2013-06-09 16:00:12
"965",663990.507858118,5867383.04755272,1370809909,2013-06-09 16:31:49
"966",663990.503371122,5867386.54352284,1370811718,2013-06-09 17:01:58
"967",664002.239119956,5867400.12537717,1370813518,2013-06-09 17:31:58
"968",664014.920919897,5867404.0861239,1370815353,2013-06-09 18:02:33
"969",664018.006756597,5867409.69132842,1370817162,2013-06-09 18:32:42
"970",664017.013269867,5867413.18707117,1370818955,2013-06-09 19:02:35
"971",664020.877784328,5867393.32154716,1370820763,2013-06-09 19:32:43
"972",664022.99160539,5867391.7010381,1370822580,2013-06-09 20:03:00
"973",664026.534205646,5867394.36009598,1370824408,2013-06-09 20:33:28
"974",664025.767275902,5867394.55669831,1370826249,2013-06-09 21:04:09
"975",664027.315153032,5867397.11452111,1370828058,2013-06-09 21:34:18
"976",664027.439223102,5867399.40124181,1370829865,2013-06-09 22:04:25
"977",664026.092626301,5867398.44244771,1370831657,2013-06-09 22:34:17
"978",664018.760414252,5867391.0895197,1370833465,2013-06-09 23:04:25
"979",663986.464231542,5867377.71042735,1370835321,2013-06-09 23:35:21
"980",663524.572438646,5867873.57398195,1370838953,2013-06-10 00:35:53
"981",663525.418665835,5867868.25830698,1370840745,2013-06-10 01:05:45
"982",662205.618482063,5872998.0218878,1370847933,2013-06-10 03:05:33
"983",662249.429934051,5872984.91252208,1370849739,2013-06-10 03:35:39
"984",662265.93614714,5872984.64488661,1370851446,2013-06-10 04:04:06
"985",662293.058897794,5872996.96036462,1370852342,2013-06-10 04:19:02
"986",662304.823672008,5872988.23816194,1370853238,2013-06-10 04:33:58
"987",662217.432702197,5872988.02629778,1370855478.5,2013-06-10 05:11:18
"988",662244.01750872,5872985.59858355,1370856839,2013-06-10 05:33:59
"989",662233.983424903,5872990.22624773,1370858213,2013-06-10 05:56:53
"990",662221.683198166,5873002.08152517,1370860021.5,2013-06-10 06:27:01
"991",662176.47119271,5873008.89773731,1370861376,2013-06-10 06:49:36
"992",662356.979796756,5872983.9508999,1370863189,2013-06-10 07:19:49
"993",662388.530590169,5872977.34358868,1370864085,2013-06-10 07:34:45
"994",662070.316635058,5873250.88424861,1370866784,2013-06-10 08:19:44
"995",662241.825247807,5872989.8335863,1370869512,2013-06-10 09:05:12
"996",662240.013356505,5872987.36757355,1370870404,2013-06-10 09:20:04
"997",662242.569561719,5872986.49062025,1370871754.5,2013-06-10 09:42:34
"998",662248.568251731,5872988.74700038,1370873587.5,2013-06-10 10:13:07
"999",662263.039464993,5872986.65159645,1370874948,2013-06-10 10:35:48
"1000",662249.998325864,5872987.68735522,1370876427.5,2013-06-10 11:00:27
"1001",662250.239658474,5872986.20909189,1370877907,2013-06-10 11:25:07
"1002",662246.127710334,5873000.24973856,1370879251,2013-06-10 11:47:31
"1003",662248.191708787,5872992.64236442,1370881059,2013-06-10 12:17:39
"1004",662250.67247662,5872991.31194069,1370882404,2013-06-10 12:40:04
"1005",662256.510682625,5872986.66538404,1370883761.5,2013-06-10 13:02:41
"1006",662249.196301849,5872986.06259035,1370885571,2013-06-10 13:32:51
"1007",662288.683045489,5872989.82067192,1370886946,2013-06-10 13:55:46
"1008",662313.364904387,5872993.90942854,1370888290,2013-06-10 14:18:10
"1009",662266.976540043,5872983.58328226,1370890083,2013-06-10 14:48:03
"1010",662069.271315679,5873150.59819104,1370893261,2013-06-10 15:41:01
"1011",662028.784194226,5873164.82303693,1370895087,2013-06-10 16:11:27
"1012",662003.96624606,5873158.91071186,1370896881,2013-06-10 16:41:21
"1013",661584.76917881,5873371.27668758,1370900486,2013-06-10 17:41:26
"1014",661572.01680845,5873366.85155901,1370902277,2013-06-10 18:11:17
"1015",661569.805671957,5873367.26724146,1370904097,2013-06-10 18:41:37
"1016",661570.604180269,5873361.89406165,1370905893,2013-06-10 19:11:33
"1017",661573.934739824,5873369.96664216,1370907684,2013-06-10 19:41:24
"1018",661570.578194447,5873369.07460638,1370909499,2013-06-10 20:11:39
"1019",661298.918934773,5873876.81375161,1370913119,2013-06-10 21:11:59
"1020",661560.115003377,5873393.34066784,1370916735,2013-06-10 22:12:15
"1021",662057.548654175,5873202.01023468,1370921917,2013-06-10 23:38:37
"1022",662066.177267936,5873204.38276673,1370923299,2013-06-11 00:01:39
"1023",662069.079133132,5873197.02622017,1370924638,2013-06-11 00:23:58
"1024",662081.151282666,5873193.11819968,1370925982,2013-06-11 00:46:22
"1025",665365.586323806,5874411.84980097,1370930478,2013-06-11 02:01:18
"1026",665636.687379431,5874768.43614699,1370934079,2013-06-11 03:01:19
"1027",665649.140299806,5874762.82992657,1370935869,2013-06-11 03:31:09
"1028",665634.981689354,5874763.73434248,1370937692,2013-06-11 04:01:32
"1029",665625.806615314,5874755.30146563,1370939484,2013-06-11 04:31:24
"1030",665624.163840085,5874761.84768274,1370941291,2013-06-11 05:01:31
"1031",662201.922138219,5873047.69995772,1370948726,2013-06-11 07:05:26
"1032",662202.853446676,5873048.87814132,1370950074,2013-06-11 07:27:54
"1033",662204.52604798,5873045.60541204,1370951418,2013-06-11 07:50:18
"1034",662202.857649031,5873048.25477611,1370952810,2013-06-11 08:13:30
"1035",662203.439924122,5873047.12758641,1370954602.5,2013-06-11 08:43:22
"1036",661875.828236697,5874669.99738155,1370961481,2013-06-11 10:38:01
"1037",663526.823170931,5867892.40569818,1370968231.5,2013-06-11 12:30:31
"1038",663527.560426124,5867895.16411745,1370970455,2013-06-11 13:07:35
"1039",663991.979613655,5867360.33939178,1370972376,2013-06-11 13:39:36
"1040",663969.448690017,5866478.8186983,1370974184,2013-06-11 14:09:44
"1041",663982.483181486,5866470.69397861,1370975536.5,2013-06-11 14:32:16
"1042",663985.290978535,5866473.61191071,1370976887,2013-06-11 14:54:47
"1043",663999.366348051,5866473.76744385,1370978264.5,2013-06-11 15:17:44
"1044",664012.043562921,5866455.27033819,1370980519,2013-06-11 15:55:19
"1045",663965.255818855,5867374.01660792,1370984135,2013-06-11 16:55:35
"1046",663969.238348797,5867373.82910079,1370985930,2013-06-11 17:25:30
"1047",663995.75173145,5867379.79652494,1370987720,2013-06-11 17:55:20
"1048",663994.438345277,5867378.85000363,1370989538,2013-06-11 18:25:38
"1049",663993.329567103,5867379.60282995,1370991335,2013-06-11 18:55:35
"1050",663994.864356685,5867378.78654897,1370993129,2013-06-11 19:25:29
"1051",663996.799273085,5867379.0638854,1370994987,2013-06-11 19:56:27
"1052",663995.237952831,5867374.72415271,1370996776,2013-06-11 20:26:16
"1053",663994.618810704,5867375.91672412,1370998599,2013-06-11 20:56:39
"1054",663996.53915374,5867376.22696733,1371000391,2013-06-11 21:26:31
"1055",663998.08501728,5867373.1062949,1371002180,2013-06-11 21:56:20
"1056",663996.622764642,5866516.37357004,1371005797,2013-06-11 22:56:37
"1057",663997.360370976,5866504.37378044,1371007590,2013-06-11 23:26:30
"1058",662228.221982408,5872986.31333456,1371011474,2013-06-12 00:31:14
"1059",662246.13112143,5872986.68857618,1371012820.5,2013-06-12 00:53:40
"1060",662262.578934112,5872988.85177272,1371014611,2013-06-12 01:23:31
"1061",662280.934855357,5872987.83372303,1371015955,2013-06-12 01:45:55
"1062",662223.477150502,5872977.3575576,1371017763,2013-06-12 02:16:03
"1063",662234.366900481,5872980.44120289,1371019106.5,2013-06-12 02:38:26
"1064",662243.156389863,5872977.25242729,1371020452,2013-06-12 03:00:52
"1065",662241.3108076,5872979.97374765,1371021368,2013-06-12 03:16:08
"1066",662241.104328887,5872979.32101465,1371023175,2013-06-12 03:46:15
"1067",662238.562741577,5872976.37391733,1371024962,2013-06-12 04:16:02
"1068",662312.644694372,5872977.30095948,1371026754,2013-06-12 04:45:54
"1069",662303.020704566,5872980.92354138,1371028098,2013-06-12 05:08:18
"1070",662293.328682025,5872981.38177551,1371029458,2013-06-12 05:30:58
"1071",662284.648185225,5872985.92135473,1371030365,2013-06-12 05:46:05
"1072",662309.23577802,5872986.62772073,1371032183,2013-06-12 06:16:23
"1073",662314.953517118,5872978.38086916,1371034016,2013-06-12 06:46:56
"1074",662290.555786882,5872981.31057321,1371035378,2013-06-12 07:09:38
"1075",662292.872188523,5872984.95714626,1371036720,2013-06-12 07:32:00
"1076",662306.731916246,5872989.73879644,1371038512,2013-06-12 08:01:52
"1077",662313.955452079,5872984.36519413,1371041173,2013-06-12 08:46:13
"1078",662273.445815193,5872981.64685384,1371042991.5,2013-06-12 09:16:31
"1079",662259.327356963,5872977.16274954,1371044346,2013-06-12 09:39:06
"1080",662248.511429453,5872975.27845143,1371045710,2013-06-12 10:01:50
"1081",662305.164940796,5872907.34958624,1371047999,2013-06-12 10:39:59
"1082",662333.768768338,5872998.12127904,1371051530,2013-06-12 11:38:50
"1083",662342.731055835,5872994.3929413,1371053330,2013-06-12 12:08:50
"1084",662334.988589953,5872993.83125733,1371054224,2013-06-12 12:23:44
"1085",662309.498075423,5872989.90997704,1371056942,2013-06-12 13:09:02
"1086",662306.684215507,5872999.82463799,1371059150,2013-06-12 13:45:50
"1087",662305.66734749,5873007.96276561,1371060956,2013-06-12 14:15:56
"1088",662299.265428341,5872997.23638897,1371062317,2013-06-12 14:38:37
"1089",662071.478700531,5873198.00329025,1371065021,2013-06-12 15:23:41
"1090",661976.870482182,5873183.15075721,1371067721,2013-06-12 16:08:41
"1091",661922.767169706,5873124.14641794,1371069549,2013-06-12 16:39:09
"1092",661305.369728206,5873848.91669231,1371074942,2013-06-12 18:09:02
"1093",661357.474180464,5873329.71637535,1371078541,2013-06-12 19:09:01
"1094",661336.724836619,5873321.10469651,1371080348,2013-06-12 19:39:08
"1095",661341.291788601,5873321.369095,1371082140,2013-06-12 20:09:00
"1096",661345.91759726,5873316.6697281,1371083951,2013-06-12 20:39:11
"1097",661341.593163813,5873329.01708605,1371085744,2013-06-12 21:09:04
"1098",661340.34936597,5873337.45947098,1371087534,2013-06-12 21:38:54
"1099",661341.352285406,5873328.78633397,1371089366,2013-06-12 22:09:26
"1100",661961.565562888,5873108.78387039,1371092978,2013-06-12 23:09:38
"1101",661913.554312135,5873097.18173186,1371094665,2013-06-12 23:37:45
"1102",661907.890155045,5873096.36773731,1371096105,2013-06-13 00:01:45
"1103",661886.093453417,5873100.31104599,1371097003,2013-06-13 00:16:43
"1104",661928.415605772,5873100.45393001,1371098793,2013-06-13 00:46:33
"1105",661910.954908482,5873100.54585595,1371099689,2013-06-13 01:01:29
"1106",662058.866954535,5873161.84961143,1371101498,2013-06-13 01:31:38
"1107",662069.501962296,5873220.39409578,1371105130,2013-06-13 02:32:10
"1108",662032.658474107,5873234.58566875,1371106028,2013-06-13 02:47:08
"1109",662019.112277278,5873239.96956906,1371107394.5,2013-06-13 03:09:54
"1110",662001.787001449,5873232.85639992,1371110858,2013-06-13 04:07:38
"1111",661995.473142181,5873225.39568317,1371112664,2013-06-13 04:37:44
"1112",661986.665342005,5873218.56363724,1371114456,2013-06-13 05:07:36
"1113",661994.116392027,5873223.98054364,1371116232,2013-06-13 05:37:12
"1114",661977.064007044,5873246.69915368,1371118046,2013-06-13 06:07:26
"1115",661973.825021896,5873241.51305956,1371119868,2013-06-13 06:37:48
"1116",661992.013289828,5873239.75349771,1371121652,2013-06-13 07:07:32
"1117",661993.88158138,5873229.26130587,1371123871.5,2013-06-13 07:44:31
"1118",661989.309594427,5873223.65178962,1371125286,2013-06-13 08:08:06
"1119",661982.269054174,5873234.19262952,1371127031,2013-06-13 08:37:11
"1120",661988.083745433,5873218.94538446,1371128822,2013-06-13 09:07:02
"1121",661994.771953452,5873229.85910179,1371130658,2013-06-13 09:37:38
"1122",661998.962246861,5873228.14072264,1371131557,2013-06-13 09:52:37
"1123",661990.308553275,5873232.90437805,1371132453,2013-06-13 10:07:33
"1124",661994.867311092,5873232.21715766,1371134693.5,2013-06-13 10:44:53
"1125",661990.295660157,5873240.87590817,1371136053,2013-06-13 11:07:33
"1126",661961.091269684,5873240.127118,1371137813,2013-06-13 11:36:53
"1127",661964.16565329,5873291.94809727,1371139653,2013-06-13 12:07:33
"1128",661959.808893315,5873100.58027064,1371141899.5,2013-06-13 12:44:59
"1129",661931.479126967,5873098.47490945,1371143251,2013-06-13 13:07:31
"1130",661999.946546918,5872955.4570123,1371145044,2013-06-13 13:37:24
"1131",661958.36009575,5872895.44843609,1371146809,2013-06-13 14:06:49
"1132",661937.160562895,5872899.69000404,1371148186,2013-06-13 14:29:46
"1133",661936.63931842,5872902.50050881,1371149539,2013-06-13 14:52:19
"1134",661920.90705057,5872912.22025957,1371150883.5,2013-06-13 15:14:43
"1135",661901.85019834,5872921.8894889,1371152680.5,2013-06-13 15:44:40
"1136",661617.267559458,5872808.0752881,1371157679,2013-06-13 17:07:59
"1137",661650.728434267,5872744.3654253,1371159475,2013-06-13 17:37:55
"1138",661651.746241696,5872741.67177192,1371161316,2013-06-13 18:08:36
"1139",661651.967304358,5872752.50141888,1371163105,2013-06-13 18:38:25
"1140",661651.134186124,5872761.90392671,1371164898,2013-06-13 19:08:18
"1141",661652.229834849,5872761.49535215,1371166708,2013-06-13 19:38:28
"1142",661649.973918775,5872755.83035771,1371168497,2013-06-13 20:08:17
"1143",661641.173987982,5872760.53408197,1371170302,2013-06-13 20:38:22
"1144",661647.424591475,5872757.30352687,1371172142,2013-06-13 21:09:02
"1145",661646.220032335,5872758.15380523,1371173936,2013-06-13 21:38:56
"1146",661630.604610675,5872764.49925022,1371175742,2013-06-13 22:09:02
"1147",661945.653193925,5873260.40611789,1371179372,2013-06-13 23:09:32
"1148",661985.008738569,5873231.65161533,1371180720,2013-06-13 23:32:00
"1149",661978.718261017,5873224.89315233,1371182512,2013-06-14 00:01:52
"1150",661991.911370838,5873234.59501322,1371183873,2013-06-14 00:24:33
"1151",661986.819491023,5873237.74719802,1371185234,2013-06-14 00:47:14
"1152",662013.142858244,5873227.66596943,1371187053.5,2013-06-14 01:17:33
